repeat_id,site_group,cancer_group,n_patients,n_controls,n_cases,cutoff,AUC,MCC,sensitivity_at_95_specificity,achieved_specificity
1,All sites,All cancers,219,106,113,0.7046144800915208,0.7814326264818835,0.34771456732245654,0.3185840707964602,0.9528301886792453
1,All sites,I,118,106,12,0.7046144800915208,0.6588050314465409,0.15289367615001245,0.16666666666666666,0.9528301886792453
1,All sites,II,125,106,19,0.7046144800915208,0.772591857000993,0.22689029276790804,0.21052631578947367,0.9528301886792453
1,All sites,III,149,106,43,0.7046144800915208,0.775340061430452,0.37820388442075265,0.32558139534883723,0.9528301886792453
1,All sites,IV,145,106,39,0.7046144800915208,0.830188679245283,0.4574830060732126,0.41025641025641024,0.9528301886792453
1,A,All cancers,109,31,78,0.7296711550573984,0.7688172043010753,0.27618217580461285,0.28205128205128205,0.967741935483871
1,A,I,38,31,7,0.7296711550573984,0.5760368663594471,0.1920061442949277,0.14285714285714285,0.967741935483871
1,A,II,45,31,14,0.7296711550573984,0.7419354838709677,0.29611492837012066,0.21428571428571427,0.967741935483871
1,A,III,60,31,29,0.7296711550573984,0.7597330367074527,0.30741944776622804,0.2413793103448276,0.967741935483871
1,A,IV,59,31,28,0.7296711550573984,0.8398617511520737,0.4473474055785985,0.39285714285714285,0.967741935483871
1,B,All cancers,110,75,35,0.6866528901854918,0.816,0.383325938999964,0.3142857142857143,0.96
1,B,I,80,75,5,0.6866528901854918,0.7813333333333333,0.1777046633277277,0.2,0.96
1,B,II,80,75,5,0.6866528901854918,0.8853333333333333,0.36,0.4,0.96
1,B,III,89,75,14,0.6866528901854918,0.8171428571428571,0.4037030969365859,0.35714285714285715,0.96
1,B,IV,86,75,11,0.6866528901854918,0.7987878787878787,0.30510802855858954,0.2727272727272727,0.96
2,All sites,All cancers,219,106,113,0.7334870221115778,0.7154783770245451,0.24360031211593422,0.21238938053097345,0.9528301886792453
2,All sites,I,118,106,12,0.7334870221115778,0.520440251572327,-0.07077558550156259,0.0,0.9528301886792453
2,All sites,II,125,106,19,0.7334870221115778,0.67974180734856,0.1624191396164275,0.15789473684210525,0.9528301886792453
2,All sites,III,149,106,43,0.7334870221115778,0.7005265467310224,0.22298488181819076,0.18604651162790697,0.9528301886792453
2,All sites,IV,145,106,39,0.7334870221115778,0.8093855829704886,0.3848233318511796,0.3333333333333333,0.9528301886792453
2,A,All cancers,109,31,78,0.7595336861530455,0.662944582299421,0.19280233682424427,0.1794871794871795,0.967741935483871
2,A,I,38,31,7,0.7595336861530455,0.43778801843317977,-0.07812091314506639,0.0,0.967741935483871
2,A,II,45,31,14,0.7595336861530455,0.576036866359447,0.08799435879854185,0.07142857142857142,0.967741935483871
2,A,III,60,31,29,0.7595336861530455,0.6551724137931034,0.23346307108777453,0.1724137931034483,0.967741935483871
2,A,IV,59,31,28,0.7595336861530455,0.7707373271889401,0.35201126454070086,0.2857142857142857,0.967741935483871
2,B,All cancers,110,75,35,0.7334870221115778,0.7329523809523809,0.25922962793631443,0.2,0.96
2,B,I,80,75,5,0.7334870221115778,0.5733333333333334,-0.050964719143762556,0.0,0.96
2,B,II,80,75,5,0.7334870221115778,0.8346666666666667,0.1777046633277277,0.2,0.96
2,B,III,89,75,14,0.7334870221115778,0.6914285714285714,0.1626314225229452,0.14285714285714285,0.96
2,B,IV,86,75,11,0.7334870221115778,0.8121212121212121,0.39529536440386526,0.36363636363636365,0.96
3,All sites,All cancers,219,106,113,0.6729638604218487,0.7834362998831191,0.29773960313393805,0.26548672566371684,0.9528301886792453
3,All sites,I,118,106,12,0.6729638604218487,0.6265723270440251,0.04975418761656999,0.08333333333333333,0.9528301886792453
3,All sites,II,125,106,19,0.6729638604218487,0.7676266137040715,0.22689029276790804,0.21052631578947367,0.9528301886792453
3,All sites,III,149,106,43,0.6729638604218487,0.7722685388328213,0.3053567641040861,0.2558139534883721,0.9528301886792453
3,All sites,IV,145,106,39,0.6729638604218487,0.851717464925012,0.40973740083913013,0.358974358974359,0.9528301886792453
3,A,All cancers,109,31,78,0.6937430252493374,0.7555831265508685,0.1812297086363729,0.16666666666666666,0.967741935483871
3,A,I,38,31,7,0.6937430252493374,0.511520737327189,-0.07812091314506639,0.0,0.967741935483871
3,A,II,45,31,14,0.6937430252493374,0.728110599078341,0.08799435879854185,0.07142857142857142,0.967741935483871
3,A,III,60,31,29,0.6937430252493374,0.7530589543937708,0.2718521998731957,0.20689655172413793,0.967741935483871
3,A,IV,59,31,28,0.6937430252493374,0.8329493087557605,0.2810907359253622,0.21428571428571427,0.967741935483871
3,B,All cancers,110,75,35,0.6729638604218487,0.8072380952380952,0.383325938999964,0.3142857142857143,0.96
3,B,I,80,75,5,0.6729638604218487,0.7493333333333333,0.1777046633277277,0.2,0.96
3,B,II,80,75,5,0.6729638604218487,0.8053333333333333,0.36,0.4,0.96
3,B,III,89,75,14,0.6729638604218487,0.7904761904761904,0.33232966534885366,0.2857142857142857,0.96
3,B,IV,86,75,11,0.6729638604218487,0.8557575757575758,0.39529536440386526,0.36363636363636365,0.96
4,All sites,All cancers,219,106,113,0.6695320312736905,0.7609784605109369,0.38726884081769714,0.36283185840707965,0.9528301886792453
4,All sites,I,118,106,12,0.6695320312736905,0.6367924528301886,0.15289367615001245,0.16666666666666666,0.9528301886792453
4,All sites,II,125,106,19,0.6695320312736905,0.6494538232373386,0.285831839109456,0.2631578947368421,0.9528301886792453
4,All sites,III,149,106,43,0.6695320312736905,0.7604212373848179,0.4231099767308262,0.37209302325581395,0.9528301886792453
4,All sites,IV,145,106,39,0.6695320312736905,0.8541364296081277,0.5029540312981388,0.46153846153846156,0.9528301886792453
4,A,All cancers,109,31,78,0.7428161853011056,0.7109181141439207,0.1436979115140987,0.1282051282051282,0.967741935483871
4,A,I,38,31,7,0.7428161853011056,0.5023041474654377,0.1920061442949277,0.14285714285714285,0.967741935483871
4,A,II,45,31,14,0.7428161853011056,0.5253456221198156,0.08799435879854185,0.07142857142857142,0.967741935483871
4,A,III,60,31,29,0.7428161853011056,0.7274749721913237,0.14261858358767368,0.10344827586206896,0.967741935483871
4,A,IV,59,31,28,0.7428161853011056,0.8387096774193548,0.24172985880614176,0.17857142857142858,0.967741935483871
4,B,All cancers,110,75,35,0.6632185497282675,0.779047619047619,0.4638752695010254,0.4,0.96
4,B,I,80,75,5,0.6632185497282675,0.7813333333333333,0.1777046633277277,0.2,0.96
4,B,II,80,75,5,0.6632185497282675,0.776,0.5146502354656654,0.6,0.96
4,B,III,89,75,14,0.6632185497282675,0.74,0.46924458035280087,0.42857142857142855,0.96
4,B,IV,86,75,11,0.6632185497282675,0.8290909090909091,0.39529536440386526,0.36363636363636365,0.96
5,All sites,All cancers,219,106,113,0.7314932227520836,0.7617298380363999,0.22423938760521758,0.19469026548672566,0.9528301886792453
5,All sites,I,118,106,12,0.7314932227520836,0.5927672955974843,0.04975418761656999,0.08333333333333333,0.9528301886792453
5,All sites,II,125,106,19,0.7314932227520836,0.7711022840119166,0.1624191396164275,0.15789473684210525,0.9528301886792453
5,All sites,III,149,106,43,0.7314932227520836,0.740895129442738,0.27917178268804926,0.23255813953488372,0.9528301886792453
5,All sites,IV,145,106,39,0.7314932227520836,0.8321238509917755,0.24517111568288272,0.20512820512820512,0.9528301886792453
5,A,All cancers,109,31,78,0.813478302392423,0.6939619520264682,0.12991231201349887,0.11538461538461539,0.967741935483871
5,A,I,38,31,7,0.813478302392423,0.4608294930875576,0.1920061442949277,0.14285714285714285,0.967741935483871
5,A,II,45,31,14,0.813478302392423,0.6774193548387096,-0.10131105378372257,0.0,0.967741935483871
5,A,III,60,31,29,0.813478302392423,0.67853170189099,0.23346307108777453,0.1724137931034483,0.967741935483871
5,A,IV,59,31,28,0.813478302392423,0.7764976958525346,0.148744923836035,0.10714285714285714,0.967741935483871
5,B,All cancers,110,75,35,0.6923377297095583,0.8422857142857143,0.35451736890852414,0.2857142857142857,0.96
5,B,I,80,75,5,0.6923377297095583,0.752,-0.050964719143762556,0.0,0.96
5,B,II,80,75,5,0.6923377297095583,0.912,0.36,0.4,0.96
5,B,III,89,75,14,0.6923377297095583,0.8152380952380952,0.33232966534885366,0.2857142857142857,0.96
5,B,IV,86,75,11,0.6923377297095583,0.886060606060606,0.39529536440386526,0.36363636363636365,0.96
