modality,feature,n_assayed,n_missing,missing_fraction
Methylation,CpG_R0001,300,6,0.02
Methylation,CpG_R0002,300,7,0.023333333333333334
Methylation,CpG_R0003,300,6,0.02
Methylation,CpG_R0004,300,6,0.02
Methylation,CpG_R0005,300,4,0.013333333333333334
Methylation,CpG_R0006,300,6,0.02
Methylation,CpG_R0007,300,7,0.023333333333333334
Methylation,CpG_R0008,300,8,0.02666666666666667
Methylation,CpG_R0009,300,7,0.023333333333333334
Methylation,CpG_R0010,300,8,0.02666666666666667
Methylation,CpG_R0011,300,8,0.02666666666666667
Methylation,CpG_R0012,300,6,0.02
Methylation,CpG_R0013,300,3,0.01
Methylation,CpG_R0014,300,9,0.03
Methylation,CpG_R0015,300,9,0.03
Methylation,CpG_R0016,300,5,0.016666666666666666
Methylation,CpG_R0017,300,9,0.03
Methylation,CpG_R0018,300,6,0.02
Methylation,CpG_R0019,300,5,0.016666666666666666
Methylation,CpG_R0020,300,4,0.013333333333333334
Methylation,CpG_R0021,300,7,0.023333333333333334
Methylation,CpG_R0022,300,6,0.02
Methylation,CpG_R0023,300,6,0.02
Methylation,CpG_R0024,300,10,0.03333333333333333
Methylation,CpG_R0025,300,5,0.016666666666666666
Methylation,CpG_R0026,300,5,0.016666666666666666
Methylation,CpG_R0027,300,8,0.02666666666666667
Methylation,CpG_R0028,300,5,0.016666666666666666
Methylation,CpG_R0029,300,5,0.016666666666666666
Methylation,CpG_R0030,300,6,0.02
Methylation,CpG_R0031,300,5,0.016666666666666666
Methylation,CpG_R0032,300,9,0.03
Methylation,CpG_R0033,300,2,0.006666666666666667
Methylation,CpG_R0034,300,8,0.02666666666666667
Methylation,CpG_R0035,300,2,0.006666666666666667
Methylation,CpG_R0036,300,9,0.03
Methylation,CpG_R0037,300,7,0.023333333333333334
Methylation,CpG_R0038,300,7,0.023333333333333334
Methylation,CpG_R0039,300,8,0.02666666666666667
Methylation,CpG_R0040,300,11,0.03666666666666667
Methylation,CpG_R0041,300,4,0.013333333333333334
Methylation,CpG_R0042,300,6,0.02
Methylation,CpG_R0043,300,9,0.03
Methylation,CpG_R0044,300,8,0.02666666666666667
Methylation,CpG_R0045,300,4,0.013333333333333334
Methylation,CpG_R0046,300,5,0.016666666666666666
Methylation,CpG_R0047,300,7,0.023333333333333334
Methylation,CpG_R0048,300,3,0.01
Methylation,CpG_R0049,300,1,0.0033333333333333335
Methylation,CpG_R0050,300,9,0.03
Methylation,CpG_R0051,300,4,0.013333333333333334
Methylation,CpG_R0052,300,4,0.013333333333333334
Methylation,CpG_R0053,300,10,0.03333333333333333
Methylation,CpG_R0054,300,3,0.01
Methylation,CpG_R0055,300,2,0.006666666666666667
Methylation,CpG_R0056,300,9,0.03
Methylation,CpG_R0057,300,7,0.023333333333333334
Methylation,CpG_R0058,300,10,0.03333333333333333
Methylation,CpG_R0059,300,4,0.013333333333333334
Methylation,CpG_R0060,300,7,0.023333333333333334
Methylation,CpG_R0061,300,4,0.013333333333333334
Methylation,CpG_R0062,300,3,0.01
Methylation,CpG_R0063,300,9,0.03
Methylation,CpG_R0064,300,4,0.013333333333333334
Methylation,CpG_R0065,300,1,0.0033333333333333335
Methylation,CpG_R0066,300,9,0.03
Methylation,CpG_R0067,300,5,0.016666666666666666
Methylation,CpG_R0068,300,6,0.02
Methylation,CpG_R0069,300,7,0.023333333333333334
Methylation,CpG_R0070,300,5,0.016666666666666666
Methylation,CpG_R0071,300,7,0.023333333333333334
Methylation,CpG_R0072,300,6,0.02
Methylation,CpG_R0073,300,10,0.03333333333333333
Methylation,CpG_R0074,300,3,0.01
Methylation,CpG_R0075,300,7,0.023333333333333334
Methylation,CpG_R0076,300,8,0.02666666666666667
Methylation,CpG_R0077,300,4,0.013333333333333334
Methylation,CpG_R0078,300,7,0.023333333333333334
Methylation,CpG_R0079,300,2,0.006666666666666667
Methylation,CpG_R0080,300,6,0.02
Methylation,CpG_R0081,300,4,0.013333333333333334
Methylation,CpG_R0082,300,4,0.013333333333333334
Methylation,CpG_R0083,300,4,0.013333333333333334
Methylation,CpG_R0084,300,4,0.013333333333333334
Methylation,CpG_R0085,300,10,0.03333333333333333
Methylation,CpG_R0086,300,3,0.01
Methylation,CpG_R0087,300,7,0.023333333333333334
Methylation,CpG_R0088,300,6,0.02
Methylation,CpG_R0089,300,9,0.03
Methylation,CpG_R0090,300,8,0.02666666666666667
Methylation,CpG_R0091,300,9,0.03
Methylation,CpG_R0092,300,7,0.023333333333333334
Methylation,CpG_R0093,300,5,0.016666666666666666
Methylation,CpG_R0094,300,4,0.013333333333333334
Methylation,CpG_R0095,300,4,0.013333333333333334
Methylation,CpG_R0096,300,4,0.013333333333333334
Methylation,CpG_R0097,300,8,0.02666666666666667
Methylation,CpG_R0098,300,7,0.023333333333333334
Methylation,CpG_R0099,300,4,0.013333333333333334
Methylation,CpG_R0100,300,6,0.02
Methylation,CpG_R0101,300,3,0.01
Methylation,CpG_R0102,300,4,0.013333333333333334
Methylation,CpG_R0103,300,4,0.013333333333333334
Methylation,CpG_R0104,300,3,0.01
Methylation,CpG_R0105,300,6,0.02
Methylation,CpG_R0106,300,3,0.01
Methylation,CpG_R0107,300,5,0.016666666666666666
Methylation,CpG_R0108,300,12,0.04
Methylation,CpG_R0109,300,8,0.02666666666666667
Methylation,CpG_R0110,300,2,0.006666666666666667
Methylation,CpG_R0111,300,5,0.016666666666666666
Methylation,CpG_R0112,300,8,0.02666666666666667
Methylation,CpG_R0113,300,9,0.03
Methylation,CpG_R0114,300,7,0.023333333333333334
Methylation,CpG_R0115,300,8,0.02666666666666667
Methylation,CpG_R0116,300,6,0.02
Methylation,CpG_R0117,300,6,0.02
Methylation,CpG_R0118,300,7,0.023333333333333334
Methylation,CpG_R0119,300,3,0.01
Methylation,CpG_R0120,300,4,0.013333333333333334
Methylation,CpG_R0121,300,7,0.023333333333333334
Methylation,CpG_R0122,300,2,0.006666666666666667
Methylation,CpG_R0123,300,6,0.02
Methylation,CpG_R0124,300,4,0.013333333333333334
Methylation,CpG_R0125,300,5,0.016666666666666666
Methylation,CpG_R0126,300,5,0.016666666666666666
Methylation,CpG_R0127,300,7,0.023333333333333334
Methylation,CpG_R0128,300,8,0.02666666666666667
Methylation,CpG_R0129,300,5,0.016666666666666666
Methylation,CpG_R0130,300,7,0.023333333333333334
Methylation,CpG_R0131,300,4,0.013333333333333334
Methylation,CpG_R0132,300,9,0.03
Methylation,CpG_R0133,300,6,0.02
Methylation,CpG_R0134,300,8,0.02666666666666667
Methylation,CpG_R0135,300,8,0.02666666666666667
Methylation,CpG_R0136,300,4,0.013333333333333334
Methylation,CpG_R0137,300,6,0.02
Methylation,CpG_R0138,300,9,0.03
Methylation,CpG_R0139,300,9,0.03
Methylation,CpG_R0140,300,6,0.02
Methylation,CpG_R0141,300,4,0.013333333333333334
Methylation,CpG_R0142,300,9,0.03
Methylation,CpG_R0143,300,5,0.016666666666666666
Methylation,CpG_R0144,300,4,0.013333333333333334
Methylation,CpG_R0145,300,1,0.0033333333333333335
Methylation,CpG_R0146,300,6,0.02
Methylation,CpG_R0147,300,6,0.02
Methylation,CpG_R0148,300,5,0.016666666666666666
Methylation,CpG_R0149,300,4,0.013333333333333334
Methylation,CpG_R0150,300,7,0.023333333333333334
Methylation,CpG_R0151,300,7,0.023333333333333334
Methylation,CpG_R0152,300,4,0.013333333333333334
Methylation,CpG_R0153,300,4,0.013333333333333334
Methylation,CpG_R0154,300,13,0.043333333333333335
Methylation,CpG_R0155,300,8,0.02666666666666667
Methylation,CpG_R0156,300,5,0.016666666666666666
Methylation,CpG_R0157,300,6,0.02
Methylation,CpG_R0158,300,7,0.023333333333333334
Methylation,CpG_R0159,300,10,0.03333333333333333
Methylation,CpG_R0160,300,6,0.02
Methylation,CpG_R0161,300,6,0.02
Methylation,CpG_R0162,300,7,0.023333333333333334
Methylation,CpG_R0163,300,5,0.016666666666666666
Methylation,CpG_R0164,300,8,0.02666666666666667
Methylation,CpG_R0165,300,6,0.02
Methylation,CpG_R0166,300,9,0.03
Methylation,CpG_R0167,300,5,0.016666666666666666
Methylation,CpG_R0168,300,3,0.01
Methylation,CpG_R0169,300,6,0.02
Methylation,CpG_R0170,300,6,0.02
Methylation,CpG_R0171,300,7,0.023333333333333334
Methylation,CpG_R0172,300,3,0.01
Methylation,CpG_R0173,300,7,0.023333333333333334
Methylation,CpG_R0174,300,4,0.013333333333333334
Methylation,CpG_R0175,300,6,0.02
Methylation,CpG_R0176,300,4,0.013333333333333334
Methylation,CpG_R0177,300,6,0.02
Methylation,CpG_R0178,300,8,0.02666666666666667
Methylation,CpG_R0179,300,4,0.013333333333333334
Methylation,CpG_R0180,300,5,0.016666666666666666
Methylation,CpG_R0181,300,8,0.02666666666666667
Methylation,CpG_R0182,300,8,0.02666666666666667
Methylation,CpG_R0183,300,6,0.02
Methylation,CpG_R0184,300,9,0.03
Methylation,CpG_R0185,300,5,0.016666666666666666
Methylation,CpG_R0186,300,8,0.02666666666666667
Methylation,CpG_R0187,300,3,0.01
Methylation,CpG_R0188,300,4,0.013333333333333334
Methylation,CpG_R0189,300,3,0.01
Methylation,CpG_R0190,300,8,0.02666666666666667
Methylation,CpG_R0191,300,6,0.02
Methylation,CpG_R0192,300,4,0.013333333333333334
Methylation,CpG_R0193,300,3,0.01
Methylation,CpG_R0194,300,5,0.016666666666666666
Methylation,CpG_R0195,300,2,0.006666666666666667
Methylation,CpG_R0196,300,1,0.0033333333333333335
Methylation,CpG_R0197,300,4,0.013333333333333334
Methylation,CpG_R0198,300,6,0.02
Methylation,CpG_R0199,300,4,0.013333333333333334
Methylation,CpG_R0200,300,8,0.02666666666666667
Methylation,CpG_R0201,300,3,0.01
Methylation,CpG_R0202,300,8,0.02666666666666667
Methylation,CpG_R0203,300,10,0.03333333333333333
Methylation,CpG_R0204,300,7,0.023333333333333334
Methylation,CpG_R0205,300,6,0.02
Methylation,CpG_R0206,300,6,0.02
Methylation,CpG_R0207,300,5,0.016666666666666666
Methylation,CpG_R0208,300,7,0.023333333333333334
Methylation,CpG_R0209,300,3,0.01
Methylation,CpG_R0210,300,4,0.013333333333333334
Methylation,CpG_R0211,300,3,0.01
Methylation,CpG_R0212,300,3,0.01
Methylation,CpG_R0213,300,6,0.02
Methylation,CpG_R0214,300,8,0.02666666666666667
Methylation,CpG_R0215,300,5,0.016666666666666666
Methylation,CpG_R0216,300,6,0.02
Methylation,CpG_R0217,300,5,0.016666666666666666
Methylation,CpG_R0218,300,3,0.01
Methylation,CpG_R0219,300,5,0.016666666666666666
Methylation,CpG_R0220,300,6,0.02
Methylation,CpG_R0221,300,4,0.013333333333333334
Methylation,CpG_R0222,300,8,0.02666666666666667
Methylation,CpG_R0223,300,4,0.013333333333333334
Methylation,CpG_R0224,300,5,0.016666666666666666
Methylation,CpG_R0225,300,4,0.013333333333333334
Methylation,CpG_R0226,300,7,0.023333333333333334
Methylation,CpG_R0227,300,2,0.006666666666666667
Methylation,CpG_R0228,300,8,0.02666666666666667
Methylation,CpG_R0229,300,6,0.02
Methylation,CpG_R0230,300,8,0.02666666666666667
Methylation,CpG_R0231,300,8,0.02666666666666667
Methylation,CpG_R0232,300,5,0.016666666666666666
Methylation,CpG_R0233,300,4,0.013333333333333334
Methylation,CpG_R0234,300,3,0.01
Methylation,CpG_R0235,300,5,0.016666666666666666
Methylation,CpG_R0236,300,6,0.02
Methylation,CpG_R0237,300,3,0.01
Methylation,CpG_R0238,300,8,0.02666666666666667
Methylation,CpG_R0239,300,8,0.02666666666666667
Methylation,CpG_R0240,300,6,0.02
Methylation,CpG_R0241,300,3,0.01
Methylation,CpG_R0242,300,5,0.016666666666666666
Methylation,CpG_R0243,300,7,0.023333333333333334
Methylation,CpG_R0244,300,4,0.013333333333333334
Methylation,CpG_R0245,300,8,0.02666666666666667
Methylation,CpG_R0246,300,5,0.016666666666666666
Methylation,CpG_R0247,300,4,0.013333333333333334
Methylation,CpG_R0248,300,7,0.023333333333333334
Methylation,CpG_R0249,300,3,0.01
Methylation,CpG_R0250,300,6,0.02
Methylation,CpG_R0251,300,11,0.03666666666666667
Methylation,CpG_R0252,300,9,0.03
Methylation,CpG_R0253,300,3,0.01
Methylation,CpG_R0254,300,3,0.01
Methylation,CpG_R0255,300,7,0.023333333333333334
Methylation,CpG_R0256,300,3,0.01
Methylation,CpG_R0257,300,10,0.03333333333333333
Methylation,CpG_R0258,300,11,0.03666666666666667
Methylation,CpG_R0259,300,13,0.043333333333333335
Methylation,CpG_R0260,300,5,0.016666666666666666
Methylation,CpG_R0261,300,4,0.013333333333333334
Methylation,CpG_R0262,300,3,0.01
Methylation,CpG_R0263,300,2,0.006666666666666667
Methylation,CpG_R0264,300,2,0.006666666666666667
Methylation,CpG_R0265,300,6,0.02
Methylation,CpG_R0266,300,5,0.016666666666666666
Methylation,CpG_R0267,300,5,0.016666666666666666
Methylation,CpG_R0268,300,7,0.023333333333333334
Methylation,CpG_R0269,300,9,0.03
Methylation,CpG_R0270,300,6,0.02
Methylation,CpG_R0271,300,10,0.03333333333333333
Methylation,CpG_R0272,300,3,0.01
Methylation,CpG_R0273,300,4,0.013333333333333334
Methylation,CpG_R0274,300,11,0.03666666666666667
Methylation,CpG_R0275,300,3,0.01
Methylation,CpG_R0276,300,5,0.016666666666666666
Methylation,CpG_R0277,300,7,0.023333333333333334
Methylation,CpG_R0278,300,3,0.01
Methylation,CpG_R0279,300,1,0.0033333333333333335
Methylation,CpG_R0280,300,5,0.016666666666666666
Methylation,CpG_R0281,300,5,0.016666666666666666
Methylation,CpG_R0282,300,5,0.016666666666666666
Methylation,CpG_R0283,300,7,0.023333333333333334
Methylation,CpG_R0284,300,6,0.02
Methylation,CpG_R0285,300,4,0.013333333333333334
Methylation,CpG_R0286,300,4,0.013333333333333334
Methylation,CpG_R0287,300,4,0.013333333333333334
Methylation,CpG_R0288,300,5,0.016666666666666666
Methylation,CpG_R0289,300,6,0.02
Methylation,CpG_R0290,300,5,0.016666666666666666
Methylation,CpG_R0291,300,7,0.023333333333333334
Methylation,CpG_R0292,300,4,0.013333333333333334
Methylation,CpG_R0293,300,5,0.016666666666666666
Methylation,CpG_R0294,300,6,0.02
Methylation,CpG_R0295,300,6,0.02
Methylation,CpG_R0296,300,7,0.023333333333333334
Methylation,CpG_R0297,300,7,0.023333333333333334
Methylation,CpG_R0298,300,8,0.02666666666666667
Methylation,CpG_R0299,300,7,0.023333333333333334
Methylation,CpG_R0300,300,8,0.02666666666666667
Methylation,CpG_R0301,300,5,0.016666666666666666
Methylation,CpG_R0302,300,4,0.013333333333333334
Methylation,CpG_R0303,300,4,0.013333333333333334
Methylation,CpG_R0304,300,15,0.05
Methylation,CpG_R0305,300,7,0.023333333333333334
Methylation,CpG_R0306,300,10,0.03333333333333333
Methylation,CpG_R0307,300,3,0.01
Methylation,CpG_R0308,300,4,0.013333333333333334
Methylation,CpG_R0309,300,5,0.016666666666666666
Methylation,CpG_R0310,300,5,0.016666666666666666
Methylation,CpG_R0311,300,2,0.006666666666666667
Methylation,CpG_R0312,300,6,0.02
Methylation,CpG_R0313,300,7,0.023333333333333334
Methylation,CpG_R0314,300,11,0.03666666666666667
Methylation,CpG_R0315,300,5,0.016666666666666666
Methylation,CpG_R0316,300,8,0.02666666666666667
Methylation,CpG_R0317,300,4,0.013333333333333334
Methylation,CpG_R0318,300,8,0.02666666666666667
Methylation,CpG_R0319,300,10,0.03333333333333333
Methylation,CpG_R0320,300,8,0.02666666666666667
Methylation,CpG_R0321,300,4,0.013333333333333334
Methylation,CpG_R0322,300,3,0.01
Methylation,CpG_R0323,300,2,0.006666666666666667
Methylation,CpG_R0324,300,1,0.0033333333333333335
Methylation,CpG_R0325,300,6,0.02
Methylation,CpG_R0326,300,7,0.023333333333333334
Methylation,CpG_R0327,300,7,0.023333333333333334
Methylation,CpG_R0328,300,5,0.016666666666666666
Methylation,CpG_R0329,300,7,0.023333333333333334
Methylation,CpG_R0330,300,7,0.023333333333333334
Methylation,CpG_R0331,300,6,0.02
Methylation,CpG_R0332,300,4,0.013333333333333334
Methylation,CpG_R0333,300,7,0.023333333333333334
Methylation,CpG_R0334,300,6,0.02
Methylation,CpG_R0335,300,1,0.0033333333333333335
Methylation,CpG_R0336,300,8,0.02666666666666667
Methylation,CpG_R0337,300,9,0.03
Methylation,CpG_R0338,300,10,0.03333333333333333
Methylation,CpG_R0339,300,8,0.02666666666666667
Methylation,CpG_R0340,300,6,0.02
Methylation,CpG_R0341,300,9,0.03
Methylation,CpG_R0342,300,6,0.02
Methylation,CpG_R0343,300,7,0.023333333333333334
Methylation,CpG_R0344,300,7,0.023333333333333334
Methylation,CpG_R0345,300,6,0.02
Methylation,CpG_R0346,300,5,0.016666666666666666
Methylation,CpG_R0347,300,3,0.01
Methylation,CpG_R0348,300,5,0.016666666666666666
Methylation,CpG_R0349,300,8,0.02666666666666667
Methylation,CpG_R0350,300,7,0.023333333333333334
Methylation,CpG_R0351,300,4,0.013333333333333334
Methylation,CpG_R0352,300,7,0.023333333333333334
Methylation,CpG_R0353,300,6,0.02
Methylation,CpG_R0354,300,9,0.03
Methylation,CpG_R0355,300,7,0.023333333333333334
Methylation,CpG_R0356,300,9,0.03
Methylation,CpG_R0357,300,6,0.02
Methylation,CpG_R0358,300,6,0.02
Methylation,CpG_R0359,300,6,0.02
Methylation,CpG_R0360,300,5,0.016666666666666666
Methylation,CpG_R0361,300,6,0.02
Methylation,CpG_R0362,300,6,0.02
Methylation,CpG_R0363,300,3,0.01
Methylation,CpG_R0364,300,4,0.013333333333333334
Methylation,CpG_R0365,300,9,0.03
Methylation,CpG_R0366,300,7,0.023333333333333334
Methylation,CpG_R0367,300,5,0.016666666666666666
Methylation,CpG_R0368,300,6,0.02
Methylation,CpG_R0369,300,7,0.023333333333333334
Methylation,CpG_R0370,300,5,0.016666666666666666
Methylation,CpG_R0371,300,4,0.013333333333333334
Methylation,CpG_R0372,300,6,0.02
Methylation,CpG_R0373,300,6,0.02
Methylation,CpG_R0374,300,5,0.016666666666666666
Methylation,CpG_R0375,300,10,0.03333333333333333
Methylation,CpG_R0376,300,7,0.023333333333333334
Methylation,CpG_R0377,300,3,0.01
Methylation,CpG_R0378,300,8,0.02666666666666667
Methylation,CpG_R0379,300,11,0.03666666666666667
Methylation,CpG_R0380,300,13,0.043333333333333335
Methylation,CpG_R0381,300,8,0.02666666666666667
Methylation,CpG_R0382,300,2,0.006666666666666667
Methylation,CpG_R0383,300,6,0.02
Methylation,CpG_R0384,300,7,0.023333333333333334
Methylation,CpG_R0385,300,3,0.01
Methylation,CpG_R0386,300,8,0.02666666666666667
Methylation,CpG_R0387,300,1,0.0033333333333333335
Methylation,CpG_R0388,300,4,0.013333333333333334
Methylation,CpG_R0389,300,6,0.02
Methylation,CpG_R0390,300,3,0.01
Methylation,CpG_R0391,300,9,0.03
Methylation,CpG_R0392,300,8,0.02666666666666667
Methylation,CpG_R0393,300,2,0.006666666666666667
Methylation,CpG_R0394,300,10,0.03333333333333333
Methylation,CpG_R0395,300,9,0.03
Methylation,CpG_R0396,300,7,0.023333333333333334
Methylation,CpG_R0397,300,3,0.01
Methylation,CpG_R0398,300,2,0.006666666666666667
Methylation,CpG_R0399,300,3,0.01
Methylation,CpG_R0400,300,10,0.03333333333333333
Methylation,CpG_R0401,300,5,0.016666666666666666
Methylation,CpG_R0402,300,3,0.01
Methylation,CpG_R0403,300,8,0.02666666666666667
Methylation,CpG_R0404,300,4,0.013333333333333334
Methylation,CpG_R0405,300,5,0.016666666666666666
Methylation,CpG_R0406,300,5,0.016666666666666666
Methylation,CpG_R0407,300,7,0.023333333333333334
Methylation,CpG_R0408,300,3,0.01
Methylation,CpG_R0409,300,8,0.02666666666666667
Methylation,CpG_R0410,300,12,0.04
Methylation,CpG_R0411,300,2,0.006666666666666667
Methylation,CpG_R0412,300,6,0.02
Methylation,CpG_R0413,300,10,0.03333333333333333
Methylation,CpG_R0414,300,5,0.016666666666666666
Methylation,CpG_R0415,300,6,0.02
Methylation,CpG_R0416,300,7,0.023333333333333334
Methylation,CpG_R0417,300,4,0.013333333333333334
Methylation,CpG_R0418,300,5,0.016666666666666666
Methylation,CpG_R0419,300,8,0.02666666666666667
Methylation,CpG_R0420,300,8,0.02666666666666667
Methylation,CpG_R0421,300,3,0.01
Methylation,CpG_R0422,300,10,0.03333333333333333
Methylation,CpG_R0423,300,5,0.016666666666666666
Methylation,CpG_R0424,300,10,0.03333333333333333
Methylation,CpG_R0425,300,10,0.03333333333333333
Methylation,CpG_R0426,300,5,0.016666666666666666
Methylation,CpG_R0427,300,10,0.03333333333333333
Methylation,CpG_R0428,300,4,0.013333333333333334
Methylation,CpG_R0429,300,4,0.013333333333333334
Methylation,CpG_R0430,300,7,0.023333333333333334
Methylation,CpG_R0431,300,6,0.02
Methylation,CpG_R0432,300,8,0.02666666666666667
Methylation,CpG_R0433,300,9,0.03
Methylation,CpG_R0434,300,6,0.02
Methylation,CpG_R0435,300,4,0.013333333333333334
Methylation,CpG_R0436,300,4,0.013333333333333334
Methylation,CpG_R0437,300,2,0.006666666666666667
Methylation,CpG_R0438,300,5,0.016666666666666666
Methylation,CpG_R0439,300,6,0.02
Methylation,CpG_R0440,300,7,0.023333333333333334
Methylation,CpG_R0441,300,5,0.016666666666666666
Methylation,CpG_R0442,300,2,0.006666666666666667
Methylation,CpG_R0443,300,6,0.02
Methylation,CpG_R0444,300,8,0.02666666666666667
Methylation,CpG_R0445,300,6,0.02
Methylation,CpG_R0446,300,5,0.016666666666666666
Methylation,CpG_R0447,300,7,0.023333333333333334
Methylation,CpG_R0448,300,8,0.02666666666666667
Methylation,CpG_R0449,300,7,0.023333333333333334
Methylation,CpG_R0450,300,8,0.02666666666666667
Methylation,CpG_R0451,300,2,0.006666666666666667
Methylation,CpG_R0452,300,8,0.02666666666666667
Methylation,CpG_R0453,300,9,0.03
Methylation,CpG_R0454,300,4,0.013333333333333334
Methylation,CpG_R0455,300,8,0.02666666666666667
Methylation,CpG_R0456,300,4,0.013333333333333334
Methylation,CpG_R0457,300,6,0.02
Methylation,CpG_R0458,300,7,0.023333333333333334
Methylation,CpG_R0459,300,11,0.03666666666666667
Methylation,CpG_R0460,300,6,0.02
Methylation,CpG_R0461,300,3,0.01
Methylation,CpG_R0462,300,5,0.016666666666666666
Methylation,CpG_R0463,300,9,0.03
Methylation,CpG_R0464,300,6,0.02
Methylation,CpG_R0465,300,3,0.01
Methylation,CpG_R0466,300,3,0.01
Methylation,CpG_R0467,300,8,0.02666666666666667
Methylation,CpG_R0468,300,8,0.02666666666666667
Methylation,CpG_R0469,300,3,0.01
Methylation,CpG_R0470,300,6,0.02
Methylation,CpG_R0471,300,7,0.023333333333333334
Methylation,CpG_R0472,300,3,0.01
Methylation,CpG_R0473,300,4,0.013333333333333334
Methylation,CpG_R0474,300,5,0.016666666666666666
Methylation,CpG_R0475,300,6,0.02
Methylation,CpG_R0476,300,5,0.016666666666666666
Methylation,CpG_R0477,300,12,0.04
Methylation,CpG_R0478,300,7,0.023333333333333334
Methylation,CpG_R0479,300,5,0.016666666666666666
Methylation,CpG_R0480,300,4,0.013333333333333334
Methylation,CpG_R0481,300,0,0.0
Methylation,CpG_R0482,300,6,0.02
Methylation,CpG_R0483,300,5,0.016666666666666666
Methylation,CpG_R0484,300,6,0.02
Methylation,CpG_R0485,300,4,0.013333333333333334
Methylation,CpG_R0486,300,4,0.013333333333333334
Methylation,CpG_R0487,300,11,0.03666666666666667
Methylation,CpG_R0488,300,4,0.013333333333333334
Methylation,CpG_R0489,300,5,0.016666666666666666
Methylation,CpG_R0490,300,7,0.023333333333333334
Methylation,CpG_R0491,300,5,0.016666666666666666
Methylation,CpG_R0492,300,7,0.023333333333333334
Methylation,CpG_R0493,300,4,0.013333333333333334
Methylation,CpG_R0494,300,2,0.006666666666666667
Methylation,CpG_R0495,300,4,0.013333333333333334
Methylation,CpG_R0496,300,3,0.01
Methylation,CpG_R0497,300,6,0.02
Methylation,CpG_R0498,300,8,0.02666666666666667
Methylation,CpG_R0499,300,12,0.04
Methylation,CpG_R0500,300,7,0.023333333333333334
Methylation,CpG_R0501,300,5,0.016666666666666666
Methylation,CpG_R0502,300,6,0.02
Methylation,CpG_R0503,300,4,0.013333333333333334
Methylation,CpG_R0504,300,8,0.02666666666666667
Methylation,CpG_R0505,300,4,0.013333333333333334
Methylation,CpG_R0506,300,10,0.03333333333333333
Methylation,CpG_R0507,300,7,0.023333333333333334
Methylation,CpG_R0508,300,5,0.016666666666666666
Methylation,CpG_R0509,300,6,0.02
Methylation,CpG_R0510,300,8,0.02666666666666667
Methylation,CpG_R0511,300,9,0.03
Methylation,CpG_R0512,300,4,0.013333333333333334
Methylation,CpG_R0513,300,4,0.013333333333333334
Methylation,CpG_R0514,300,6,0.02
Methylation,CpG_R0515,300,4,0.013333333333333334
Methylation,CpG_R0516,300,6,0.02
Methylation,CpG_R0517,300,9,0.03
Methylation,CpG_R0518,300,8,0.02666666666666667
Methylation,CpG_R0519,300,8,0.02666666666666667
Methylation,CpG_R0520,300,5,0.016666666666666666
Methylation,CpG_R0521,300,11,0.03666666666666667
Methylation,CpG_R0522,300,6,0.02
Methylation,CpG_R0523,300,10,0.03333333333333333
Methylation,CpG_R0524,300,10,0.03333333333333333
Methylation,CpG_R0525,300,2,0.006666666666666667
Methylation,CpG_R0526,300,6,0.02
Methylation,CpG_R0527,300,9,0.03
Methylation,CpG_R0528,300,8,0.02666666666666667
Methylation,CpG_R0529,300,7,0.023333333333333334
Methylation,CpG_R0530,300,6,0.02
Methylation,CpG_R0531,300,9,0.03
Methylation,CpG_R0532,300,9,0.03
Methylation,CpG_R0533,300,4,0.013333333333333334
Methylation,CpG_R0534,300,8,0.02666666666666667
Methylation,CpG_R0535,300,6,0.02
Methylation,CpG_R0536,300,7,0.023333333333333334
Methylation,CpG_R0537,300,5,0.016666666666666666
Methylation,CpG_R0538,300,7,0.023333333333333334
Methylation,CpG_R0539,300,5,0.016666666666666666
Methylation,CpG_R0540,300,5,0.016666666666666666
Methylation,CpG_R0541,300,7,0.023333333333333334
Methylation,CpG_R0542,300,9,0.03
Methylation,CpG_R0543,300,3,0.01
Methylation,CpG_R0544,300,8,0.02666666666666667
Methylation,CpG_R0545,300,7,0.023333333333333334
Methylation,CpG_R0546,300,8,0.02666666666666667
Methylation,CpG_R0547,300,4,0.013333333333333334
Methylation,CpG_R0548,300,4,0.013333333333333334
Methylation,CpG_R0549,300,9,0.03
Methylation,CpG_R0550,300,5,0.016666666666666666
Methylation,CpG_R0551,300,4,0.013333333333333334
Methylation,CpG_R0552,300,6,0.02
Methylation,CpG_R0553,300,8,0.02666666666666667
Methylation,CpG_R0554,300,11,0.03666666666666667
Methylation,CpG_R0555,300,3,0.01
Methylation,CpG_R0556,300,9,0.03
Methylation,CpG_R0557,300,9,0.03
Methylation,CpG_R0558,300,7,0.023333333333333334
Methylation,CpG_R0559,300,9,0.03
Methylation,CpG_R0560,300,3,0.01
Methylation,CpG_R0561,300,4,0.013333333333333334
Methylation,CpG_R0562,300,4,0.013333333333333334
Methylation,CpG_R0563,300,4,0.013333333333333334
Methylation,CpG_R0564,300,3,0.01
Methylation,CpG_R0565,300,5,0.016666666666666666
Methylation,CpG_R0566,300,6,0.02
Methylation,CpG_R0567,300,4,0.013333333333333334
Methylation,CpG_R0568,300,5,0.016666666666666666
Methylation,CpG_R0569,300,9,0.03
Methylation,CpG_R0570,300,7,0.023333333333333334
Methylation,CpG_R0571,300,6,0.02
Methylation,CpG_R0572,300,9,0.03
Methylation,CpG_R0573,300,5,0.016666666666666666
Methylation,CpG_R0574,300,5,0.016666666666666666
Methylation,CpG_R0575,300,3,0.01
Methylation,CpG_R0576,300,9,0.03
Methylation,CpG_R0577,300,12,0.04
Methylation,CpG_R0578,300,7,0.023333333333333334
Methylation,CpG_R0579,300,7,0.023333333333333334
Methylation,CpG_R0580,300,7,0.023333333333333334
Methylation,CpG_R0581,300,5,0.016666666666666666
Methylation,CpG_R0582,300,6,0.02
Methylation,CpG_R0583,300,4,0.013333333333333334
Methylation,CpG_R0584,300,6,0.02
Methylation,CpG_R0585,300,6,0.02
Methylation,CpG_R0586,300,5,0.016666666666666666
Methylation,CpG_R0587,300,4,0.013333333333333334
Methylation,CpG_R0588,300,5,0.016666666666666666
Methylation,CpG_R0589,300,3,0.01
Methylation,CpG_R0590,300,2,0.006666666666666667
Methylation,CpG_R0591,300,1,0.0033333333333333335
Methylation,CpG_R0592,300,7,0.023333333333333334
Methylation,CpG_R0593,300,8,0.02666666666666667
Methylation,CpG_R0594,300,5,0.016666666666666666
Methylation,CpG_R0595,300,5,0.016666666666666666
Methylation,CpG_R0596,300,6,0.02
Methylation,CpG_R0597,300,11,0.03666666666666667
Methylation,CpG_R0598,300,6,0.02
Methylation,CpG_R0599,300,5,0.016666666666666666
Methylation,CpG_R0600,300,3,0.01
Methylation,CpG_R0601,300,5,0.016666666666666666
Methylation,CpG_R0602,300,10,0.03333333333333333
Methylation,CpG_R0603,300,6,0.02
Methylation,CpG_R0604,300,11,0.03666666666666667
Methylation,CpG_R0605,300,3,0.01
Methylation,CpG_R0606,300,7,0.023333333333333334
Methylation,CpG_R0607,300,4,0.013333333333333334
Methylation,CpG_R0608,300,10,0.03333333333333333
Methylation,CpG_R0609,300,6,0.02
Methylation,CpG_R0610,300,8,0.02666666666666667
Methylation,CpG_R0611,300,5,0.016666666666666666
Methylation,CpG_R0612,300,8,0.02666666666666667
Methylation,CpG_R0613,300,7,0.023333333333333334
Methylation,CpG_R0614,300,6,0.02
Methylation,CpG_R0615,300,6,0.02
Methylation,CpG_R0616,300,4,0.013333333333333334
Methylation,CpG_R0617,300,5,0.016666666666666666
Methylation,CpG_R0618,300,4,0.013333333333333334
Methylation,CpG_R0619,300,4,0.013333333333333334
Methylation,CpG_R0620,300,4,0.013333333333333334
Methylation,CpG_R0621,300,11,0.03666666666666667
Methylation,CpG_R0622,300,7,0.023333333333333334
Methylation,CpG_R0623,300,7,0.023333333333333334
Methylation,CpG_R0624,300,4,0.013333333333333334
Methylation,CpG_R0625,300,6,0.02
Methylation,CpG_R0626,300,6,0.02
Methylation,CpG_R0627,300,7,0.023333333333333334
Methylation,CpG_R0628,300,2,0.006666666666666667
Methylation,CpG_R0629,300,8,0.02666666666666667
Methylation,CpG_R0630,300,2,0.006666666666666667
Methylation,CpG_R0631,300,8,0.02666666666666667
Methylation,CpG_R0632,300,8,0.02666666666666667
Methylation,CpG_R0633,300,5,0.016666666666666666
Methylation,CpG_R0634,300,12,0.04
Methylation,CpG_R0635,300,7,0.023333333333333334
Methylation,CpG_R0636,300,4,0.013333333333333334
Methylation,CpG_R0637,300,3,0.01
Methylation,CpG_R0638,300,8,0.02666666666666667
Methylation,CpG_R0639,300,6,0.02
Methylation,CpG_R0640,300,4,0.013333333333333334
Methylation,CpG_R0641,300,8,0.02666666666666667
Methylation,CpG_R0642,300,8,0.02666666666666667
Methylation,CpG_R0643,300,4,0.013333333333333334
Methylation,CpG_R0644,300,8,0.02666666666666667
Methylation,CpG_R0645,300,8,0.02666666666666667
Methylation,CpG_R0646,300,5,0.016666666666666666
Methylation,CpG_R0647,300,7,0.023333333333333334
Methylation,CpG_R0648,300,10,0.03333333333333333
Methylation,CpG_R0649,300,9,0.03
Methylation,CpG_R0650,300,7,0.023333333333333334
Methylation,CpG_R0651,300,4,0.013333333333333334
Methylation,CpG_R0652,300,8,0.02666666666666667
Methylation,CpG_R0653,300,10,0.03333333333333333
Methylation,CpG_R0654,300,5,0.016666666666666666
Methylation,CpG_R0655,300,2,0.006666666666666667
Methylation,CpG_R0656,300,7,0.023333333333333334
Methylation,CpG_R0657,300,4,0.013333333333333334
Methylation,CpG_R0658,300,6,0.02
Methylation,CpG_R0659,300,2,0.006666666666666667
Methylation,CpG_R0660,300,4,0.013333333333333334
Methylation,CpG_R0661,300,6,0.02
Methylation,CpG_R0662,300,4,0.013333333333333334
Methylation,CpG_R0663,300,8,0.02666666666666667
Methylation,CpG_R0664,300,6,0.02
Methylation,CpG_R0665,300,7,0.023333333333333334
Methylation,CpG_R0666,300,4,0.013333333333333334
Methylation,CpG_R0667,300,10,0.03333333333333333
Methylation,CpG_R0668,300,8,0.02666666666666667
Methylation,CpG_R0669,300,9,0.03
Methylation,CpG_R0670,300,6,0.02
Methylation,CpG_R0671,300,4,0.013333333333333334
Methylation,CpG_R0672,300,5,0.016666666666666666
Methylation,CpG_R0673,300,6,0.02
Methylation,CpG_R0674,300,4,0.013333333333333334
Methylation,CpG_R0675,300,7,0.023333333333333334
Methylation,CpG_R0676,300,9,0.03
Methylation,CpG_R0677,300,6,0.02
Methylation,CpG_R0678,300,5,0.016666666666666666
Methylation,CpG_R0679,300,3,0.01
Methylation,CpG_R0680,300,5,0.016666666666666666
Methylation,CpG_R0681,300,5,0.016666666666666666
Methylation,CpG_R0682,300,10,0.03333333333333333
Methylation,CpG_R0683,300,5,0.016666666666666666
Methylation,CpG_R0684,300,9,0.03
Methylation,CpG_R0685,300,6,0.02
Methylation,CpG_R0686,300,4,0.013333333333333334
Methylation,CpG_R0687,300,7,0.023333333333333334
Methylation,CpG_R0688,300,4,0.013333333333333334
Methylation,CpG_R0689,300,4,0.013333333333333334
Methylation,CpG_R0690,300,4,0.013333333333333334
Methylation,CpG_R0691,300,3,0.01
Methylation,CpG_R0692,300,6,0.02
Methylation,CpG_R0693,300,6,0.02
Methylation,CpG_R0694,300,7,0.023333333333333334
Methylation,CpG_R0695,300,7,0.023333333333333334
Methylation,CpG_R0696,300,7,0.023333333333333334
Methylation,CpG_R0697,300,6,0.02
Methylation,CpG_R0698,300,7,0.023333333333333334
Methylation,CpG_R0699,300,6,0.02
Methylation,CpG_R0700,300,8,0.02666666666666667
Methylation,CpG_R0701,300,5,0.016666666666666666
Methylation,CpG_R0702,300,8,0.02666666666666667
Methylation,CpG_R0703,300,10,0.03333333333333333
Methylation,CpG_R0704,300,6,0.02
Methylation,CpG_R0705,300,5,0.016666666666666666
Methylation,CpG_R0706,300,6,0.02
Methylation,CpG_R0707,300,3,0.01
Methylation,CpG_R0708,300,6,0.02
Methylation,CpG_R0709,300,6,0.02
Methylation,CpG_R0710,300,3,0.01
Methylation,CpG_R0711,300,6,0.02
Methylation,CpG_R0712,300,5,0.016666666666666666
Methylation,CpG_R0713,300,6,0.02
Methylation,CpG_R0714,300,6,0.02
Methylation,CpG_R0715,300,3,0.01
Methylation,CpG_R0716,300,8,0.02666666666666667
Methylation,CpG_R0717,300,7,0.023333333333333334
Methylation,CpG_R0718,300,3,0.01
Methylation,CpG_R0719,300,11,0.03666666666666667
Methylation,CpG_R0720,300,7,0.023333333333333334
Methylation,CpG_R0721,300,7,0.023333333333333334
Methylation,CpG_R0722,300,4,0.013333333333333334
Methylation,CpG_R0723,300,6,0.02
Methylation,CpG_R0724,300,6,0.02
Methylation,CpG_R0725,300,7,0.023333333333333334
Methylation,CpG_R0726,300,3,0.01
Methylation,CpG_R0727,300,8,0.02666666666666667
Methylation,CpG_R0728,300,6,0.02
Methylation,CpG_R0729,300,10,0.03333333333333333
Methylation,CpG_R0730,300,4,0.013333333333333334
Methylation,CpG_R0731,300,6,0.02
Methylation,CpG_R0732,300,5,0.016666666666666666
Methylation,CpG_R0733,300,6,0.02
Methylation,CpG_R0734,300,7,0.023333333333333334
Methylation,CpG_R0735,300,5,0.016666666666666666
Methylation,CpG_R0736,300,5,0.016666666666666666
Methylation,CpG_R0737,300,4,0.013333333333333334
Methylation,CpG_R0738,300,5,0.016666666666666666
Methylation,CpG_R0739,300,4,0.013333333333333334
Methylation,CpG_R0740,300,10,0.03333333333333333
Methylation,CpG_R0741,300,4,0.013333333333333334
Methylation,CpG_R0742,300,7,0.023333333333333334
Methylation,CpG_R0743,300,3,0.01
Methylation,CpG_R0744,300,9,0.03
Methylation,CpG_R0745,300,1,0.0033333333333333335
Methylation,CpG_R0746,300,5,0.016666666666666666
Methylation,CpG_R0747,300,3,0.01
Methylation,CpG_R0748,300,7,0.023333333333333334
Methylation,CpG_R0749,300,5,0.016666666666666666
Methylation,CpG_R0750,300,7,0.023333333333333334
Methylation,CpG_R0751,300,5,0.016666666666666666
Methylation,CpG_R0752,300,3,0.01
Methylation,CpG_R0753,300,10,0.03333333333333333
Methylation,CpG_R0754,300,9,0.03
Methylation,CpG_R0755,300,2,0.006666666666666667
Methylation,CpG_R0756,300,11,0.03666666666666667
Methylation,CpG_R0757,300,8,0.02666666666666667
Methylation,CpG_R0758,300,4,0.013333333333333334
Methylation,CpG_R0759,300,4,0.013333333333333334
Methylation,CpG_R0760,300,7,0.023333333333333334
Methylation,CpG_R0761,300,6,0.02
Methylation,CpG_R0762,300,9,0.03
Methylation,CpG_R0763,300,6,0.02
Methylation,CpG_R0764,300,9,0.03
Methylation,CpG_R0765,300,8,0.02666666666666667
Methylation,CpG_R0766,300,13,0.043333333333333335
Methylation,CpG_R0767,300,5,0.016666666666666666
Methylation,CpG_R0768,300,5,0.016666666666666666
Methylation,CpG_R0769,300,9,0.03
Methylation,CpG_R0770,300,7,0.023333333333333334
Methylation,CpG_R0771,300,3,0.01
Methylation,CpG_R0772,300,3,0.01
Methylation,CpG_R0773,300,8,0.02666666666666667
Methylation,CpG_R0774,300,8,0.02666666666666667
Methylation,CpG_R0775,300,5,0.016666666666666666
Methylation,CpG_R0776,300,7,0.023333333333333334
Methylation,CpG_R0777,300,5,0.016666666666666666
Methylation,CpG_R0778,300,6,0.02
Methylation,CpG_R0779,300,12,0.04
Methylation,CpG_R0780,300,3,0.01
Methylation,CpG_R0781,300,8,0.02666666666666667
Methylation,CpG_R0782,300,7,0.023333333333333334
Methylation,CpG_R0783,300,8,0.02666666666666667
Methylation,CpG_R0784,300,5,0.016666666666666666
Methylation,CpG_R0785,300,5,0.016666666666666666
Methylation,CpG_R0786,300,6,0.02
Methylation,CpG_R0787,300,3,0.01
Methylation,CpG_R0788,300,4,0.013333333333333334
Methylation,CpG_R0789,300,5,0.016666666666666666
Methylation,CpG_R0790,300,7,0.023333333333333334
Methylation,CpG_R0791,300,10,0.03333333333333333
Methylation,CpG_R0792,300,3,0.01
Methylation,CpG_R0793,300,1,0.0033333333333333335
Methylation,CpG_R0794,300,5,0.016666666666666666
Methylation,CpG_R0795,300,2,0.006666666666666667
Methylation,CpG_R0796,300,7,0.023333333333333334
Methylation,CpG_R0797,300,2,0.006666666666666667
Methylation,CpG_R0798,300,6,0.02
Methylation,CpG_R0799,300,6,0.02
Methylation,CpG_R0800,300,4,0.013333333333333334
Methylation,CpG_R0801,300,5,0.016666666666666666
Methylation,CpG_R0802,300,8,0.02666666666666667
Methylation,CpG_R0803,300,8,0.02666666666666667
Methylation,CpG_R0804,300,8,0.02666666666666667
Methylation,CpG_R0805,300,8,0.02666666666666667
Methylation,CpG_R0806,300,5,0.016666666666666666
Methylation,CpG_R0807,300,6,0.02
Methylation,CpG_R0808,300,4,0.013333333333333334
Methylation,CpG_R0809,300,6,0.02
Methylation,CpG_R0810,300,7,0.023333333333333334
Methylation,CpG_R0811,300,7,0.023333333333333334
Methylation,CpG_R0812,300,3,0.01
Methylation,CpG_R0813,300,6,0.02
Methylation,CpG_R0814,300,4,0.013333333333333334
Methylation,CpG_R0815,300,7,0.023333333333333334
Methylation,CpG_R0816,300,7,0.023333333333333334
Methylation,CpG_R0817,300,4,0.013333333333333334
Methylation,CpG_R0818,300,5,0.016666666666666666
Methylation,CpG_R0819,300,11,0.03666666666666667
Methylation,CpG_R0820,300,7,0.023333333333333334
Methylation,CpG_R0821,300,8,0.02666666666666667
Methylation,CpG_R0822,300,4,0.013333333333333334
Methylation,CpG_R0823,300,5,0.016666666666666666
Methylation,CpG_R0824,300,5,0.016666666666666666
Methylation,CpG_R0825,300,5,0.016666666666666666
Methylation,CpG_R0826,300,5,0.016666666666666666
Methylation,CpG_R0827,300,5,0.016666666666666666
Methylation,CpG_R0828,300,7,0.023333333333333334
Methylation,CpG_R0829,300,3,0.01
Methylation,CpG_R0830,300,6,0.02
Methylation,CpG_R0831,300,7,0.023333333333333334
Methylation,CpG_R0832,300,6,0.02
Methylation,CpG_R0833,300,3,0.01
Methylation,CpG_R0834,300,8,0.02666666666666667
Methylation,CpG_R0835,300,10,0.03333333333333333
Methylation,CpG_R0836,300,6,0.02
Methylation,CpG_R0837,300,7,0.023333333333333334
Methylation,CpG_R0838,300,3,0.01
Methylation,CpG_R0839,300,4,0.013333333333333334
Methylation,CpG_R0840,300,7,0.023333333333333334
Methylation,CpG_R0841,300,9,0.03
Methylation,CpG_R0842,300,6,0.02
Methylation,CpG_R0843,300,5,0.016666666666666666
Methylation,CpG_R0844,300,11,0.03666666666666667
Methylation,CpG_R0845,300,5,0.016666666666666666
Methylation,CpG_R0846,300,6,0.02
Methylation,CpG_R0847,300,9,0.03
Methylation,CpG_R0848,300,2,0.006666666666666667
Methylation,CpG_R0849,300,8,0.02666666666666667
Methylation,CpG_R0850,300,4,0.013333333333333334
Methylation,CpG_R0851,300,5,0.016666666666666666
Methylation,CpG_R0852,300,5,0.016666666666666666
Methylation,CpG_R0853,300,6,0.02
Methylation,CpG_R0854,300,8,0.02666666666666667
Methylation,CpG_R0855,300,7,0.023333333333333334
Methylation,CpG_R0856,300,6,0.02
Methylation,CpG_R0857,300,6,0.02
Methylation,CpG_R0858,300,5,0.016666666666666666
Methylation,CpG_R0859,300,8,0.02666666666666667
Methylation,CpG_R0860,300,0,0.0
Methylation,CpG_R0861,300,5,0.016666666666666666
Methylation,CpG_R0862,300,3,0.01
Methylation,CpG_R0863,300,6,0.02
Methylation,CpG_R0864,300,12,0.04
Methylation,CpG_R0865,300,9,0.03
Methylation,CpG_R0866,300,1,0.0033333333333333335
Methylation,CpG_R0867,300,8,0.02666666666666667
Methylation,CpG_R0868,300,7,0.023333333333333334
Methylation,CpG_R0869,300,7,0.023333333333333334
Methylation,CpG_R0870,300,4,0.013333333333333334
Methylation,CpG_R0871,300,6,0.02
Methylation,CpG_R0872,300,1,0.0033333333333333335
Methylation,CpG_R0873,300,5,0.016666666666666666
Methylation,CpG_R0874,300,7,0.023333333333333334
Methylation,CpG_R0875,300,8,0.02666666666666667
Methylation,CpG_R0876,300,8,0.02666666666666667
Methylation,CpG_R0877,300,4,0.013333333333333334
Methylation,CpG_R0878,300,6,0.02
Methylation,CpG_R0879,300,7,0.023333333333333334
Methylation,CpG_R0880,300,5,0.016666666666666666
Methylation,CpG_R0881,300,6,0.02
Methylation,CpG_R0882,300,8,0.02666666666666667
Methylation,CpG_R0883,300,11,0.03666666666666667
Methylation,CpG_R0884,300,5,0.016666666666666666
Methylation,CpG_R0885,300,10,0.03333333333333333
Methylation,CpG_R0886,300,6,0.02
Methylation,CpG_R0887,300,2,0.006666666666666667
Methylation,CpG_R0888,300,14,0.04666666666666667
Methylation,CpG_R0889,300,4,0.013333333333333334
Methylation,CpG_R0890,300,5,0.016666666666666666
Methylation,CpG_R0891,300,8,0.02666666666666667
Methylation,CpG_R0892,300,7,0.023333333333333334
Methylation,CpG_R0893,300,8,0.02666666666666667
Methylation,CpG_R0894,300,7,0.023333333333333334
Methylation,CpG_R0895,300,8,0.02666666666666667
Methylation,CpG_R0896,300,7,0.023333333333333334
Methylation,CpG_R0897,300,4,0.013333333333333334
Methylation,CpG_R0898,300,1,0.0033333333333333335
Methylation,CpG_R0899,300,5,0.016666666666666666
Methylation,CpG_R0900,300,7,0.023333333333333334
Methylation,CpG_R0901,300,7,0.023333333333333334
Methylation,CpG_R0902,300,9,0.03
Methylation,CpG_R0903,300,15,0.05
Methylation,CpG_R0904,300,5,0.016666666666666666
Methylation,CpG_R0905,300,4,0.013333333333333334
Methylation,CpG_R0906,300,6,0.02
Methylation,CpG_R0907,300,5,0.016666666666666666
Methylation,CpG_R0908,300,7,0.023333333333333334
Methylation,CpG_R0909,300,7,0.023333333333333334
Methylation,CpG_R0910,300,4,0.013333333333333334
Methylation,CpG_R0911,300,2,0.006666666666666667
Methylation,CpG_R0912,300,5,0.016666666666666666
Methylation,CpG_R0913,300,7,0.023333333333333334
Methylation,CpG_R0914,300,6,0.02
Methylation,CpG_R0915,300,12,0.04
Methylation,CpG_R0916,300,9,0.03
Methylation,CpG_R0917,300,10,0.03333333333333333
Methylation,CpG_R0918,300,8,0.02666666666666667
Methylation,CpG_R0919,300,5,0.016666666666666666
Methylation,CpG_R0920,300,5,0.016666666666666666
Methylation,CpG_R0921,300,12,0.04
Methylation,CpG_R0922,300,6,0.02
Methylation,CpG_R0923,300,6,0.02
Methylation,CpG_R0924,300,3,0.01
Methylation,CpG_R0925,300,6,0.02
Methylation,CpG_R0926,300,7,0.023333333333333334
Methylation,CpG_R0927,300,7,0.023333333333333334
Methylation,CpG_R0928,300,6,0.02
Methylation,CpG_R0929,300,4,0.013333333333333334
Methylation,CpG_R0930,300,6,0.02
Methylation,CpG_R0931,300,5,0.016666666666666666
Methylation,CpG_R0932,300,5,0.016666666666666666
Methylation,CpG_R0933,300,4,0.013333333333333334
Methylation,CpG_R0934,300,4,0.013333333333333334
Methylation,CpG_R0935,300,6,0.02
Methylation,CpG_R0936,300,4,0.013333333333333334
Methylation,CpG_R0937,300,8,0.02666666666666667
Methylation,CpG_R0938,300,3,0.01
Methylation,CpG_R0939,300,5,0.016666666666666666
Methylation,CpG_R0940,300,5,0.016666666666666666
Methylation,CpG_R0941,300,8,0.02666666666666667
Methylation,CpG_R0942,300,9,0.03
Methylation,CpG_R0943,300,13,0.043333333333333335
Methylation,CpG_R0944,300,6,0.02
Methylation,CpG_R0945,300,4,0.013333333333333334
Methylation,CpG_R0946,300,5,0.016666666666666666
Methylation,CpG_R0947,300,6,0.02
Methylation,CpG_R0948,300,12,0.04
Methylation,CpG_R0949,300,4,0.013333333333333334
Methylation,CpG_R0950,300,6,0.02
Methylation,CpG_R0951,300,10,0.03333333333333333
Methylation,CpG_R0952,300,7,0.023333333333333334
Methylation,CpG_R0953,300,11,0.03666666666666667
Methylation,CpG_R0954,300,3,0.01
Methylation,CpG_R0955,300,2,0.006666666666666667
Methylation,CpG_R0956,300,7,0.023333333333333334
Methylation,CpG_R0957,300,8,0.02666666666666667
Methylation,CpG_R0958,300,5,0.016666666666666666
Methylation,CpG_R0959,300,8,0.02666666666666667
Methylation,CpG_R0960,300,6,0.02
Methylation,CpG_R0961,300,7,0.023333333333333334
Methylation,CpG_R0962,300,4,0.013333333333333334
Methylation,CpG_R0963,300,7,0.023333333333333334
Methylation,CpG_R0964,300,6,0.02
Methylation,CpG_R0965,300,7,0.023333333333333334
Methylation,CpG_R0966,300,8,0.02666666666666667
Methylation,CpG_R0967,300,7,0.023333333333333334
Methylation,CpG_R0968,300,10,0.03333333333333333
Methylation,CpG_R0969,300,8,0.02666666666666667
Methylation,CpG_R0970,300,10,0.03333333333333333
Methylation,CpG_R0971,300,8,0.02666666666666667
Methylation,CpG_R0972,300,7,0.023333333333333334
Methylation,CpG_R0973,300,4,0.013333333333333334
Methylation,CpG_R0974,300,12,0.04
Methylation,CpG_R0975,300,3,0.01
Methylation,CpG_R0976,300,9,0.03
Methylation,CpG_R0977,300,6,0.02
Methylation,CpG_R0978,300,2,0.006666666666666667
Methylation,CpG_R0979,300,4,0.013333333333333334
Methylation,CpG_R0980,300,3,0.01
Methylation,CpG_R0981,300,4,0.013333333333333334
Methylation,CpG_R0982,300,9,0.03
Methylation,CpG_R0983,300,5,0.016666666666666666
Methylation,CpG_R0984,300,9,0.03
Methylation,CpG_R0985,300,8,0.02666666666666667
Methylation,CpG_R0986,300,6,0.02
Methylation,CpG_R0987,300,7,0.023333333333333334
Methylation,CpG_R0988,300,4,0.013333333333333334
Methylation,CpG_R0989,300,5,0.016666666666666666
Methylation,CpG_R0990,300,6,0.02
Methylation,CpG_R0991,300,5,0.016666666666666666
Methylation,CpG_R0992,300,9,0.03
Methylation,CpG_R0993,300,5,0.016666666666666666
Methylation,CpG_R0994,300,6,0.02
Methylation,CpG_R0995,300,6,0.02
Methylation,CpG_R0996,300,5,0.016666666666666666
Methylation,CpG_R0997,300,6,0.02
Methylation,CpG_R0998,300,1,0.0033333333333333335
Methylation,CpG_R0999,300,6,0.02
Methylation,CpG_R1000,300,7,0.023333333333333334
Methylation,CpG_R1001,300,5,0.016666666666666666
Methylation,CpG_R1002,300,4,0.013333333333333334
Methylation,CpG_R1003,300,5,0.016666666666666666
Methylation,CpG_R1004,300,3,0.01
Methylation,CpG_R1005,300,4,0.013333333333333334
Methylation,CpG_R1006,300,2,0.006666666666666667
Methylation,CpG_R1007,300,7,0.023333333333333334
Methylation,CpG_R1008,300,7,0.023333333333333334
Methylation,CpG_R1009,300,6,0.02
Methylation,CpG_R1010,300,12,0.04
Methylation,CpG_R1011,300,7,0.023333333333333334
Methylation,CpG_R1012,300,4,0.013333333333333334
Methylation,CpG_R1013,300,5,0.016666666666666666
Methylation,CpG_R1014,300,2,0.006666666666666667
Methylation,CpG_R1015,300,5,0.016666666666666666
Methylation,CpG_R1016,300,5,0.016666666666666666
Methylation,CpG_R1017,300,5,0.016666666666666666
Methylation,CpG_R1018,300,8,0.02666666666666667
Methylation,CpG_R1019,300,6,0.02
Methylation,CpG_R1020,300,4,0.013333333333333334
Methylation,CpG_R1021,300,6,0.02
Methylation,CpG_R1022,300,4,0.013333333333333334
Methylation,CpG_R1023,300,10,0.03333333333333333
Methylation,CpG_R1024,300,9,0.03
Methylation,CpG_R1025,300,2,0.006666666666666667
Methylation,CpG_R1026,300,5,0.016666666666666666
Methylation,CpG_R1027,300,6,0.02
Methylation,CpG_R1028,300,12,0.04
Methylation,CpG_R1029,300,3,0.01
Methylation,CpG_R1030,300,2,0.006666666666666667
Methylation,CpG_R1031,300,5,0.016666666666666666
Methylation,CpG_R1032,300,6,0.02
Methylation,CpG_R1033,300,7,0.023333333333333334
Methylation,CpG_R1034,300,6,0.02
Methylation,CpG_R1035,300,7,0.023333333333333334
Methylation,CpG_R1036,300,4,0.013333333333333334
Methylation,CpG_R1037,300,5,0.016666666666666666
Methylation,CpG_R1038,300,6,0.02
Methylation,CpG_R1039,300,6,0.02
Methylation,CpG_R1040,300,8,0.02666666666666667
Methylation,CpG_R1041,300,6,0.02
Methylation,CpG_R1042,300,9,0.03
Methylation,CpG_R1043,300,5,0.016666666666666666
Methylation,CpG_R1044,300,7,0.023333333333333334
Methylation,CpG_R1045,300,1,0.0033333333333333335
Methylation,CpG_R1046,300,5,0.016666666666666666
Methylation,CpG_R1047,300,5,0.016666666666666666
Methylation,CpG_R1048,300,3,0.01
Methylation,CpG_R1049,300,5,0.016666666666666666
Methylation,CpG_R1050,300,6,0.02
Methylation,CpG_R1051,300,3,0.01
Methylation,CpG_R1052,300,4,0.013333333333333334
Methylation,CpG_R1053,300,8,0.02666666666666667
Methylation,CpG_R1054,300,4,0.013333333333333334
Methylation,CpG_R1055,300,5,0.016666666666666666
Methylation,CpG_R1056,300,11,0.03666666666666667
Methylation,CpG_R1057,300,6,0.02
Methylation,CpG_R1058,300,9,0.03
Methylation,CpG_R1059,300,4,0.013333333333333334
Methylation,CpG_R1060,300,4,0.013333333333333334
Methylation,CpG_R1061,300,5,0.016666666666666666
Methylation,CpG_R1062,300,2,0.006666666666666667
Methylation,CpG_R1063,300,9,0.03
Methylation,CpG_R1064,300,6,0.02
Methylation,CpG_R1065,300,8,0.02666666666666667
Methylation,CpG_R1066,300,6,0.02
Methylation,CpG_R1067,300,7,0.023333333333333334
Methylation,CpG_R1068,300,5,0.016666666666666666
Methylation,CpG_R1069,300,8,0.02666666666666667
Methylation,CpG_R1070,300,8,0.02666666666666667
Methylation,CpG_R1071,300,5,0.016666666666666666
Methylation,CpG_R1072,300,2,0.006666666666666667
Methylation,CpG_R1073,300,1,0.0033333333333333335
Methylation,CpG_R1074,300,7,0.023333333333333334
Methylation,CpG_R1075,300,9,0.03
Methylation,CpG_R1076,300,8,0.02666666666666667
Methylation,CpG_R1077,300,6,0.02
Methylation,CpG_R1078,300,7,0.023333333333333334
Methylation,CpG_R1079,300,7,0.023333333333333334
Methylation,CpG_R1080,300,7,0.023333333333333334
Methylation,CpG_R1081,300,8,0.02666666666666667
Methylation,CpG_R1082,300,2,0.006666666666666667
Methylation,CpG_R1083,300,11,0.03666666666666667
Methylation,CpG_R1084,300,6,0.02
Methylation,CpG_R1085,300,6,0.02
Methylation,CpG_R1086,300,12,0.04
Methylation,CpG_R1087,300,5,0.016666666666666666
Methylation,CpG_R1088,300,8,0.02666666666666667
Methylation,CpG_R1089,300,9,0.03
Methylation,CpG_R1090,300,0,0.0
Methylation,CpG_R1091,300,13,0.043333333333333335
Methylation,CpG_R1092,300,9,0.03
Methylation,CpG_R1093,300,8,0.02666666666666667
Methylation,CpG_R1094,300,6,0.02
Methylation,CpG_R1095,300,5,0.016666666666666666
Methylation,CpG_R1096,300,6,0.02
Methylation,CpG_R1097,300,10,0.03333333333333333
Methylation,CpG_R1098,300,6,0.02
Methylation,CpG_R1099,300,9,0.03
Methylation,CpG_R1100,300,4,0.013333333333333334
Methylation,CpG_R1101,300,6,0.02
Methylation,CpG_R1102,300,6,0.02
Methylation,CpG_R1103,300,9,0.03
Methylation,CpG_R1104,300,3,0.01
Methylation,CpG_R1105,300,6,0.02
Methylation,CpG_R1106,300,4,0.013333333333333334
Methylation,CpG_R1107,300,1,0.0033333333333333335
Methylation,CpG_R1108,300,3,0.01
Methylation,CpG_R1109,300,7,0.023333333333333334
Methylation,CpG_R1110,300,7,0.023333333333333334
Methylation,CpG_R1111,300,4,0.013333333333333334
Methylation,CpG_R1112,300,3,0.01
Methylation,CpG_R1113,300,9,0.03
Methylation,CpG_R1114,300,13,0.043333333333333335
Methylation,CpG_R1115,300,7,0.023333333333333334
Methylation,CpG_R1116,300,7,0.023333333333333334
Methylation,CpG_R1117,300,9,0.03
Methylation,CpG_R1118,300,8,0.02666666666666667
Methylation,CpG_R1119,300,6,0.02
Methylation,CpG_R1120,300,6,0.02
Methylation,CpG_R1121,300,4,0.013333333333333334
Methylation,CpG_R1122,300,0,0.0
Methylation,CpG_R1123,300,4,0.013333333333333334
Methylation,CpG_R1124,300,7,0.023333333333333334
Methylation,CpG_R1125,300,1,0.0033333333333333335
Methylation,CpG_R1126,300,7,0.023333333333333334
Methylation,CpG_R1127,300,10,0.03333333333333333
Methylation,CpG_R1128,300,3,0.01
Methylation,CpG_R1129,300,4,0.013333333333333334
Methylation,CpG_R1130,300,6,0.02
Methylation,CpG_R1131,300,3,0.01
Methylation,CpG_R1132,300,10,0.03333333333333333
Methylation,CpG_R1133,300,6,0.02
Methylation,CpG_R1134,300,7,0.023333333333333334
Methylation,CpG_R1135,300,4,0.013333333333333334
Methylation,CpG_R1136,300,6,0.02
Methylation,CpG_R1137,300,4,0.013333333333333334
Methylation,CpG_R1138,300,6,0.02
Methylation,CpG_R1139,300,5,0.016666666666666666
Methylation,CpG_R1140,300,7,0.023333333333333334
Methylation,CpG_R1141,300,8,0.02666666666666667
Methylation,CpG_R1142,300,9,0.03
Methylation,CpG_R1143,300,9,0.03
Methylation,CpG_R1144,300,3,0.01
Methylation,CpG_R1145,300,2,0.006666666666666667
Methylation,CpG_R1146,300,5,0.016666666666666666
Methylation,CpG_R1147,300,5,0.016666666666666666
Methylation,CpG_R1148,300,6,0.02
Methylation,CpG_R1149,300,5,0.016666666666666666
Methylation,CpG_R1150,300,6,0.02
Methylation,CpG_R1151,300,7,0.023333333333333334
Methylation,CpG_R1152,300,3,0.01
Methylation,CpG_R1153,300,4,0.013333333333333334
Methylation,CpG_R1154,300,4,0.013333333333333334
Methylation,CpG_R1155,300,4,0.013333333333333334
Methylation,CpG_R1156,300,4,0.013333333333333334
Methylation,CpG_R1157,300,2,0.006666666666666667
Methylation,CpG_R1158,300,9,0.03
Methylation,CpG_R1159,300,12,0.04
Methylation,CpG_R1160,300,9,0.03
Methylation,CpG_R1161,300,5,0.016666666666666666
Methylation,CpG_R1162,300,9,0.03
Methylation,CpG_R1163,300,3,0.01
Methylation,CpG_R1164,300,4,0.013333333333333334
Methylation,CpG_R1165,300,9,0.03
Methylation,CpG_R1166,300,7,0.023333333333333334
Methylation,CpG_R1167,300,5,0.016666666666666666
Methylation,CpG_R1168,300,1,0.0033333333333333335
Methylation,CpG_R1169,300,8,0.02666666666666667
Methylation,CpG_R1170,300,5,0.016666666666666666
Methylation,CpG_R1171,300,5,0.016666666666666666
Methylation,CpG_R1172,300,4,0.013333333333333334
Methylation,CpG_R1173,300,7,0.023333333333333334
Methylation,CpG_R1174,300,8,0.02666666666666667
Methylation,CpG_R1175,300,0,0.0
Methylation,CpG_R1176,300,8,0.02666666666666667
Methylation,CpG_R1177,300,5,0.016666666666666666
Methylation,CpG_R1178,300,3,0.01
Methylation,CpG_R1179,300,6,0.02
Methylation,CpG_R1180,300,4,0.013333333333333334
Methylation,CpG_R1181,300,11,0.03666666666666667
Methylation,CpG_R1182,300,7,0.023333333333333334
Methylation,CpG_R1183,300,3,0.01
Methylation,CpG_R1184,300,5,0.016666666666666666
Methylation,CpG_R1185,300,11,0.03666666666666667
Methylation,CpG_R1186,300,8,0.02666666666666667
Methylation,CpG_R1187,300,4,0.013333333333333334
Methylation,CpG_R1188,300,4,0.013333333333333334
Methylation,CpG_R1189,300,3,0.01
Methylation,CpG_R1190,300,5,0.016666666666666666
Methylation,CpG_R1191,300,5,0.016666666666666666
Methylation,CpG_R1192,300,3,0.01
Methylation,CpG_R1193,300,7,0.023333333333333334
Methylation,CpG_R1194,300,9,0.03
Methylation,CpG_R1195,300,7,0.023333333333333334
Methylation,CpG_R1196,300,4,0.013333333333333334
Methylation,CpG_R1197,300,1,0.0033333333333333335
Methylation,CpG_R1198,300,8,0.02666666666666667
Methylation,CpG_R1199,300,9,0.03
Methylation,CpG_R1200,300,2,0.006666666666666667
Methylation,CpG_R1201,300,8,0.02666666666666667
Methylation,CpG_R1202,300,4,0.013333333333333334
Methylation,CpG_R1203,300,9,0.03
Methylation,CpG_R1204,300,5,0.016666666666666666
Methylation,CpG_R1205,300,6,0.02
Methylation,CpG_R1206,300,5,0.016666666666666666
Methylation,CpG_R1207,300,4,0.013333333333333334
Methylation,CpG_R1208,300,4,0.013333333333333334
Methylation,CpG_R1209,300,4,0.013333333333333334
Methylation,CpG_R1210,300,6,0.02
Methylation,CpG_R1211,300,5,0.016666666666666666
Methylation,CpG_R1212,300,9,0.03
Methylation,CpG_R1213,300,9,0.03
Methylation,CpG_R1214,300,13,0.043333333333333335
Methylation,CpG_R1215,300,5,0.016666666666666666
Methylation,CpG_R1216,300,5,0.016666666666666666
Methylation,CpG_R1217,300,1,0.0033333333333333335
Methylation,CpG_R1218,300,3,0.01
Methylation,CpG_R1219,300,7,0.023333333333333334
Methylation,CpG_R1220,300,7,0.023333333333333334
Methylation,CpG_R1221,300,7,0.023333333333333334
Methylation,CpG_R1222,300,8,0.02666666666666667
Methylation,CpG_R1223,300,5,0.016666666666666666
Methylation,CpG_R1224,300,6,0.02
Methylation,CpG_R1225,300,4,0.013333333333333334
Methylation,CpG_R1226,300,5,0.016666666666666666
Methylation,CpG_R1227,300,3,0.01
Methylation,CpG_R1228,300,6,0.02
Methylation,CpG_R1229,300,7,0.023333333333333334
Methylation,CpG_R1230,300,4,0.013333333333333334
Methylation,CpG_R1231,300,6,0.02
Methylation,CpG_R1232,300,6,0.02
Methylation,CpG_R1233,300,3,0.01
Methylation,CpG_R1234,300,4,0.013333333333333334
Methylation,CpG_R1235,300,6,0.02
Methylation,CpG_R1236,300,8,0.02666666666666667
Methylation,CpG_R1237,300,9,0.03
Methylation,CpG_R1238,300,9,0.03
Methylation,CpG_R1239,300,8,0.02666666666666667
Methylation,CpG_R1240,300,3,0.01
Methylation,CpG_R1241,300,5,0.016666666666666666
Methylation,CpG_R1242,300,4,0.013333333333333334
Methylation,CpG_R1243,300,8,0.02666666666666667
Methylation,CpG_R1244,300,9,0.03
Methylation,CpG_R1245,300,5,0.016666666666666666
Methylation,CpG_R1246,300,5,0.016666666666666666
Methylation,CpG_R1247,300,6,0.02
Methylation,CpG_R1248,300,2,0.006666666666666667
Methylation,CpG_R1249,300,6,0.02
Methylation,CpG_R1250,300,5,0.016666666666666666
Methylation,CpG_R1251,300,4,0.013333333333333334
Methylation,CpG_R1252,300,8,0.02666666666666667
Methylation,CpG_R1253,300,8,0.02666666666666667
Methylation,CpG_R1254,300,5,0.016666666666666666
Methylation,CpG_R1255,300,6,0.02
Methylation,CpG_R1256,300,6,0.02
Methylation,CpG_R1257,300,7,0.023333333333333334
Methylation,CpG_R1258,300,8,0.02666666666666667
Methylation,CpG_R1259,300,4,0.013333333333333334
Methylation,CpG_R1260,300,4,0.013333333333333334
Methylation,CpG_R1261,300,6,0.02
Methylation,CpG_R1262,300,11,0.03666666666666667
Methylation,CpG_R1263,300,7,0.023333333333333334
Methylation,CpG_R1264,300,6,0.02
Methylation,CpG_R1265,300,4,0.013333333333333334
Methylation,CpG_R1266,300,5,0.016666666666666666
Methylation,CpG_R1267,300,5,0.016666666666666666
Methylation,CpG_R1268,300,4,0.013333333333333334
Methylation,CpG_R1269,300,6,0.02
Methylation,CpG_R1270,300,6,0.02
Methylation,CpG_R1271,300,6,0.02
Methylation,CpG_R1272,300,1,0.0033333333333333335
Methylation,CpG_R1273,300,5,0.016666666666666666
Methylation,CpG_R1274,300,8,0.02666666666666667
Methylation,CpG_R1275,300,8,0.02666666666666667
Methylation,CpG_R1276,300,5,0.016666666666666666
Methylation,CpG_R1277,300,10,0.03333333333333333
Methylation,CpG_R1278,300,3,0.01
Methylation,CpG_R1279,300,8,0.02666666666666667
Methylation,CpG_R1280,300,4,0.013333333333333334
Methylation,CpG_R1281,300,1,0.0033333333333333335
Methylation,CpG_R1282,300,3,0.01
Methylation,CpG_R1283,300,9,0.03
Methylation,CpG_R1284,300,7,0.023333333333333334
Methylation,CpG_R1285,300,10,0.03333333333333333
Methylation,CpG_R1286,300,7,0.023333333333333334
Methylation,CpG_R1287,300,5,0.016666666666666666
Methylation,CpG_R1288,300,7,0.023333333333333334
Methylation,CpG_R1289,300,7,0.023333333333333334
Methylation,CpG_R1290,300,6,0.02
Methylation,CpG_R1291,300,8,0.02666666666666667
Methylation,CpG_R1292,300,6,0.02
Methylation,CpG_R1293,300,10,0.03333333333333333
Methylation,CpG_R1294,300,6,0.02
Methylation,CpG_R1295,300,5,0.016666666666666666
Methylation,CpG_R1296,300,4,0.013333333333333334
Methylation,CpG_R1297,300,6,0.02
Methylation,CpG_R1298,300,4,0.013333333333333334
Methylation,CpG_R1299,300,7,0.023333333333333334
Methylation,CpG_R1300,300,4,0.013333333333333334
Methylation,CpG_R1301,300,6,0.02
Methylation,CpG_R1302,300,5,0.016666666666666666
Methylation,CpG_R1303,300,8,0.02666666666666667
Methylation,CpG_R1304,300,10,0.03333333333333333
Methylation,CpG_R1305,300,3,0.01
Methylation,CpG_R1306,300,5,0.016666666666666666
Methylation,CpG_R1307,300,8,0.02666666666666667
Methylation,CpG_R1308,300,3,0.01
Methylation,CpG_R1309,300,4,0.013333333333333334
Methylation,CpG_R1310,300,7,0.023333333333333334
Methylation,CpG_R1311,300,5,0.016666666666666666
Methylation,CpG_R1312,300,4,0.013333333333333334
Methylation,CpG_R1313,300,4,0.013333333333333334
Methylation,CpG_R1314,300,6,0.02
Methylation,CpG_R1315,300,6,0.02
Methylation,CpG_R1316,300,7,0.023333333333333334
Methylation,CpG_R1317,300,15,0.05
Methylation,CpG_R1318,300,9,0.03
Methylation,CpG_R1319,300,8,0.02666666666666667
Methylation,CpG_R1320,300,8,0.02666666666666667
Methylation,CpG_R1321,300,11,0.03666666666666667
Methylation,CpG_R1322,300,10,0.03333333333333333
Methylation,CpG_R1323,300,5,0.016666666666666666
Methylation,CpG_R1324,300,8,0.02666666666666667
Methylation,CpG_R1325,300,4,0.013333333333333334
Methylation,CpG_R1326,300,7,0.023333333333333334
Methylation,CpG_R1327,300,7,0.023333333333333334
Methylation,CpG_R1328,300,5,0.016666666666666666
Methylation,CpG_R1329,300,8,0.02666666666666667
Methylation,CpG_R1330,300,6,0.02
Methylation,CpG_R1331,300,7,0.023333333333333334
Methylation,CpG_R1332,300,6,0.02
Methylation,CpG_R1333,300,7,0.023333333333333334
Methylation,CpG_R1334,300,7,0.023333333333333334
Methylation,CpG_R1335,300,6,0.02
Methylation,CpG_R1336,300,10,0.03333333333333333
Methylation,CpG_R1337,300,8,0.02666666666666667
Methylation,CpG_R1338,300,6,0.02
Methylation,CpG_R1339,300,6,0.02
Methylation,CpG_R1340,300,8,0.02666666666666667
Methylation,CpG_R1341,300,4,0.013333333333333334
Methylation,CpG_R1342,300,10,0.03333333333333333
Methylation,CpG_R1343,300,10,0.03333333333333333
Methylation,CpG_R1344,300,7,0.023333333333333334
Methylation,CpG_R1345,300,7,0.023333333333333334
Methylation,CpG_R1346,300,6,0.02
Methylation,CpG_R1347,300,5,0.016666666666666666
Methylation,CpG_R1348,300,7,0.023333333333333334
Methylation,CpG_R1349,300,6,0.02
Methylation,CpG_R1350,300,8,0.02666666666666667
Methylation,CpG_R1351,300,6,0.02
Methylation,CpG_R1352,300,7,0.023333333333333334
Methylation,CpG_R1353,300,9,0.03
Methylation,CpG_R1354,300,5,0.016666666666666666
Methylation,CpG_R1355,300,6,0.02
Methylation,CpG_R1356,300,4,0.013333333333333334
Methylation,CpG_R1357,300,4,0.013333333333333334
Methylation,CpG_R1358,300,9,0.03
Methylation,CpG_R1359,300,9,0.03
Methylation,CpG_R1360,300,7,0.023333333333333334
Methylation,CpG_R1361,300,8,0.02666666666666667
Methylation,CpG_R1362,300,6,0.02
Methylation,CpG_R1363,300,6,0.02
Methylation,CpG_R1364,300,9,0.03
Methylation,CpG_R1365,300,2,0.006666666666666667
Methylation,CpG_R1366,300,6,0.02
Methylation,CpG_R1367,300,4,0.013333333333333334
Methylation,CpG_R1368,300,5,0.016666666666666666
Methylation,CpG_R1369,300,6,0.02
Methylation,CpG_R1370,300,3,0.01
Methylation,CpG_R1371,300,7,0.023333333333333334
Methylation,CpG_R1372,300,2,0.006666666666666667
Methylation,CpG_R1373,300,7,0.023333333333333334
Methylation,CpG_R1374,300,6,0.02
Methylation,CpG_R1375,300,5,0.016666666666666666
Methylation,CpG_R1376,300,9,0.03
Methylation,CpG_R1377,300,1,0.0033333333333333335
Methylation,CpG_R1378,300,6,0.02
Methylation,CpG_R1379,300,6,0.02
Methylation,CpG_R1380,300,5,0.016666666666666666
Methylation,CpG_R1381,300,7,0.023333333333333334
Methylation,CpG_R1382,300,10,0.03333333333333333
Methylation,CpG_R1383,300,5,0.016666666666666666
Methylation,CpG_R1384,300,10,0.03333333333333333
Methylation,CpG_R1385,300,4,0.013333333333333334
Methylation,CpG_R1386,300,7,0.023333333333333334
Methylation,CpG_R1387,300,4,0.013333333333333334
Methylation,CpG_R1388,300,10,0.03333333333333333
Methylation,CpG_R1389,300,6,0.02
Methylation,CpG_R1390,300,8,0.02666666666666667
Methylation,CpG_R1391,300,5,0.016666666666666666
Methylation,CpG_R1392,300,5,0.016666666666666666
Methylation,CpG_R1393,300,6,0.02
Methylation,CpG_R1394,300,7,0.023333333333333334
Methylation,CpG_R1395,300,6,0.02
Methylation,CpG_R1396,300,6,0.02
Methylation,CpG_R1397,300,7,0.023333333333333334
Methylation,CpG_R1398,300,3,0.01
Methylation,CpG_R1399,300,4,0.013333333333333334
Methylation,CpG_R1400,300,9,0.03
Methylation,CpG_R1401,300,7,0.023333333333333334
Methylation,CpG_R1402,300,8,0.02666666666666667
Methylation,CpG_R1403,300,10,0.03333333333333333
Methylation,CpG_R1404,300,5,0.016666666666666666
Methylation,CpG_R1405,300,2,0.006666666666666667
Methylation,CpG_R1406,300,4,0.013333333333333334
Methylation,CpG_R1407,300,5,0.016666666666666666
Methylation,CpG_R1408,300,3,0.01
Methylation,CpG_R1409,300,7,0.023333333333333334
Methylation,CpG_R1410,300,10,0.03333333333333333
Methylation,CpG_R1411,300,4,0.013333333333333334
Methylation,CpG_R1412,300,10,0.03333333333333333
Methylation,CpG_R1413,300,6,0.02
Methylation,CpG_R1414,300,3,0.01
Methylation,CpG_R1415,300,6,0.02
Methylation,CpG_R1416,300,5,0.016666666666666666
Methylation,CpG_R1417,300,5,0.016666666666666666
Methylation,CpG_R1418,300,6,0.02
Methylation,CpG_R1419,300,2,0.006666666666666667
Methylation,CpG_R1420,300,5,0.016666666666666666
Methylation,CpG_R1421,300,5,0.016666666666666666
Methylation,CpG_R1422,300,4,0.013333333333333334
Methylation,CpG_R1423,300,5,0.016666666666666666
Methylation,CpG_R1424,300,4,0.013333333333333334
Methylation,CpG_R1425,300,8,0.02666666666666667
Methylation,CpG_R1426,300,9,0.03
Methylation,CpG_R1427,300,4,0.013333333333333334
Methylation,CpG_R1428,300,6,0.02
Methylation,CpG_R1429,300,5,0.016666666666666666
Methylation,CpG_R1430,300,5,0.016666666666666666
Methylation,CpG_R1431,300,9,0.03
Methylation,CpG_R1432,300,1,0.0033333333333333335
Methylation,CpG_R1433,300,6,0.02
Methylation,CpG_R1434,300,5,0.016666666666666666
Methylation,CpG_R1435,300,11,0.03666666666666667
Methylation,CpG_R1436,300,11,0.03666666666666667
Methylation,CpG_R1437,300,10,0.03333333333333333
Methylation,CpG_R1438,300,2,0.006666666666666667
Methylation,CpG_R1439,300,4,0.013333333333333334
Methylation,CpG_R1440,300,10,0.03333333333333333
Methylation,CpG_R1441,300,1,0.0033333333333333335
Methylation,CpG_R1442,300,4,0.013333333333333334
Methylation,CpG_R1443,300,6,0.02
Methylation,CpG_R1444,300,8,0.02666666666666667
Methylation,CpG_R1445,300,7,0.023333333333333334
Methylation,CpG_R1446,300,6,0.02
Methylation,CpG_R1447,300,9,0.03
Methylation,CpG_R1448,300,6,0.02
Methylation,CpG_R1449,300,4,0.013333333333333334
Methylation,CpG_R1450,300,8,0.02666666666666667
Methylation,CpG_R1451,300,5,0.016666666666666666
Methylation,CpG_R1452,300,9,0.03
Methylation,CpG_R1453,300,6,0.02
Methylation,CpG_R1454,300,6,0.02
Methylation,CpG_R1455,300,5,0.016666666666666666
Methylation,CpG_R1456,300,3,0.01
Methylation,CpG_R1457,300,5,0.016666666666666666
Methylation,CpG_R1458,300,1,0.0033333333333333335
Methylation,CpG_R1459,300,6,0.02
Methylation,CpG_R1460,300,5,0.016666666666666666
Methylation,CpG_R1461,300,8,0.02666666666666667
Methylation,CpG_R1462,300,9,0.03
Methylation,CpG_R1463,300,9,0.03
Methylation,CpG_R1464,300,3,0.01
Methylation,CpG_R1465,300,7,0.023333333333333334
Methylation,CpG_R1466,300,4,0.013333333333333334
Methylation,CpG_R1467,300,2,0.006666666666666667
Methylation,CpG_R1468,300,3,0.01
Methylation,CpG_R1469,300,6,0.02
Methylation,CpG_R1470,300,4,0.013333333333333334
Methylation,CpG_R1471,300,5,0.016666666666666666
Methylation,CpG_R1472,300,8,0.02666666666666667
Methylation,CpG_R1473,300,4,0.013333333333333334
Methylation,CpG_R1474,300,8,0.02666666666666667
Methylation,CpG_R1475,300,6,0.02
Methylation,CpG_R1476,300,5,0.016666666666666666
Methylation,CpG_R1477,300,8,0.02666666666666667
Methylation,CpG_R1478,300,5,0.016666666666666666
Methylation,CpG_R1479,300,3,0.01
Methylation,CpG_R1480,300,7,0.023333333333333334
Methylation,CpG_R1481,300,3,0.01
Methylation,CpG_R1482,300,6,0.02
Methylation,CpG_R1483,300,10,0.03333333333333333
Methylation,CpG_R1484,300,7,0.023333333333333334
Methylation,CpG_R1485,300,8,0.02666666666666667
Methylation,CpG_R1486,300,9,0.03
Methylation,CpG_R1487,300,9,0.03
Methylation,CpG_R1488,300,7,0.023333333333333334
Methylation,CpG_R1489,300,4,0.013333333333333334
Methylation,CpG_R1490,300,12,0.04
Methylation,CpG_R1491,300,6,0.02
Methylation,CpG_R1492,300,7,0.023333333333333334
Methylation,CpG_R1493,300,8,0.02666666666666667
Methylation,CpG_R1494,300,5,0.016666666666666666
Methylation,CpG_R1495,300,13,0.043333333333333335
Methylation,CpG_R1496,300,8,0.02666666666666667
Methylation,CpG_R1497,300,10,0.03333333333333333
Methylation,CpG_R1498,300,4,0.013333333333333334
Methylation,CpG_R1499,300,6,0.02
Methylation,CpG_R1500,300,6,0.02
Methylation,CpG_R1501,300,7,0.023333333333333334
Methylation,CpG_R1502,300,2,0.006666666666666667
Methylation,CpG_R1503,300,3,0.01
Methylation,CpG_R1504,300,6,0.02
Methylation,CpG_R1505,300,6,0.02
Methylation,CpG_R1506,300,5,0.016666666666666666
Methylation,CpG_R1507,300,7,0.023333333333333334
Methylation,CpG_R1508,300,10,0.03333333333333333
Methylation,CpG_R1509,300,3,0.01
Methylation,CpG_R1510,300,5,0.016666666666666666
Methylation,CpG_R1511,300,3,0.01
Methylation,CpG_R1512,300,9,0.03
Methylation,CpG_R1513,300,5,0.016666666666666666
Methylation,CpG_R1514,300,5,0.016666666666666666
Methylation,CpG_R1515,300,2,0.006666666666666667
Methylation,CpG_R1516,300,4,0.013333333333333334
Methylation,CpG_R1517,300,6,0.02
Methylation,CpG_R1518,300,9,0.03
Methylation,CpG_R1519,300,3,0.01
Methylation,CpG_R1520,300,7,0.023333333333333334
Methylation,CpG_R1521,300,7,0.023333333333333334
Methylation,CpG_R1522,300,5,0.016666666666666666
Methylation,CpG_R1523,300,8,0.02666666666666667
Methylation,CpG_R1524,300,6,0.02
Methylation,CpG_R1525,300,3,0.01
Methylation,CpG_R1526,300,9,0.03
Methylation,CpG_R1527,300,5,0.016666666666666666
Methylation,CpG_R1528,300,7,0.023333333333333334
Methylation,CpG_R1529,300,6,0.02
Methylation,CpG_R1530,300,3,0.01
Methylation,CpG_R1531,300,7,0.023333333333333334
Methylation,CpG_R1532,300,9,0.03
Methylation,CpG_R1533,300,9,0.03
Methylation,CpG_R1534,300,5,0.016666666666666666
Methylation,CpG_R1535,300,7,0.023333333333333334
Methylation,CpG_R1536,300,3,0.01
Methylation,CpG_R1537,300,5,0.016666666666666666
Methylation,CpG_R1538,300,4,0.013333333333333334
Methylation,CpG_R1539,300,4,0.013333333333333334
Methylation,CpG_R1540,300,8,0.02666666666666667
Methylation,CpG_R1541,300,5,0.016666666666666666
Methylation,CpG_R1542,300,4,0.013333333333333334
Methylation,CpG_R1543,300,6,0.02
Methylation,CpG_R1544,300,6,0.02
Methylation,CpG_R1545,300,8,0.02666666666666667
Methylation,CpG_R1546,300,10,0.03333333333333333
Methylation,CpG_R1547,300,3,0.01
Methylation,CpG_R1548,300,1,0.0033333333333333335
Methylation,CpG_R1549,300,7,0.023333333333333334
Methylation,CpG_R1550,300,7,0.023333333333333334
Methylation,CpG_R1551,300,5,0.016666666666666666
Methylation,CpG_R1552,300,2,0.006666666666666667
Methylation,CpG_R1553,300,5,0.016666666666666666
Methylation,CpG_R1554,300,7,0.023333333333333334
Methylation,CpG_R1555,300,8,0.02666666666666667
Methylation,CpG_R1556,300,5,0.016666666666666666
Methylation,CpG_R1557,300,7,0.023333333333333334
Methylation,CpG_R1558,300,2,0.006666666666666667
Methylation,CpG_R1559,300,8,0.02666666666666667
Methylation,CpG_R1560,300,4,0.013333333333333334
Methylation,CpG_R1561,300,9,0.03
Methylation,CpG_R1562,300,5,0.016666666666666666
Methylation,CpG_R1563,300,3,0.01
Methylation,CpG_R1564,300,7,0.023333333333333334
Methylation,CpG_R1565,300,4,0.013333333333333334
Methylation,CpG_R1566,300,4,0.013333333333333334
Methylation,CpG_R1567,300,4,0.013333333333333334
Methylation,CpG_R1568,300,9,0.03
Methylation,CpG_R1569,300,5,0.016666666666666666
Methylation,CpG_R1570,300,8,0.02666666666666667
Methylation,CpG_R1571,300,11,0.03666666666666667
Methylation,CpG_R1572,300,11,0.03666666666666667
Methylation,CpG_R1573,300,6,0.02
Methylation,CpG_R1574,300,6,0.02
Methylation,CpG_R1575,300,5,0.016666666666666666
Methylation,CpG_R1576,300,10,0.03333333333333333
Methylation,CpG_R1577,300,7,0.023333333333333334
Methylation,CpG_R1578,300,7,0.023333333333333334
Methylation,CpG_R1579,300,7,0.023333333333333334
Methylation,CpG_R1580,300,4,0.013333333333333334
Methylation,CpG_R1581,300,7,0.023333333333333334
Methylation,CpG_R1582,300,4,0.013333333333333334
Methylation,CpG_R1583,300,7,0.023333333333333334
Methylation,CpG_R1584,300,10,0.03333333333333333
Methylation,CpG_R1585,300,9,0.03
Methylation,CpG_R1586,300,5,0.016666666666666666
Methylation,CpG_R1587,300,5,0.016666666666666666
Methylation,CpG_R1588,300,6,0.02
Methylation,CpG_R1589,300,8,0.02666666666666667
Methylation,CpG_R1590,300,11,0.03666666666666667
Methylation,CpG_R1591,300,6,0.02
Methylation,CpG_R1592,300,6,0.02
Methylation,CpG_R1593,300,8,0.02666666666666667
Methylation,CpG_R1594,300,6,0.02
Methylation,CpG_R1595,300,7,0.023333333333333334
Methylation,CpG_R1596,300,3,0.01
Methylation,CpG_R1597,300,6,0.02
Methylation,CpG_R1598,300,7,0.023333333333333334
Methylation,CpG_R1599,300,8,0.02666666666666667
Methylation,CpG_R1600,300,3,0.01
Methylation,CpG_R1601,300,4,0.013333333333333334
Methylation,CpG_R1602,300,3,0.01
Methylation,CpG_R1603,300,8,0.02666666666666667
Methylation,CpG_R1604,300,8,0.02666666666666667
Methylation,CpG_R1605,300,12,0.04
Methylation,CpG_R1606,300,7,0.023333333333333334
Methylation,CpG_R1607,300,4,0.013333333333333334
Methylation,CpG_R1608,300,0,0.0
Methylation,CpG_R1609,300,5,0.016666666666666666
Methylation,CpG_R1610,300,7,0.023333333333333334
Methylation,CpG_R1611,300,5,0.016666666666666666
Methylation,CpG_R1612,300,8,0.02666666666666667
Methylation,CpG_R1613,300,6,0.02
Methylation,CpG_R1614,300,5,0.016666666666666666
Methylation,CpG_R1615,300,5,0.016666666666666666
Methylation,CpG_R1616,300,3,0.01
Methylation,CpG_R1617,300,5,0.016666666666666666
Methylation,CpG_R1618,300,6,0.02
Methylation,CpG_R1619,300,7,0.023333333333333334
Methylation,CpG_R1620,300,10,0.03333333333333333
Methylation,CpG_R1621,300,10,0.03333333333333333
Methylation,CpG_R1622,300,10,0.03333333333333333
Methylation,CpG_R1623,300,5,0.016666666666666666
Methylation,CpG_R1624,300,4,0.013333333333333334
Methylation,CpG_R1625,300,3,0.01
Methylation,CpG_R1626,300,7,0.023333333333333334
Methylation,CpG_R1627,300,2,0.006666666666666667
Methylation,CpG_R1628,300,6,0.02
Methylation,CpG_R1629,300,5,0.016666666666666666
Methylation,CpG_R1630,300,5,0.016666666666666666
Methylation,CpG_R1631,300,10,0.03333333333333333
Methylation,CpG_R1632,300,9,0.03
Methylation,CpG_R1633,300,5,0.016666666666666666
Methylation,CpG_R1634,300,4,0.013333333333333334
Methylation,CpG_R1635,300,6,0.02
Methylation,CpG_R1636,300,5,0.016666666666666666
Methylation,CpG_R1637,300,10,0.03333333333333333
Methylation,CpG_R1638,300,8,0.02666666666666667
Methylation,CpG_R1639,300,6,0.02
Methylation,CpG_R1640,300,7,0.023333333333333334
Methylation,CpG_R1641,300,5,0.016666666666666666
Methylation,CpG_R1642,300,6,0.02
Methylation,CpG_R1643,300,6,0.02
Methylation,CpG_R1644,300,12,0.04
Methylation,CpG_R1645,300,9,0.03
Methylation,CpG_R1646,300,9,0.03
Methylation,CpG_R1647,300,3,0.01
Methylation,CpG_R1648,300,2,0.006666666666666667
Methylation,CpG_R1649,300,8,0.02666666666666667
Methylation,CpG_R1650,300,7,0.023333333333333334
Methylation,CpG_R1651,300,5,0.016666666666666666
Methylation,CpG_R1652,300,6,0.02
Methylation,CpG_R1653,300,8,0.02666666666666667
Methylation,CpG_R1654,300,6,0.02
Methylation,CpG_R1655,300,3,0.01
Methylation,CpG_R1656,300,3,0.01
Methylation,CpG_R1657,300,5,0.016666666666666666
Methylation,CpG_R1658,300,8,0.02666666666666667
Methylation,CpG_R1659,300,8,0.02666666666666667
Methylation,CpG_R1660,300,8,0.02666666666666667
Methylation,CpG_R1661,300,2,0.006666666666666667
Methylation,CpG_R1662,300,12,0.04
Methylation,CpG_R1663,300,6,0.02
Methylation,CpG_R1664,300,6,0.02
Methylation,CpG_R1665,300,14,0.04666666666666667
Methylation,CpG_R1666,300,3,0.01
Methylation,CpG_R1667,300,4,0.013333333333333334
Methylation,CpG_R1668,300,3,0.01
Methylation,CpG_R1669,300,3,0.01
Methylation,CpG_R1670,300,9,0.03
Methylation,CpG_R1671,300,6,0.02
Methylation,CpG_R1672,300,3,0.01
Methylation,CpG_R1673,300,6,0.02
Methylation,CpG_R1674,300,8,0.02666666666666667
Methylation,CpG_R1675,300,8,0.02666666666666667
Methylation,CpG_R1676,300,7,0.023333333333333334
Methylation,CpG_R1677,300,4,0.013333333333333334
Methylation,CpG_R1678,300,8,0.02666666666666667
Methylation,CpG_R1679,300,4,0.013333333333333334
Methylation,CpG_R1680,300,9,0.03
Methylation,CpG_R1681,300,7,0.023333333333333334
Methylation,CpG_R1682,300,5,0.016666666666666666
Methylation,CpG_R1683,300,9,0.03
Methylation,CpG_R1684,300,4,0.013333333333333334
Methylation,CpG_R1685,300,7,0.023333333333333334
Methylation,CpG_R1686,300,4,0.013333333333333334
Methylation,CpG_R1687,300,8,0.02666666666666667
Methylation,CpG_R1688,300,4,0.013333333333333334
Methylation,CpG_R1689,300,7,0.023333333333333334
Methylation,CpG_R1690,300,4,0.013333333333333334
Methylation,CpG_R1691,300,7,0.023333333333333334
Methylation,CpG_R1692,300,5,0.016666666666666666
Methylation,CpG_R1693,300,8,0.02666666666666667
Methylation,CpG_R1694,300,6,0.02
Methylation,CpG_R1695,300,4,0.013333333333333334
Methylation,CpG_R1696,300,10,0.03333333333333333
Methylation,CpG_R1697,300,10,0.03333333333333333
Methylation,CpG_R1698,300,6,0.02
Methylation,CpG_R1699,300,2,0.006666666666666667
Methylation,CpG_R1700,300,6,0.02
Methylation,CpG_R1701,300,7,0.023333333333333334
Methylation,CpG_R1702,300,2,0.006666666666666667
Methylation,CpG_R1703,300,8,0.02666666666666667
Methylation,CpG_R1704,300,4,0.013333333333333334
Methylation,CpG_R1705,300,4,0.013333333333333334
Methylation,CpG_R1706,300,8,0.02666666666666667
Methylation,CpG_R1707,300,11,0.03666666666666667
Methylation,CpG_R1708,300,9,0.03
Methylation,CpG_R1709,300,11,0.03666666666666667
Methylation,CpG_R1710,300,7,0.023333333333333334
Methylation,CpG_R1711,300,5,0.016666666666666666
Methylation,CpG_R1712,300,8,0.02666666666666667
Methylation,CpG_R1713,300,12,0.04
Methylation,CpG_R1714,300,2,0.006666666666666667
Methylation,CpG_R1715,300,5,0.016666666666666666
Methylation,CpG_R1716,300,5,0.016666666666666666
Methylation,CpG_R1717,300,8,0.02666666666666667
Methylation,CpG_R1718,300,11,0.03666666666666667
Methylation,CpG_R1719,300,10,0.03333333333333333
Methylation,CpG_R1720,300,5,0.016666666666666666
Methylation,CpG_R1721,300,7,0.023333333333333334
Methylation,CpG_R1722,300,5,0.016666666666666666
Methylation,CpG_R1723,300,7,0.023333333333333334
Methylation,CpG_R1724,300,6,0.02
Methylation,CpG_R1725,300,5,0.016666666666666666
Methylation,CpG_R1726,300,3,0.01
Methylation,CpG_R1727,300,10,0.03333333333333333
Methylation,CpG_R1728,300,4,0.013333333333333334
Methylation,CpG_R1729,300,3,0.01
Methylation,CpG_R1730,300,9,0.03
Methylation,CpG_R1731,300,4,0.013333333333333334
Methylation,CpG_R1732,300,5,0.016666666666666666
Methylation,CpG_R1733,300,5,0.016666666666666666
Methylation,CpG_R1734,300,4,0.013333333333333334
Methylation,CpG_R1735,300,6,0.02
Methylation,CpG_R1736,300,6,0.02
Methylation,CpG_R1737,300,6,0.02
Methylation,CpG_R1738,300,5,0.016666666666666666
Methylation,CpG_R1739,300,3,0.01
Methylation,CpG_R1740,300,6,0.02
Methylation,CpG_R1741,300,5,0.016666666666666666
Methylation,CpG_R1742,300,4,0.013333333333333334
Methylation,CpG_R1743,300,9,0.03
Methylation,CpG_R1744,300,4,0.013333333333333334
Methylation,CpG_R1745,300,5,0.016666666666666666
Methylation,CpG_R1746,300,7,0.023333333333333334
Methylation,CpG_R1747,300,5,0.016666666666666666
Methylation,CpG_R1748,300,2,0.006666666666666667
Methylation,CpG_R1749,300,6,0.02
Methylation,CpG_R1750,300,6,0.02
Methylation,CpG_R1751,300,7,0.023333333333333334
Methylation,CpG_R1752,300,8,0.02666666666666667
Methylation,CpG_R1753,300,4,0.013333333333333334
Methylation,CpG_R1754,300,4,0.013333333333333334
Methylation,CpG_R1755,300,13,0.043333333333333335
Methylation,CpG_R1756,300,9,0.03
Methylation,CpG_R1757,300,3,0.01
Methylation,CpG_R1758,300,4,0.013333333333333334
Methylation,CpG_R1759,300,5,0.016666666666666666
Methylation,CpG_R1760,300,4,0.013333333333333334
Methylation,CpG_R1761,300,6,0.02
Methylation,CpG_R1762,300,10,0.03333333333333333
Methylation,CpG_R1763,300,8,0.02666666666666667
Methylation,CpG_R1764,300,1,0.0033333333333333335
Methylation,CpG_R1765,300,12,0.04
Methylation,CpG_R1766,300,3,0.01
Methylation,CpG_R1767,300,7,0.023333333333333334
Methylation,CpG_R1768,300,6,0.02
Methylation,CpG_R1769,300,5,0.016666666666666666
Methylation,CpG_R1770,300,4,0.013333333333333334
Methylation,CpG_R1771,300,3,0.01
Methylation,CpG_R1772,300,9,0.03
Methylation,CpG_R1773,300,6,0.02
Methylation,CpG_R1774,300,7,0.023333333333333334
Methylation,CpG_R1775,300,7,0.023333333333333334
Methylation,CpG_R1776,300,3,0.01
Methylation,CpG_R1777,300,10,0.03333333333333333
Methylation,CpG_R1778,300,12,0.04
Methylation,CpG_R1779,300,11,0.03666666666666667
Methylation,CpG_R1780,300,3,0.01
Methylation,CpG_R1781,300,9,0.03
Methylation,CpG_R1782,300,2,0.006666666666666667
Methylation,CpG_R1783,300,8,0.02666666666666667
Methylation,CpG_R1784,300,6,0.02
Methylation,CpG_R1785,300,3,0.01
Methylation,CpG_R1786,300,5,0.016666666666666666
Methylation,CpG_R1787,300,5,0.016666666666666666
Methylation,CpG_R1788,300,3,0.01
Methylation,CpG_R1789,300,9,0.03
Methylation,CpG_R1790,300,6,0.02
Methylation,CpG_R1791,300,5,0.016666666666666666
Methylation,CpG_R1792,300,4,0.013333333333333334
Methylation,CpG_R1793,300,5,0.016666666666666666
Methylation,CpG_R1794,300,8,0.02666666666666667
Methylation,CpG_R1795,300,4,0.013333333333333334
Methylation,CpG_R1796,300,9,0.03
Methylation,CpG_R1797,300,8,0.02666666666666667
Methylation,CpG_R1798,300,7,0.023333333333333334
Methylation,CpG_R1799,300,6,0.02
Methylation,CpG_R1800,300,4,0.013333333333333334
Methylation,CpG_R1801,300,7,0.023333333333333334
Methylation,CpG_R1802,300,8,0.02666666666666667
Methylation,CpG_R1803,300,6,0.02
Methylation,CpG_R1804,300,8,0.02666666666666667
Methylation,CpG_R1805,300,4,0.013333333333333334
Methylation,CpG_R1806,300,9,0.03
Methylation,CpG_R1807,300,10,0.03333333333333333
Methylation,CpG_R1808,300,2,0.006666666666666667
Methylation,CpG_R1809,300,5,0.016666666666666666
Methylation,CpG_R1810,300,3,0.01
Methylation,CpG_R1811,300,6,0.02
Methylation,CpG_R1812,300,8,0.02666666666666667
Methylation,CpG_R1813,300,9,0.03
Methylation,CpG_R1814,300,6,0.02
Methylation,CpG_R1815,300,3,0.01
Methylation,CpG_R1816,300,4,0.013333333333333334
Methylation,CpG_R1817,300,6,0.02
Methylation,CpG_R1818,300,2,0.006666666666666667
Methylation,CpG_R1819,300,4,0.013333333333333334
Methylation,CpG_R1820,300,6,0.02
Methylation,CpG_R1821,300,7,0.023333333333333334
Methylation,CpG_R1822,300,4,0.013333333333333334
Methylation,CpG_R1823,300,6,0.02
Methylation,CpG_R1824,300,5,0.016666666666666666
Methylation,CpG_R1825,300,9,0.03
Methylation,CpG_R1826,300,5,0.016666666666666666
Methylation,CpG_R1827,300,1,0.0033333333333333335
Methylation,CpG_R1828,300,2,0.006666666666666667
Methylation,CpG_R1829,300,8,0.02666666666666667
Methylation,CpG_R1830,300,5,0.016666666666666666
Methylation,CpG_R1831,300,5,0.016666666666666666
Methylation,CpG_R1832,300,6,0.02
Methylation,CpG_R1833,300,8,0.02666666666666667
Methylation,CpG_R1834,300,2,0.006666666666666667
Methylation,CpG_R1835,300,12,0.04
Methylation,CpG_R1836,300,5,0.016666666666666666
Methylation,CpG_R1837,300,5,0.016666666666666666
Methylation,CpG_R1838,300,3,0.01
Methylation,CpG_R1839,300,8,0.02666666666666667
Methylation,CpG_R1840,300,5,0.016666666666666666
Methylation,CpG_R1841,300,5,0.016666666666666666
Methylation,CpG_R1842,300,5,0.016666666666666666
Methylation,CpG_R1843,300,10,0.03333333333333333
Methylation,CpG_R1844,300,6,0.02
Methylation,CpG_R1845,300,4,0.013333333333333334
Methylation,CpG_R1846,300,9,0.03
Methylation,CpG_R1847,300,7,0.023333333333333334
Methylation,CpG_R1848,300,10,0.03333333333333333
Methylation,CpG_R1849,300,12,0.04
Methylation,CpG_R1850,300,8,0.02666666666666667
Methylation,CpG_R1851,300,9,0.03
Methylation,CpG_R1852,300,3,0.01
Methylation,CpG_R1853,300,4,0.013333333333333334
Methylation,CpG_R1854,300,8,0.02666666666666667
Methylation,CpG_R1855,300,7,0.023333333333333334
Methylation,CpG_R1856,300,4,0.013333333333333334
Methylation,CpG_R1857,300,5,0.016666666666666666
Methylation,CpG_R1858,300,6,0.02
Methylation,CpG_R1859,300,1,0.0033333333333333335
Methylation,CpG_R1860,300,3,0.01
Methylation,CpG_R1861,300,7,0.023333333333333334
Methylation,CpG_R1862,300,9,0.03
Methylation,CpG_R1863,300,8,0.02666666666666667
Methylation,CpG_R1864,300,7,0.023333333333333334
Methylation,CpG_R1865,300,7,0.023333333333333334
Methylation,CpG_R1866,300,7,0.023333333333333334
Methylation,CpG_R1867,300,3,0.01
Methylation,CpG_R1868,300,3,0.01
Methylation,CpG_R1869,300,1,0.0033333333333333335
Methylation,CpG_R1870,300,2,0.006666666666666667
Methylation,CpG_R1871,300,4,0.013333333333333334
Methylation,CpG_R1872,300,4,0.013333333333333334
Methylation,CpG_R1873,300,7,0.023333333333333334
Methylation,CpG_R1874,300,5,0.016666666666666666
Methylation,CpG_R1875,300,4,0.013333333333333334
Methylation,CpG_R1876,300,4,0.013333333333333334
Methylation,CpG_R1877,300,7,0.023333333333333334
Methylation,CpG_R1878,300,5,0.016666666666666666
Methylation,CpG_R1879,300,14,0.04666666666666667
Methylation,CpG_R1880,300,10,0.03333333333333333
Methylation,CpG_R1881,300,5,0.016666666666666666
Methylation,CpG_R1882,300,3,0.01
Methylation,CpG_R1883,300,6,0.02
Methylation,CpG_R1884,300,4,0.013333333333333334
Methylation,CpG_R1885,300,9,0.03
Methylation,CpG_R1886,300,6,0.02
Methylation,CpG_R1887,300,9,0.03
Methylation,CpG_R1888,300,7,0.023333333333333334
Methylation,CpG_R1889,300,9,0.03
Methylation,CpG_R1890,300,9,0.03
Methylation,CpG_R1891,300,5,0.016666666666666666
Methylation,CpG_R1892,300,4,0.013333333333333334
Methylation,CpG_R1893,300,4,0.013333333333333334
Methylation,CpG_R1894,300,5,0.016666666666666666
Methylation,CpG_R1895,300,3,0.01
Methylation,CpG_R1896,300,4,0.013333333333333334
Methylation,CpG_R1897,300,7,0.023333333333333334
Methylation,CpG_R1898,300,8,0.02666666666666667
Methylation,CpG_R1899,300,6,0.02
Methylation,CpG_R1900,300,4,0.013333333333333334
Methylation,CpG_R1901,300,6,0.02
Methylation,CpG_R1902,300,10,0.03333333333333333
Methylation,CpG_R1903,300,10,0.03333333333333333
Methylation,CpG_R1904,300,7,0.023333333333333334
Methylation,CpG_R1905,300,5,0.016666666666666666
Methylation,CpG_R1906,300,9,0.03
Methylation,CpG_R1907,300,11,0.03666666666666667
Methylation,CpG_R1908,300,5,0.016666666666666666
Methylation,CpG_R1909,300,3,0.01
Methylation,CpG_R1910,300,7,0.023333333333333334
Methylation,CpG_R1911,300,10,0.03333333333333333
Methylation,CpG_R1912,300,2,0.006666666666666667
Methylation,CpG_R1913,300,4,0.013333333333333334
Methylation,CpG_R1914,300,5,0.016666666666666666
Methylation,CpG_R1915,300,7,0.023333333333333334
Methylation,CpG_R1916,300,6,0.02
Methylation,CpG_R1917,300,6,0.02
Methylation,CpG_R1918,300,4,0.013333333333333334
Methylation,CpG_R1919,300,8,0.02666666666666667
Methylation,CpG_R1920,300,12,0.04
Methylation,CpG_R1921,300,14,0.04666666666666667
Methylation,CpG_R1922,300,5,0.016666666666666666
Methylation,CpG_R1923,300,4,0.013333333333333334
Methylation,CpG_R1924,300,7,0.023333333333333334
Methylation,CpG_R1925,300,4,0.013333333333333334
Methylation,CpG_R1926,300,7,0.023333333333333334
Methylation,CpG_R1927,300,6,0.02
Methylation,CpG_R1928,300,3,0.01
Methylation,CpG_R1929,300,7,0.023333333333333334
Methylation,CpG_R1930,300,5,0.016666666666666666
Methylation,CpG_R1931,300,11,0.03666666666666667
Methylation,CpG_R1932,300,4,0.013333333333333334
Methylation,CpG_R1933,300,2,0.006666666666666667
Methylation,CpG_R1934,300,7,0.023333333333333334
Methylation,CpG_R1935,300,7,0.023333333333333334
Methylation,CpG_R1936,300,5,0.016666666666666666
Methylation,CpG_R1937,300,8,0.02666666666666667
Methylation,CpG_R1938,300,5,0.016666666666666666
Methylation,CpG_R1939,300,10,0.03333333333333333
Methylation,CpG_R1940,300,1,0.0033333333333333335
Methylation,CpG_R1941,300,6,0.02
Methylation,CpG_R1942,300,4,0.013333333333333334
Methylation,CpG_R1943,300,6,0.02
Methylation,CpG_R1944,300,1,0.0033333333333333335
Methylation,CpG_R1945,300,3,0.01
Methylation,CpG_R1946,300,8,0.02666666666666667
Methylation,CpG_R1947,300,8,0.02666666666666667
Methylation,CpG_R1948,300,7,0.023333333333333334
Methylation,CpG_R1949,300,7,0.023333333333333334
Methylation,CpG_R1950,300,9,0.03
Methylation,CpG_R1951,300,6,0.02
Methylation,CpG_R1952,300,5,0.016666666666666666
Methylation,CpG_R1953,300,5,0.016666666666666666
Methylation,CpG_R1954,300,8,0.02666666666666667
Methylation,CpG_R1955,300,5,0.016666666666666666
Methylation,CpG_R1956,300,6,0.02
Methylation,CpG_R1957,300,0,0.0
Methylation,CpG_R1958,300,7,0.023333333333333334
Methylation,CpG_R1959,300,4,0.013333333333333334
Methylation,CpG_R1960,300,11,0.03666666666666667
Methylation,CpG_R1961,300,6,0.02
Methylation,CpG_R1962,300,5,0.016666666666666666
Methylation,CpG_R1963,300,6,0.02
Methylation,CpG_R1964,300,6,0.02
Methylation,CpG_R1965,300,5,0.016666666666666666
Methylation,CpG_R1966,300,6,0.02
Methylation,CpG_R1967,300,5,0.016666666666666666
Methylation,CpG_R1968,300,6,0.02
Methylation,CpG_R1969,300,6,0.02
Methylation,CpG_R1970,300,7,0.023333333333333334
Methylation,CpG_R1971,300,8,0.02666666666666667
Methylation,CpG_R1972,300,5,0.016666666666666666
Methylation,CpG_R1973,300,5,0.016666666666666666
Methylation,CpG_R1974,300,4,0.013333333333333334
Methylation,CpG_R1975,300,5,0.016666666666666666
Methylation,CpG_R1976,300,7,0.023333333333333334
Methylation,CpG_R1977,300,2,0.006666666666666667
Methylation,CpG_R1978,300,8,0.02666666666666667
Methylation,CpG_R1979,300,4,0.013333333333333334
Methylation,CpG_R1980,300,5,0.016666666666666666
Methylation,CpG_R1981,300,2,0.006666666666666667
Methylation,CpG_R1982,300,6,0.02
Methylation,CpG_R1983,300,10,0.03333333333333333
Methylation,CpG_R1984,300,3,0.01
Methylation,CpG_R1985,300,3,0.01
Methylation,CpG_R1986,300,8,0.02666666666666667
Methylation,CpG_R1987,300,13,0.043333333333333335
Methylation,CpG_R1988,300,9,0.03
Methylation,CpG_R1989,300,5,0.016666666666666666
Methylation,CpG_R1990,300,3,0.01
Methylation,CpG_R1991,300,7,0.023333333333333334
Methylation,CpG_R1992,300,5,0.016666666666666666
Methylation,CpG_R1993,300,5,0.016666666666666666
Methylation,CpG_R1994,300,12,0.04
Methylation,CpG_R1995,300,4,0.013333333333333334
Methylation,CpG_R1996,300,6,0.02
Methylation,CpG_R1997,300,4,0.013333333333333334
Methylation,CpG_R1998,300,5,0.016666666666666666
Methylation,CpG_R1999,300,5,0.016666666666666666
Methylation,CpG_R2000,300,8,0.02666666666666667
Fragmentomics,short_frag_fraction,300,0,0.0
Fragmentomics,mean_frag_length,300,0,0.0
Fragmentomics,mode_frag_length,300,0,0.0
Fragmentomics,long_frag_fraction,300,0,0.0
Fragmentomics,nucleosome_periodicity,300,0,0.0
Fragmentomics,mito_frag_fraction,300,0,0.0
Fragmentomics,end_motif_CCCA,300,0,0.0
Fragmentomics,end_motif_CCTG,300,0,0.0
Fragmentomics,end_motif_CCAG,300,0,0.0
Fragmentomics,end_motif_TGGG,300,0,0.0
Fragmentomics,end_motif_AAAA,300,0,0.0
Fragmentomics,end_motif_GGCC,300,0,0.0
Fragmentomics,total_reads_millions,300,0,0.0
Protein,CEA,220,10,0.045454545454545456
Protein,CA125,220,10,0.045454545454545456
Protein,CYFRA21_1,220,10,0.045454545454545456
Protein,HE4,220,10,0.045454545454545456
Protein,PRL,220,8,0.03636363636363636
Protein,OPN,220,8,0.03636363636363636
Protein,MPO,220,10,0.045454545454545456
Protein,TIMP1,220,11,0.05
Protein,IL6,220,8,0.03636363636363636
Protein,IL8,220,9,0.04090909090909091
Protein,TNFA,220,8,0.03636363636363636
Protein,CRP,220,10,0.045454545454545456
Protein,SAA1,220,11,0.05
Protein,HGF,220,8,0.03636363636363636
Protein,MIF,220,7,0.031818181818181815
Protein,GDF15,220,9,0.04090909090909091
Protein,FGF2,220,10,0.045454545454545456
Protein,VEGFA,220,9,0.04090909090909091
Protein,ANGPT2,220,10,0.045454545454545456
Protein,MMP9,220,11,0.05
Protein,MMP2,220,10,0.045454545454545456
Protein,FN1,220,9,0.04090909090909091
Protein,SPARC,220,10,0.045454545454545456
Protein,THBS1,220,9,0.04090909090909091
Protein,TGFB1,220,9,0.04090909090909091
Protein,LGALS3,220,6,0.02727272727272727
Protein,CHI3L1,220,10,0.045454545454545456
Protein,FAS,220,11,0.05
Protein,FASLG,220,8,0.03636363636363636
Protein,SELE,220,8,0.03636363636363636
Protein,SELP,220,9,0.04090909090909091
Protein,ICAM1,220,10,0.045454545454545456
Protein,VCAM1,220,10,0.045454545454545456
Protein,CXCL10,220,8,0.03636363636363636
Protein,CCL2,220,9,0.04090909090909091
Protein,IL10,220,52,0.23636363636363636
Protein,IL1B,220,57,0.2590909090909091
Protein,IFNG,220,60,0.2727272727272727
Protein,LEP,220,10,0.045454545454545456
Protein,ADIPOQ,220,10,0.045454545454545456
