site_group,cancer_group,n_repeats,delta_AUC_mean,delta_AUC_sd,delta_MCC_mean,delta_MCC_sd,delta_sensitivity_at_95_specificity_mean,delta_sensitivity_at_95_specificity_sd
All sites,All cancers,5,-0.0025880781432625843,0.009135563026313269,-0.036061416482491226,0.09910433116982913,-0.042477876106194724,0.11696825449043945
All sites,I,5,-0.009433962264150964,0.008842155565410402,-0.06292647078221983,0.14070786625319792,-0.05,0.11180339887498948
All sites,II,5,-0.01817279046673288,0.014980724081344444,-0.040650862443988814,0.1554445966844418,-0.031578947368421054,0.14220269564322416
All sites,III,5,0.002150065818341407,0.013721716718499198,-0.05613841738696157,0.09852413205696064,-0.06511627906976741,0.1144034779185939
All sites,IV,5,0.0018867924528301661,0.006091758059560078,-0.017302779780358813,0.09357170848938463,-0.02051282051282053,0.1194442533215602
A,All cancers,5,-0.010339123242349046,0.011690069499671267,-0.026316179791037664,0.05692123345171553,-0.033333333333333326,0.07172615759333006
A,I,5,-0.007373271889400912,0.008371383467550623,-0.0344720261890409,0.07708179388084846,-0.02857142857142857,0.06388765649999399
A,II,5,-0.02396313364055309,0.011589655612865638,-0.0474377914502156,0.0737892212674832,-0.04285714285714286,0.06388765649999399
A,III,5,-0.013348164627363768,0.017675471170267774,-0.06237380663673899,0.05433259552392909,-0.07586206896551728,0.06632891055748741
A,IV,5,-0.0011520737327188613,0.011805242817925804,0.013327368268252626,0.08962081096877067,0.01428571428571428,0.10289185922062812
B,All cancers,5,0.006704761904761947,0.014280888073657575,0.04294066006697507,0.027298515024319858,0.05142857142857142,0.03129843185743805
B,I,5,-0.012799999999999988,0.015480453625280038,0.0,0.0,0.0,0.0
B,II,5,-0.012800000000000034,0.029658800455251908,0.0983191615207206,0.09045951141386523,0.11999999999999997,0.10954451150103321
B,III,5,0.024,0.02300941343398313,0.037877520850659374,0.03524806013493797,0.04285714285714285,0.03912303982179757
B,IV,5,0.0024242424242424177,0.008907235428302504,0.038422952244232936,0.03515162188287334,0.05454545454545454,0.049792959773196914
