repeat_id,fold,feature,modality,coefficient
1,1,methylation__CpG_R0607,methylation,0.30256106142580735
1,1,methylation__CpG_R0164,methylation,0.2357018910140115
1,1,methylation__CpG_R0805,methylation,0.2154814375645715
1,1,methylation__CpG_R0146,methylation,0.20592194274534154
1,1,methylation__CpG_R1263,methylation,0.2011092116723135
1,1,protein__CEA,protein,0.35797557520187684
1,1,protein__GDF15,protein,0.21632722623524445
1,1,protein__CRP,protein,0.08882558110251472
1,1,fragmentomics__short_to_long_frag_ratio,fragmentomics,0.012272101275559883
1,1,fragmentomics__end_motif_CCCA,fragmentomics,0.0002808045484367723
1,2,methylation__CpG_R0607,methylation,0.39771821275705344
1,2,methylation__CpG_R1263,methylation,0.3328810839047077
1,2,methylation__CpG_R0805,methylation,0.31119796039801156
1,2,methylation__CpG_R0164,methylation,0.2733477118245556
1,2,methylation__CpG_R0146,methylation,0.24845592735733996
1,2,protein__CEA,protein,0.3184996357548732
1,2,protein__CYFRA21_1,protein,0.2890031851666337
1,2,protein__GDF15,protein,0.15909103983814787
1,2,fragmentomics__short_to_long_frag_ratio,fragmentomics,0.06685601170048033
1,3,methylation__CpG_R0164,methylation,0.4950499229714078
1,3,methylation__CpG_R0360,methylation,0.43598320161724474
1,3,methylation__CpG_R0607,methylation,0.35903876765827486
1,3,methylation__CpG_R0805,methylation,0.32823198178264834
1,3,methylation__CpG_R1263,methylation,0.31775257458968637
1,3,protein__GDF15,protein,0.4136868257538358
1,3,protein__CEA,protein,0.3552789167924904
1,3,protein__OPN,protein,0.3343380966118903
1,3,fragmentomics__short_to_long_frag_ratio,fragmentomics,0.2904873218604677
1,3,fragmentomics__end_motif_CCAG,fragmentomics,-0.026069164803677387
1,4,methylation__CpG_R0607,methylation,0.4609593154370074
1,4,methylation__CpG_R0360,methylation,0.4151308910631081
1,4,methylation__CpG_R0164,methylation,0.3316570679890515
1,4,methylation__CpG_R0805,methylation,0.2753117135858925
1,4,methylation__CpG_R1263,methylation,0.15572245535797397
1,4,protein__CEA,protein,0.3052514164492671
1,4,protein__CYFRA21_1,protein,0.27860487306531606
1,4,protein__GDF15,protein,0.19569095358876268
1,4,fragmentomics__end_motif_CCAG,fragmentomics,-0.05435761513685102
1,4,fragmentomics__short_to_long_frag_ratio,fragmentomics,0.013291702641866784
1,5,methylation__CpG_R0164,methylation,0.39787299643647306
1,5,methylation__CpG_R1263,methylation,0.38667006820420224
1,5,methylation__CpG_R0607,methylation,0.3393961700539445
1,5,methylation__CpG_R0805,methylation,0.32139632679400426
1,5,methylation__CpG_R0360,methylation,0.2878394781062378
1,5,protein__CYFRA21_1,protein,0.38791455973549144
1,5,protein__CEA,protein,0.3336710671861249
1,5,protein__TIMP1,protein,0.23521106038554046
1,5,fragmentomics__end_motif_CCCA,fragmentomics,0.14834116144543408
1,5,fragmentomics__short_to_long_frag_ratio,fragmentomics,0.129749846499431
2,1,methylation__CpG_R0164,methylation,0.3802398081479939
2,1,methylation__CpG_R0607,methylation,0.374014089809911
2,1,methylation__CpG_R1263,methylation,0.2639327071548238
2,1,methylation__CpG_R0805,methylation,0.22839499751777584
2,1,methylation__CpG_R1905,methylation,0.18353671928690468
2,1,protein__CYFRA21_1,protein,0.37661354289406873
2,1,protein__GDF15,protein,0.37145644772466435
2,1,protein__CEA,protein,0.3125134199874837
2,1,fragmentomics__short_to_long_frag_ratio,fragmentomics,0.038930867139587086
2,1,fragmentomics__end_motif_CCCA,fragmentomics,0.015181476812653256
2,2,methylation__CpG_R0164,methylation,0.307066967823161
2,2,methylation__CpG_R1263,methylation,0.29614436951304907
2,2,methylation__CpG_R0607,methylation,0.27006065583343153
2,2,methylation__CpG_R0146,methylation,0.23954185348624796
2,2,methylation__CpG_R0360,methylation,0.2114369342836672
2,2,protein__CEA,protein,0.29529974462576813
2,2,protein__GDF15,protein,0.1757961904811093
2,2,protein__OPN,protein,0.13532344427749363
2,2,fragmentomics__short_to_long_frag_ratio,fragmentomics,0.17712988038589883
2,3,methylation__CpG_R0607,methylation,0.4287005426707624
2,3,methylation__CpG_R0805,methylation,0.40114504657076805
2,3,methylation__CpG_R1041,methylation,-0.28200065264205376
2,3,methylation__CpG_R1263,methylation,0.2759530031257784
2,3,methylation__CpG_R0164,methylation,0.26165585867066055
2,3,protein__CEA,protein,0.383887452997489
2,3,protein__CYFRA21_1,protein,0.2491563235506604
2,3,protein__CRP,protein,0.1860319365927888
2,3,fragmentomics__end_motif_CCCA,fragmentomics,0.2011591188737224
2,3,fragmentomics__short_to_long_frag_ratio,fragmentomics,0.16928894702175018
2,4,methylation__CpG_R0805,methylation,0.5416746423926727
2,4,methylation__CpG_R0360,methylation,0.4533474957145573
2,4,methylation__CpG_R0607,methylation,0.4231341262276778
2,4,methylation__CpG_R0634,methylation,0.4159037955924068
2,4,methylation__CpG_R0164,methylation,0.34256023673426933
2,4,protein__CEA,protein,0.41532770596741503
2,4,protein__CYFRA21_1,protein,0.26572995642191416
2,4,protein__GDF15,protein,0.2464574483626828
2,4,fragmentomics__short_to_long_frag_ratio,fragmentomics,0.27837250665282887
2,4,fragmentomics__end_motif_CCAG,fragmentomics,-0.044619880680139744
2,5,methylation__CpG_R0360,methylation,0.4387391472464749
2,5,methylation__CpG_R0607,methylation,0.3709368041955489
2,5,methylation__CpG_R0164,methylation,0.365559053294927
2,5,methylation__CpG_R1263,methylation,0.352619372701719
2,5,methylation__CpG_R0027,methylation,0.32082338232018615
2,5,protein__CEA,protein,0.4543843702809351
2,5,protein__CYFRA21_1,protein,0.3915279135299536
2,5,protein__GDF15,protein,0.3693804828600902
2,5,fragmentomics__end_motif_CCCA,fragmentomics,0.20652145121161974
2,5,fragmentomics__end_motif_CCAG,fragmentomics,-0.11666259391658823
3,1,methylation__CpG_R0607,methylation,0.4638426213828375
3,1,methylation__CpG_R0164,methylation,0.461815949276543
3,1,methylation__CpG_R1263,methylation,0.4283386785172292
3,1,methylation__CpG_R0360,methylation,0.40757744530058715
3,1,methylation__CpG_R0805,methylation,0.30266270894953506
3,1,protein__CYFRA21_1,protein,0.371779915571299
3,1,protein__CEA,protein,0.3679042696984102
3,1,protein__OPN,protein,0.3459030605312826
3,1,fragmentomics__short_to_long_frag_ratio,fragmentomics,0.2067432154680237
3,1,fragmentomics__end_motif_CCAG,fragmentomics,-0.16102475662808838
3,2,methylation__CpG_R0607,methylation,0.4704205782004169
3,2,methylation__CpG_R0805,methylation,0.3070753464814022
3,2,methylation__CpG_R0360,methylation,0.22467471186712792
3,2,methylation__CpG_R0164,methylation,0.22039969758710262
3,2,methylation__CpG_R0146,methylation,0.21261701456603355
3,2,protein__CYFRA21_1,protein,0.26073245211954743
3,2,protein__CEA,protein,0.2527587448399242
3,2,protein__GDF15,protein,0.16656368607926167
3,2,fragmentomics__end_motif_CCCA,fragmentomics,0.0864621296252029
3,3,methylation__CpG_R0607,methylation,0.4301493206136357
3,3,methylation__CpG_R0805,methylation,0.3626472557665137
3,3,methylation__CpG_R0164,methylation,0.36071108413364245
3,3,methylation__CpG_R1263,methylation,0.3506897476730339
3,3,methylation__CpG_R0360,methylation,0.3350636949757963
3,3,protein__CEA,protein,0.5219090925601458
3,3,protein__CYFRA21_1,protein,0.3727591811158417
3,3,protein__CRP,protein,0.23663216278368263
3,3,fragmentomics__short_to_long_frag_ratio,fragmentomics,0.3049436794570246
3,3,fragmentomics__mean_frag_length,fragmentomics,-0.09978588725653702
3,4,methylation__CpG_R1263,methylation,0.4034418211200689
3,4,methylation__CpG_R0164,methylation,0.3591799508265091
3,4,methylation__CpG_R0607,methylation,0.3104810667967518
3,4,methylation__CpG_R0360,methylation,0.24061503806834825
3,4,methylation__CpG_R0805,methylation,0.17758911640222994
3,4,protein__CYFRA21_1,protein,0.26376298602291326
3,4,protein__CEA,protein,0.22723490300769017
3,4,protein__CRP,protein,0.16894070003589848
3,4,fragmentomics__short_to_long_frag_ratio,fragmentomics,0.0626255692696641
3,4,fragmentomics__end_motif_CCAG,fragmentomics,-0.02112938717551875
3,5,methylation__CpG_R0805,methylation,0.35375446616787976
3,5,methylation__CpG_R0164,methylation,0.2844378812320165
3,5,methylation__CpG_R0607,methylation,0.262605449826328
3,5,methylation__CpG_R0360,methylation,0.25053860707624787
3,5,methylation__CpG_R1263,methylation,0.20088341353410955
3,5,protein__CEA,protein,0.45399453112805493
3,5,protein__GDF15,protein,0.33723105876583837
3,5,protein__SAA1,protein,0.15124725450740495
3,5,fragmentomics__short_to_long_frag_ratio,fragmentomics,0.21714910705847398
4,1,methylation__CpG_R1263,methylation,0.4139601175662507
4,1,methylation__CpG_R0607,methylation,0.2884048416428109
4,1,methylation__CpG_R0164,methylation,0.24424434053179284
4,1,methylation__CpG_R0805,methylation,0.22685065477308536
4,1,methylation__CpG_R0360,methylation,0.20452767227914478
4,1,protein__CEA,protein,0.2778616072282114
4,1,protein__CYFRA21_1,protein,0.24101340340748675
4,1,protein__CRP,protein,0.20272703419818375
4,1,fragmentomics__short_to_long_frag_ratio,fragmentomics,0.05122148526985872
4,1,fragmentomics__end_motif_CCAG,fragmentomics,-0.028731825999374037
4,2,methylation__CpG_R0607,methylation,0.3384954915958411
4,2,methylation__CpG_R0805,methylation,0.3181820521977756
4,2,methylation__CpG_R0360,methylation,0.3014693503251206
4,2,methylation__CpG_R1263,methylation,0.25126060490883523
4,2,methylation__CpG_R0764,methylation,0.250976422458162
4,2,protein__CEA,protein,0.25593234566911793
4,2,protein__GDF15,protein,0.2214063329504703
4,2,protein__CRP,protein,0.1916289661016531
4,2,fragmentomics__short_to_long_frag_ratio,fragmentomics,0.20617472550431112
4,2,fragmentomics__end_motif_CCCA,fragmentomics,0.14834946352295775
4,3,methylation__CpG_R0164,methylation,0.400316208973976
4,3,methylation__CpG_R0360,methylation,0.2979924741215495
4,3,methylation__CpG_R0607,methylation,0.2914287498343694
4,3,methylation__CpG_R0805,methylation,0.2153088638050242
4,3,methylation__CpG_R1263,methylation,0.20425257677465058
4,3,protein__CEA,protein,0.32178036194533594
4,3,protein__GDF15,protein,0.21588833339937277
4,3,protein__CYFRA21_1,protein,0.16351225051643403
4,3,fragmentomics__short_to_long_frag_ratio,fragmentomics,0.0030456330664370922
4,4,methylation__CpG_R0360,methylation,0.35336310012514704
4,4,methylation__CpG_R0164,methylation,0.35194826491204884
4,4,methylation__CpG_R0805,methylation,0.3363919212956356
4,4,methylation__CpG_R0607,methylation,0.28486975227418404
4,4,methylation__CpG_R1848,methylation,-0.23364335352913845
4,4,protein__CEA,protein,0.42693748821230754
4,4,protein__CYFRA21_1,protein,0.3721358994438484
4,4,protein__GDF15,protein,0.37071741204081654
4,4,fragmentomics__short_to_long_frag_ratio,fragmentomics,0.2713349206784744
4,4,fragmentomics__end_motif_CCCA,fragmentomics,0.0410307058021252
4,5,methylation__CpG_R0607,methylation,0.5504071088589766
4,5,methylation__CpG_R0164,methylation,0.40268850116221167
4,5,methylation__CpG_R0146,methylation,0.37599788263528067
4,5,methylation__CpG_R0805,methylation,0.2813437315449214
4,5,methylation__CpG_R0902,methylation,-0.2787108003165403
4,5,protein__CEA,protein,0.37271032740791427
4,5,protein__CYFRA21_1,protein,0.34149795097247493
4,5,protein__CRP,protein,0.23945891017909834
4,5,fragmentomics__short_to_long_frag_ratio,fragmentomics,0.03182806787246487
5,1,methylation__CpG_R0607,methylation,0.4185979845171881
5,1,methylation__CpG_R0164,methylation,0.3215529010229648
5,1,methylation__CpG_R0360,methylation,0.31777569474683554
5,1,methylation__CpG_R0805,methylation,0.2230292872846573
5,1,methylation__CpG_R1263,methylation,0.22185461633876263
5,1,protein__CEA,protein,0.3336412107508979
5,1,protein__GDF15,protein,0.3249436999496679
5,1,protein__CYFRA21_1,protein,0.15414365672989502
5,1,fragmentomics__short_to_long_frag_ratio,fragmentomics,0.12846351136374937
5,1,fragmentomics__end_motif_CCCA,fragmentomics,0.005335523924451483
5,2,methylation__CpG_R0607,methylation,0.41215305279924874
5,2,methylation__CpG_R0164,methylation,0.3981259023766156
5,2,methylation__CpG_R0805,methylation,0.3790805422481001
5,2,methylation__CpG_R0360,methylation,0.33225306607988814
5,2,methylation__CpG_R1263,methylation,0.32335782792764123
5,2,protein__CYFRA21_1,protein,0.45057419506951074
5,2,protein__GDF15,protein,0.29971441483428796
5,2,protein__CEA,protein,0.2603838387296795
5,2,fragmentomics__short_to_long_frag_ratio,fragmentomics,0.13861705025233548
5,2,fragmentomics__mean_frag_length,fragmentomics,-0.07881873339102878
5,3,methylation__CpG_R0360,methylation,0.35130211023584396
5,3,methylation__CpG_R0164,methylation,0.3217410386311762
5,3,methylation__CpG_R0607,methylation,0.2751819943577947
5,3,methylation__CpG_R1539,methylation,0.272658794222228
5,3,methylation__CpG_R0146,methylation,0.24866214204888584
5,3,protein__CYFRA21_1,protein,0.2843323291204736
5,3,protein__CEA,protein,0.22149618731870432
5,3,protein__SAA1,protein,0.08695069637010418
5,3,fragmentomics__short_to_long_frag_ratio,fragmentomics,0.1067461718126526
5,3,fragmentomics__end_motif_CCAG,fragmentomics,-0.05424805400791263
5,4,methylation__CpG_R0607,methylation,0.4125749455263278
5,4,methylation__CpG_R0805,methylation,0.4107075929464922
5,4,methylation__CpG_R1263,methylation,0.3365997027496628
5,4,methylation__CpG_R0164,methylation,0.2889373495282277
5,4,methylation__CpG_R1646,methylation,0.23300653577006233
5,4,protein__CEA,protein,0.5826276820092157
5,4,protein__CYFRA21_1,protein,0.3274343565795108
5,4,protein__CRP,protein,0.2739142542417527
5,4,fragmentomics__end_motif_CCCA,fragmentomics,0.18436393045868546
5,4,fragmentomics__short_to_long_frag_ratio,fragmentomics,0.16679287109599375
5,5,methylation__CpG_R0164,methylation,0.3945345046924252
5,5,methylation__CpG_R0805,methylation,0.3781347655770962
5,5,methylation__CpG_R1263,methylation,0.3658997994510811
5,5,methylation__CpG_R0607,methylation,0.36024114663758566
5,5,methylation__CpG_R0360,methylation,0.3343071449077461
5,5,protein__CEA,protein,0.41395052913687486
5,5,protein__GDF15,protein,0.32889004739136946
5,5,protein__CYFRA21_1,protein,0.2371356319442444
5,5,fragmentomics__short_to_long_frag_ratio,fragmentomics,0.20211687639704431
5,5,fragmentomics__end_motif_CCCA,fragmentomics,0.13271981612103567
