repeat_id,fold,patient_id,sample_id,stage,site,plate_id,cancer_status,probability
1,1,PT1085,S47112,Control,B,PLT03,0,0.40701010697718165
1,1,PT1129,S11433,III,A,PLT01,1,0.5332212547167673
1,1,PT1259,S60265,Control,A,PLT01,0,0.558916541981728
1,1,PT1339,S93401,III,B,PLT02,1,0.6555848796440207
1,1,PT1408,S80216,Control,B,PLT03,0,0.5406986223071837
1,1,PT1422,S14483,I,A,PLT01,1,0.43578334579509076
1,1,PT1440,S78430,Control,B,PLT03,0,0.5848981196204115
1,1,PT2712,S73152,Control,B,PLT03,0,0.45433086496451225
1,1,PT2997,S85080,IV,A,PLT02,1,0.5445481111434551
1,1,PT3138,S74431,Control,B,PLT03,0,0.19194680758473548
1,1,PT3500,S53148,II,A,PLT01,1,0.47845239386128313
1,1,PT3585,S97010,III,A,PLT01,1,0.6222537208043397
1,1,PT3674,S32217,IV,A,PLT01,1,0.6657070938692554
1,1,PT3863,S37801,Control,A,PLT01,0,0.18911688950706582
1,1,PT4447,S97610,Control,B,PLT03,0,0.40144375349402356
1,1,PT5318,S37493,III,B,PLT03,1,0.7207074172790076
1,1,PT5340,S73286,Control,B,PLT02,0,0.4026162760819689
1,1,PT5379,S71885,III,A,PLT01,1,0.7772709162568845
1,1,PT5446,S30047,II,A,PLT01,1,0.5834034706839446
1,1,PT5474,S22626,Control,B,PLT02,0,0.2192655836098572
1,1,PT5798,S41494,Control,B,PLT02,0,0.43980569387676566
1,1,PT6303,S56427,I,B,PLT02,1,0.548869168160402
1,1,PT6337,S57305,III,A,PLT02,1,0.9043371026413106
1,1,PT6489,S96216,IV,B,PLT03,1,0.8229160911191404
1,1,PT6528,S56591,IV,A,PLT01,1,0.6438963009414783
1,1,PT6655,S47357,Control,B,PLT02,0,0.31610485978176434
1,1,PT6753,S90420,Control,A,PLT01,0,0.4713880197448092
1,1,PT6855,S26913,Control,B,PLT02,0,0.3008327158125835
1,1,PT6967,S74034,III,B,PLT03,1,0.6846375006541429
1,1,PT7266,S65059,III,A,PLT01,1,0.6060870944433833
1,1,PT7272,S18357,Control,B,PLT02,0,0.5704958743888345
1,1,PT7895,S77373,Control,B,PLT03,0,0.20340893502793514
1,1,PT8004,S80382,Control,A,PLT01,0,0.16124198146327617
1,1,PT8109,S34617,IV,B,PLT02,1,0.7157718096708625
1,1,PT8542,S47735,Control,B,PLT02,0,0.6280632000357795
1,1,PT8910,S87046,III,A,PLT02,1,0.8451712989284386
1,1,PT8977,S75921,Control,A,PLT01,0,0.34550314090175765
1,1,PT9058,S77432,IV,A,PLT02,1,0.5214611978381964
1,1,PT9070,S57619,IV,A,PLT01,1,0.7677579173784286
1,1,PT9452,S91303,II,A,PLT01,1,0.746399470363893
1,1,PT9569,S42614,Control,B,PLT03,0,0.3638801246616701
1,1,PT9979,S76523,Control,A,PLT02,0,0.5205957576563396
1,1,PT9997,S41692,IV,A,PLT01,1,0.8509638697434262
1,2,PT1066,S69702,Control,B,PLT02,0,0.5172756027468667
1,2,PT1291,S63112,Control,B,PLT02,0,0.10384716034592226
1,2,PT1413,S77854,Control,B,PLT03,0,0.3271757820164999
1,2,PT1461,S93719,IV,A,PLT01,1,0.8506109579353494
1,2,PT1538,S81906,IV,A,PLT02,1,0.8418064035545004
1,2,PT1741,S26136,II,A,PLT01,1,0.8167195357328618
1,2,PT1912,S67750,Control,A,PLT02,0,0.10982591155027474
1,2,PT2195,S73082,I,A,PLT01,1,0.3616911796372888
1,2,PT2335,S58869,IV,B,PLT03,1,0.7163415197842873
1,2,PT2388,S28856,II,B,PLT03,1,0.7423553406219496
1,2,PT2639,S83332,Control,B,PLT02,0,0.4583135542395379
1,2,PT2756,S37874,Control,B,PLT02,0,0.7745057088981468
1,2,PT2852,S69342,Control,B,PLT03,0,0.601856972451836
1,2,PT3250,S90553,Control,B,PLT02,0,0.15386266206748708
1,2,PT3605,S67690,IV,B,PLT02,1,0.7006549242577671
1,2,PT3765,S55327,III,A,PLT01,1,0.8227238233364735
1,2,PT3801,S40397,I,A,PLT02,1,0.6705175696614157
1,2,PT3856,S98867,I,B,PLT03,1,0.604252555103183
1,2,PT4161,S70419,Control,A,PLT01,0,0.6195502315072308
1,2,PT4429,S45208,III,A,PLT02,1,0.8238957756085449
1,2,PT4486,S57955,III,A,PLT02,1,0.779454757058928
1,2,PT4559,S99522,Control,B,PLT02,0,0.15101697906815184
1,2,PT4569,S11531,III,A,PLT01,1,0.48492245442758064
1,2,PT5168,S27741,Control,B,PLT03,0,0.4220823367507819
1,2,PT5228,S69644,II,A,PLT01,1,0.5881515585401575
1,2,PT5530,S77384,Control,A,PLT02,0,0.28645406153234676
1,2,PT6384,S54795,Control,A,PLT01,0,0.3526932163877478
1,2,PT6536,S30940,III,A,PLT01,1,0.6978063745742537
1,2,PT6546,S50239,IV,B,PLT03,1,0.5260278089150617
1,2,PT6907,S36486,III,B,PLT03,1,0.7976875632095525
1,2,PT6956,S42150,Control,B,PLT03,0,0.38677482028690113
1,2,PT6983,S66157,IV,A,PLT02,1,0.9400514604065214
1,2,PT7051,S83983,IV,A,PLT01,1,0.780604887346117
1,2,PT7173,S39929,Control,A,PLT01,0,0.36618780277494123
1,2,PT7420,S20205,IV,A,PLT01,1,0.8218957094766557
1,2,PT7454,S67725,III,B,PLT02,1,0.6931231669512065
1,2,PT7485,S86250,Control,B,PLT03,0,0.5751902116737215
1,2,PT7552,S22000,Control,A,PLT01,0,0.2221813018014835
1,2,PT7692,S75205,II,B,PLT02,1,0.8020459455451975
1,2,PT7696,S68004,Control,B,PLT03,0,0.21255927622477627
1,2,PT8016,S31091,IV,A,PLT01,1,0.7153510594091314
1,2,PT8044,S76214,III,A,PLT01,1,0.7057166352144667
1,2,PT8552,S68225,Control,B,PLT02,0,0.11313709917520946
1,2,PT8897,S35272,Control,B,PLT03,0,0.5065062443333457
1,2,PT9572,S10762,Control,B,PLT03,0,0.200515047382694
1,3,PT1712,S81539,III,A,PLT01,1,0.4831136741029256
1,3,PT1722,S32123,Control,B,PLT03,0,0.30932416734568013
1,3,PT1833,S14113,Control,B,PLT02,0,0.25991002557044457
1,3,PT1968,S19064,Control,B,PLT03,0,0.17286509204681855
1,3,PT2130,S42225,Control,B,PLT02,0,0.3263755332246326
1,3,PT2447,S82124,I,B,PLT03,1,0.48046220574545623
1,3,PT2464,S86937,IV,A,PLT01,1,0.8619032807148611
1,3,PT2606,S99881,Control,B,PLT03,0,0.038951460038014515
1,3,PT2627,S34184,IV,A,PLT02,1,0.8636443743452135
1,3,PT3209,S40402,IV,A,PLT01,1,0.924092203579258
1,3,PT3231,S70078,III,A,PLT01,1,0.8870202657446438
1,3,PT3335,S29263,II,B,PLT03,1,0.6845256226318037
1,3,PT3532,S13372,IV,B,PLT03,1,0.8622062484552164
1,3,PT3726,S56214,III,B,PLT02,1,0.2358891902937889
1,3,PT4537,S58246,II,A,PLT01,1,0.3598992632036265
1,3,PT4552,S22582,Control,A,PLT01,0,0.29645327445490227
1,3,PT4588,S90842,Control,A,PLT01,0,0.6947291636287242
1,3,PT4876,S54557,Control,B,PLT03,0,0.0846502297056629
1,3,PT4991,S19663,Control,A,PLT01,0,0.10190591582175
1,3,PT5121,S66171,Control,B,PLT02,0,0.4733178767288044
1,3,PT5455,S72348,I,A,PLT01,1,0.03915364892554442
1,3,PT5511,S16883,IV,A,PLT01,1,0.7689808557043
1,3,PT5585,S39189,Control,B,PLT03,0,0.04237534409891091
1,3,PT5825,S43615,III,A,PLT02,1,0.8588139665150651
1,3,PT5994,S61995,III,B,PLT03,1,0.9409705477963363
1,3,PT6169,S17892,Control,A,PLT02,0,0.03912902426905954
1,3,PT6590,S73398,Control,B,PLT03,0,0.2645493427810243
1,3,PT6816,S39802,Control,A,PLT01,0,0.1429068949368565
1,3,PT6822,S51353,III,A,PLT01,1,0.9983689591259013
1,3,PT7054,S82910,Control,B,PLT02,0,0.15795860907811587
1,3,PT7530,S62065,Control,B,PLT02,0,0.23255407631795472
1,3,PT7542,S48835,Control,B,PLT03,0,0.10186701409536893
1,3,PT7575,S80885,Control,A,PLT01,0,0.23542037050313344
1,3,PT7741,S24161,III,A,PLT01,1,0.9699355739989414
1,3,PT7742,S30941,Control,B,PLT03,0,0.06028520211775563
1,3,PT8021,S15006,II,A,PLT01,1,0.32565688866970377
1,3,PT8118,S76702,Control,B,PLT02,0,0.2401349933015526
1,3,PT8119,S22546,Control,A,PLT02,0,0.46016368521770107
1,3,PT8145,S92114,II,A,PLT02,1,0.6421157052047881
1,3,PT8470,S35865,III,B,PLT03,1,0.3741988604789518
1,3,PT8599,S85600,IV,A,PLT01,1,0.6347128551764568
1,3,PT8715,S37121,Control,B,PLT02,0,0.018231639036597302
1,3,PT9241,S65213,IV,B,PLT02,1,0.8525224383575557
1,3,PT9260,S79243,III,B,PLT02,1,0.74472322734871
1,4,PT1080,S69065,Control,A,PLT01,0,0.41676946247746793
1,4,PT1116,S27002,IV,A,PLT02,1,0.8731724070907866
1,4,PT1652,S13758,Control,B,PLT03,0,0.4587971402954629
1,4,PT1919,S70794,Control,A,PLT01,0,0.6832574642139566
1,4,PT1966,S70102,III,A,PLT01,1,0.6771691081595461
1,4,PT2324,S54601,III,A,PLT02,1,0.6337062429139512
1,4,PT2445,S88458,Control,B,PLT02,0,0.3604425299925581
1,4,PT2479,S42193,Control,B,PLT02,0,0.34800317682628457
1,4,PT2760,S47525,III,A,PLT01,1,0.7061316257141204
1,4,PT2768,S47084,Control,B,PLT02,0,0.20069202473547743
1,4,PT2796,S66412,II,A,PLT01,1,0.15023693724380738
1,4,PT2894,S23612,IV,B,PLT03,1,0.7364089517187015
1,4,PT2943,S10321,Control,B,PLT03,0,0.23628764174036512
1,4,PT2945,S66966,II,A,PLT02,1,0.860238717397647
1,4,PT2966,S56086,Control,B,PLT02,0,0.41418651075482893
1,4,PT3410,S21401,III,A,PLT02,1,0.8768374532774167
1,4,PT3573,S35367,III,B,PLT03,1,0.41944681654277854
1,4,PT3781,S76588,Control,B,PLT02,0,0.31798831745202916
1,4,PT4077,S31029,Control,B,PLT03,0,0.6855015282181327
1,4,PT4093,S77255,III,A,PLT01,1,0.2432335207572538
1,4,PT4360,S71396,Control,B,PLT03,0,0.127118301536345
1,4,PT4534,S26192,Control,B,PLT03,0,0.45698680295081123
1,4,PT4939,S26188,Control,B,PLT03,0,0.3415615117074897
1,4,PT5029,S91148,III,B,PLT03,1,0.49167960579070374
1,4,PT5222,S74488,IV,A,PLT01,1,0.5102870802987463
1,4,PT5246,S94355,Control,B,PLT02,0,0.30970155682139683
1,4,PT5651,S29946,IV,A,PLT01,1,0.7689934053613582
1,4,PT6124,S78126,Control,B,PLT02,0,0.5349421032014455
1,4,PT6214,S33544,Control,B,PLT03,0,0.12917082732184967
1,4,PT6710,S47117,II,B,PLT03,1,0.6011888534150608
1,4,PT6999,S47376,Control,A,PLT02,0,0.13010276777449073
1,4,PT7015,S46008,III,A,PLT01,1,0.7822652798042347
1,4,PT7114,S84694,Control,B,PLT03,0,0.3183730963718988
1,4,PT7235,S48198,I,B,PLT03,1,0.5331484716268182
1,4,PT7431,S16388,IV,B,PLT02,1,0.8098887523945973
1,4,PT7852,S89708,III,B,PLT02,1,0.6567474677468215
1,4,PT8212,S69346,Control,A,PLT01,0,0.11402686233395048
1,4,PT8324,S45765,IV,A,PLT01,1,0.7148867325836681
1,4,PT8478,S63924,IV,A,PLT02,1,0.6848137776852855
1,4,PT8745,S69910,Control,A,PLT01,0,0.5428536412418905
1,4,PT8823,S41986,II,A,PLT01,1,0.6357825169759757
1,4,PT9338,S91783,Control,B,PLT02,0,0.43650297097298224
1,4,PT9695,S90768,Control,A,PLT01,0,0.19899908221874532
1,4,PT9853,S47186,I,A,PLT01,1,0.2877252910823875
1,5,PT1130,S15874,IV,B,PLT02,1,0.7562138699841963
1,5,PT1369,S57065,IV,B,PLT03,1,0.8574988550836158
1,5,PT1839,S98154,III,A,PLT01,1,0.5249222210406358
1,5,PT1902,S74204,Control,B,PLT03,0,0.6279196840673653
1,5,PT2142,S55883,I,A,PLT01,1,0.42878467429532435
1,5,PT2392,S95353,Control,B,PLT02,0,0.5428794231982065
1,5,PT2644,S92350,IV,A,PLT01,1,0.861431411359309
1,5,PT3397,S15363,III,A,PLT01,1,0.6424551680933613
1,5,PT3637,S30450,Control,B,PLT02,0,0.369202464808535
1,5,PT3932,S81473,III,A,PLT01,1,0.8253889216695761
1,5,PT4114,S41339,Control,B,PLT03,0,0.5537312280204972
1,5,PT4190,S30651,Control,B,PLT02,0,0.18239465762360674
1,5,PT4511,S82290,IV,A,PLT01,1,0.8722686324457495
1,5,PT4515,S20587,Control,A,PLT02,0,0.1587990824308927
1,5,PT4622,S23650,III,A,PLT01,1,0.6673215841923068
1,5,PT5248,S43898,Control,B,PLT03,0,0.1647202745262908
1,5,PT6002,S21659,Control,B,PLT02,0,0.3436428302229223
1,5,PT6443,S28304,II,B,PLT03,1,0.3595929775036918
1,5,PT6540,S64946,Control,B,PLT02,0,0.4406164685422894
1,5,PT7079,S47496,Control,A,PLT01,0,0.5308504387371172
1,5,PT7080,S12784,Control,A,PLT01,0,0.5770590504277398
1,5,PT7212,S44383,Control,A,PLT01,0,0.1147514698034292
1,5,PT7340,S56698,Control,A,PLT01,0,0.4982698989571761
1,5,PT7470,S66896,I,A,PLT02,1,0.7013852731650673
1,5,PT7573,S59139,IV,A,PLT02,1,0.9213510787275894
1,5,PT7627,S60601,II,A,PLT02,1,0.8781657507186333
1,5,PT7717,S74181,III,A,PLT02,1,0.5658203114215938
1,5,PT7755,S57005,Control,B,PLT03,0,0.8488271821916683
1,5,PT7842,S16734,Control,A,PLT02,0,0.4251108126738123
1,5,PT7904,S25749,Control,B,PLT03,0,0.15395146128033374
1,5,PT8003,S35676,III,B,PLT02,1,0.7747313737295072
1,5,PT8205,S44914,Control,B,PLT03,0,0.505876553325269
1,5,PT8300,S98567,III,A,PLT02,1,0.49059011093175503
1,5,PT8320,S18513,III,B,PLT03,1,0.7347691979733735
1,5,PT8729,S66024,II,A,PLT01,1,0.38536048804894774
1,5,PT8802,S16937,IV,A,PLT01,1,0.8762493761894244
1,5,PT8934,S61783,Control,B,PLT03,0,0.27690165901951813
1,5,PT8989,S76885,Control,B,PLT02,0,0.4059800734815394
1,5,PT9196,S74878,II,A,PLT01,1,0.4617444938191593
1,5,PT9212,S76541,Control,B,PLT02,0,0.20006283679305403
1,5,PT9340,S94603,IV,A,PLT01,1,0.9631710310079729
1,5,PT9519,S98166,I,B,PLT03,1,0.7156853560037352
1,5,PT9589,S30642,IV,A,PLT02,1,0.8753092964980455
2,1,PT1066,S69702,Control,B,PLT02,0,0.5325297651380926
2,1,PT1080,S69065,Control,A,PLT01,0,0.45532486169873254
2,1,PT1116,S27002,IV,A,PLT02,1,0.882476368860366
2,1,PT1408,S80216,Control,B,PLT03,0,0.454145332305947
2,1,PT1652,S13758,Control,B,PLT03,0,0.5593864441575874
2,1,PT1722,S32123,Control,B,PLT03,0,0.38806286008377117
2,1,PT2195,S73082,I,A,PLT01,1,0.29637593447071386
2,1,PT2447,S82124,I,B,PLT03,1,0.5535250567393183
2,1,PT2644,S92350,IV,A,PLT01,1,0.8517285642823478
2,1,PT2756,S37874,Control,B,PLT02,0,0.7339852226314559
2,1,PT2760,S47525,III,A,PLT01,1,0.5694628336142135
2,1,PT3532,S13372,IV,B,PLT03,1,0.9014297507225763
2,1,PT3605,S67690,IV,B,PLT02,1,0.6407985093902673
2,1,PT3637,S30450,Control,B,PLT02,0,0.669083001856828
2,1,PT3765,S55327,III,A,PLT01,1,0.8122467855267498
2,1,PT3781,S76588,Control,B,PLT02,0,0.32335669082203855
2,1,PT3863,S37801,Control,A,PLT01,0,0.041121897365706574
2,1,PT4114,S41339,Control,B,PLT03,0,0.5032850065769089
2,1,PT4190,S30651,Control,B,PLT02,0,0.292126417316699
2,1,PT4559,S99522,Control,B,PLT02,0,0.09032989929360466
2,1,PT4569,S11531,III,A,PLT01,1,0.6278929213758817
2,1,PT5379,S71885,III,A,PLT01,1,0.8110811045793258
2,1,PT5530,S77384,Control,A,PLT02,0,0.24554574837216975
2,1,PT5825,S43615,III,A,PLT02,1,0.7560257813101029
2,1,PT6214,S33544,Control,B,PLT03,0,0.13208862153949458
2,1,PT6967,S74034,III,B,PLT03,1,0.6101121409967831
2,1,PT7051,S83983,IV,A,PLT01,1,0.857331777713784
2,1,PT7340,S56698,Control,A,PLT01,0,0.4273876543602057
2,1,PT7485,S86250,Control,B,PLT03,0,0.4897070948311129
2,1,PT7552,S22000,Control,A,PLT01,0,0.35576503641483626
2,1,PT7692,S75205,II,B,PLT02,1,0.7743580258718585
2,1,PT7696,S68004,Control,B,PLT03,0,0.22631691555732084
2,1,PT8003,S35676,III,B,PLT02,1,0.7428835678305454
2,1,PT8470,S35865,III,B,PLT03,1,0.4785768404317723
2,1,PT8478,S63924,IV,A,PLT02,1,0.7146116622780764
2,1,PT8599,S85600,IV,A,PLT01,1,0.5337458869941224
2,1,PT8745,S69910,Control,A,PLT01,0,0.6228153588272092
2,1,PT8823,S41986,II,A,PLT01,1,0.5677439670699181
2,1,PT8910,S87046,III,A,PLT02,1,0.7915383196686913
2,1,PT9070,S57619,IV,A,PLT01,1,0.7923723476073584
2,1,PT9212,S76541,Control,B,PLT02,0,0.37877899513313157
2,1,PT9452,S91303,II,A,PLT01,1,0.5957832246493004
2,1,PT9979,S76523,Control,A,PLT02,0,0.5514682759202816
2,2,PT1369,S57065,IV,B,PLT03,1,0.7734062143930001
2,2,PT1538,S81906,IV,A,PLT02,1,0.8795370097109769
2,2,PT1966,S70102,III,A,PLT01,1,0.551630960889894
2,2,PT2324,S54601,III,A,PLT02,1,0.5620433177411114
2,2,PT2388,S28856,II,B,PLT03,1,0.5933003555957184
2,2,PT2445,S88458,Control,B,PLT02,0,0.253995301103303
2,2,PT2966,S56086,Control,B,PLT02,0,0.5066395052164733
2,2,PT3932,S81473,III,A,PLT01,1,0.830904571270797
2,2,PT4093,S77255,III,A,PLT01,1,0.384265417718584
2,2,PT4939,S26188,Control,B,PLT03,0,0.3544433206164604
2,2,PT5029,S91148,III,B,PLT03,1,0.6414363026249237
2,2,PT5121,S66171,Control,B,PLT02,0,0.4247010092722606
2,2,PT5168,S27741,Control,B,PLT03,0,0.2361412481186272
2,2,PT5228,S69644,II,A,PLT01,1,0.575315933558757
2,2,PT5446,S30047,II,A,PLT01,1,0.4621551921771992
2,2,PT5455,S72348,I,A,PLT01,1,0.17465345896364481
2,2,PT5474,S22626,Control,B,PLT02,0,0.24291252866351684
2,2,PT5651,S29946,IV,A,PLT01,1,0.740169462232286
2,2,PT6124,S78126,Control,B,PLT02,0,0.5575106532980719
2,2,PT6337,S57305,III,A,PLT02,1,0.8696625884927341
2,2,PT6384,S54795,Control,A,PLT01,0,0.36906285044278014
2,2,PT6528,S56591,IV,A,PLT01,1,0.7547601748282664
2,2,PT6546,S50239,IV,B,PLT03,1,0.556858618688696
2,2,PT6590,S73398,Control,B,PLT03,0,0.25074520525131555
2,2,PT6753,S90420,Control,A,PLT01,0,0.3793446489933512
2,2,PT7114,S84694,Control,B,PLT03,0,0.5358830119829859
2,2,PT7235,S48198,I,B,PLT03,1,0.5274772257278861
2,2,PT7266,S65059,III,A,PLT01,1,0.6175833006536252
2,2,PT7431,S16388,IV,B,PLT02,1,0.7454077087278366
2,2,PT7470,S66896,I,A,PLT02,1,0.5679747371020882
2,2,PT7542,S48835,Control,B,PLT03,0,0.2769802572571287
2,2,PT7573,S59139,IV,A,PLT02,1,0.7572475172884049
2,2,PT7742,S30941,Control,B,PLT03,0,0.13156270629388508
2,2,PT7895,S77373,Control,B,PLT03,0,0.18902195600855157
2,2,PT8021,S15006,II,A,PLT01,1,0.34555158033197003
2,2,PT8119,S22546,Control,A,PLT02,0,0.38333189219484853
2,2,PT8212,S69346,Control,A,PLT01,0,0.2972306251446977
2,2,PT8552,S68225,Control,B,PLT02,0,0.21208538210223982
2,2,PT8802,S16937,IV,A,PLT01,1,0.8523577306600859
2,2,PT8989,S76885,Control,B,PLT02,0,0.18858797616226164
2,2,PT9260,S79243,III,B,PLT02,1,0.5295143932826832
2,2,PT9340,S94603,IV,A,PLT01,1,0.7687211255254924
2,2,PT9572,S10762,Control,B,PLT03,0,0.2530920451979253
2,2,PT9695,S90768,Control,A,PLT01,0,0.12359617283112886
2,3,PT1085,S47112,Control,B,PLT03,0,0.4243208823625217
2,3,PT1130,S15874,IV,B,PLT02,1,0.7290328034612781
2,3,PT1339,S93401,III,B,PLT02,1,0.5358307451890315
2,3,PT1413,S77854,Control,B,PLT03,0,0.25811310262680953
2,3,PT1422,S14483,I,A,PLT01,1,0.2572532145418174
2,3,PT1839,S98154,III,A,PLT01,1,0.576627868384913
2,3,PT1919,S70794,Control,A,PLT01,0,0.677444244679813
2,3,PT2130,S42225,Control,B,PLT02,0,0.2704965450007122
2,3,PT2606,S99881,Control,B,PLT03,0,0.08527303268669575
2,3,PT2639,S83332,Control,B,PLT02,0,0.38495452289698684
2,3,PT2943,S10321,Control,B,PLT03,0,0.28732840571429225
2,3,PT3250,S90553,Control,B,PLT02,0,0.13675116022146278
2,3,PT3397,S15363,III,A,PLT01,1,0.6897481157759296
2,3,PT3573,S35367,III,B,PLT03,1,0.4291827185787108
2,3,PT4486,S57955,III,A,PLT02,1,0.7491078369562091
2,3,PT4515,S20587,Control,A,PLT02,0,0.18396135773155703
2,3,PT4622,S23650,III,A,PLT01,1,0.7135481478375092
2,3,PT4991,S19663,Control,A,PLT01,0,0.14142739073183155
2,3,PT5222,S74488,IV,A,PLT01,1,0.3242899925173011
2,3,PT5511,S16883,IV,A,PLT01,1,0.8504561270601643
2,3,PT6169,S17892,Control,A,PLT02,0,0.11452241993705621
2,3,PT6303,S56427,I,B,PLT02,1,0.4984516027876656
2,3,PT6489,S96216,IV,B,PLT03,1,0.9096996819749542
2,3,PT6536,S30940,III,A,PLT01,1,0.5573284822347677
2,3,PT6540,S64946,Control,B,PLT02,0,0.23544164309802867
2,3,PT6655,S47357,Control,B,PLT02,0,0.2972833122541105
2,3,PT6710,S47117,II,B,PLT03,1,0.7260479173052025
2,3,PT6983,S66157,IV,A,PLT02,1,0.8915200069953089
2,3,PT7054,S82910,Control,B,PLT02,0,0.3760192644596936
2,3,PT7173,S39929,Control,A,PLT01,0,0.17010914498230184
2,3,PT7575,S80885,Control,A,PLT01,0,0.3203735236073578
2,3,PT7627,S60601,II,A,PLT02,1,0.6750933949679424
2,3,PT7717,S74181,III,A,PLT02,1,0.4277154600958816
2,3,PT7904,S25749,Control,B,PLT03,0,0.1681293215928098
2,3,PT8016,S31091,IV,A,PLT01,1,0.8802466276971664
2,3,PT8205,S44914,Control,B,PLT03,0,0.6075010288580959
2,3,PT8324,S45765,IV,A,PLT01,1,0.7826267320567202
2,3,PT8715,S37121,Control,B,PLT02,0,0.2480146043720657
2,3,PT8729,S66024,II,A,PLT01,1,0.2737773548898373
2,3,PT8934,S61783,Control,B,PLT03,0,0.3508033472283955
2,3,PT8977,S75921,Control,A,PLT01,0,0.3393785594371149
2,3,PT9196,S74878,II,A,PLT01,1,0.6598710883720034
2,3,PT9519,S98166,I,B,PLT03,1,0.6681389122757074
2,3,PT9569,S42614,Control,B,PLT03,0,0.5807348370208935
2,4,PT1259,S60265,Control,A,PLT01,0,0.6626049207898753
2,4,PT1291,S63112,Control,B,PLT02,0,0.07006090921876076
2,4,PT1461,S93719,IV,A,PLT01,1,0.8894483348630197
2,4,PT1712,S81539,III,A,PLT01,1,0.7601057523376643
2,4,PT1741,S26136,II,A,PLT01,1,0.8245856261904104
2,4,PT1902,S74204,Control,B,PLT03,0,0.25383265200149974
2,4,PT1912,S67750,Control,A,PLT02,0,0.05824437301488756
2,4,PT1968,S19064,Control,B,PLT03,0,0.14692809918528546
2,4,PT2142,S55883,I,A,PLT01,1,0.5000838679144372
2,4,PT2335,S58869,IV,B,PLT03,1,0.4849777659167076
2,4,PT2479,S42193,Control,B,PLT02,0,0.500269824549597
2,4,PT2627,S34184,IV,A,PLT02,1,0.9389312722299766
2,4,PT2796,S66412,II,A,PLT01,1,0.12141739413291018
2,4,PT2945,S66966,II,A,PLT02,1,0.9426269088176666
2,4,PT3231,S70078,III,A,PLT01,1,0.8276448122840948
2,4,PT3585,S97010,III,A,PLT01,1,0.1719342012190473
2,4,PT3726,S56214,III,B,PLT02,1,0.3569754029566244
2,4,PT4077,S31029,Control,B,PLT03,0,0.6849386744144224
2,4,PT4161,S70419,Control,A,PLT01,0,0.48259287098178083
2,4,PT4360,S71396,Control,B,PLT03,0,0.07016679300848881
2,4,PT4429,S45208,III,A,PLT02,1,0.9241386349859009
2,4,PT4511,S82290,IV,A,PLT01,1,0.9580296223081082
2,4,PT4552,S22582,Control,A,PLT01,0,0.37670322455850164
2,4,PT5246,S94355,Control,B,PLT02,0,0.3175366438105519
2,4,PT5248,S43898,Control,B,PLT03,0,0.12704083786004053
2,4,PT5340,S73286,Control,B,PLT02,0,0.36737527795799857
2,4,PT5585,S39189,Control,B,PLT03,0,0.26260644532253313
2,4,PT5798,S41494,Control,B,PLT02,0,0.22707839947950836
2,4,PT5994,S61995,III,B,PLT03,1,0.8591669506640586
2,4,PT6443,S28304,II,B,PLT03,1,0.2618458820653334
2,4,PT6816,S39802,Control,A,PLT01,0,0.1795350652138501
2,4,PT6855,S26913,Control,B,PLT02,0,0.17997707657839268
2,4,PT6956,S42150,Control,B,PLT03,0,0.573814181945382
2,4,PT7080,S12784,Control,A,PLT01,0,0.6557872189657804
2,4,PT7420,S20205,IV,A,PLT01,1,0.8798734959651788
2,4,PT7454,S67725,III,B,PLT02,1,0.8758983785999122
2,4,PT7530,S62065,Control,B,PLT02,0,0.2907106230327402
2,4,PT7741,S24161,III,A,PLT01,1,0.9096681199629019
2,4,PT7842,S16734,Control,A,PLT02,0,0.440381574590202
2,4,PT8118,S76702,Control,B,PLT02,0,0.5421514519773089
2,4,PT8320,S18513,III,B,PLT03,1,0.8950575944532569
2,4,PT8897,S35272,Control,B,PLT03,0,0.6421909648147033
2,4,PT9058,S77432,IV,A,PLT02,1,0.723944036790644
2,4,PT9241,S65213,IV,B,PLT02,1,0.9303049300496141
2,5,PT1129,S11433,III,A,PLT01,1,0.6933661541333122
2,5,PT1440,S78430,Control,B,PLT03,0,0.6191955854104549
2,5,PT1833,S14113,Control,B,PLT02,0,0.30861743898226385
2,5,PT2392,S95353,Control,B,PLT02,0,0.522395550022849
2,5,PT2464,S86937,IV,A,PLT01,1,0.8782018558921619
2,5,PT2712,S73152,Control,B,PLT03,0,0.26665899511984265
2,5,PT2768,S47084,Control,B,PLT02,0,0.18900690028626108
2,5,PT2852,S69342,Control,B,PLT03,0,0.5446411094481546
2,5,PT2894,S23612,IV,B,PLT03,1,0.7661191524724029
2,5,PT2997,S85080,IV,A,PLT02,1,0.7873462766056135
2,5,PT3138,S74431,Control,B,PLT03,0,0.14097749391205278
2,5,PT3209,S40402,IV,A,PLT01,1,0.9125052296749465
2,5,PT3335,S29263,II,B,PLT03,1,0.7089835800738041
2,5,PT3410,S21401,III,A,PLT02,1,0.8819757829251977
2,5,PT3500,S53148,II,A,PLT01,1,0.19226943612431405
2,5,PT3674,S32217,IV,A,PLT01,1,0.9572908208917953
2,5,PT3801,S40397,I,A,PLT02,1,0.5902520446959572
2,5,PT3856,S98867,I,B,PLT03,1,0.3425805146299933
2,5,PT4447,S97610,Control,B,PLT03,0,0.4213612199940291
2,5,PT4534,S26192,Control,B,PLT03,0,0.3148643945500786
2,5,PT4537,S58246,II,A,PLT01,1,0.6502147362924404
2,5,PT4588,S90842,Control,A,PLT01,0,0.6794213502460005
2,5,PT4876,S54557,Control,B,PLT03,0,0.06148665651550001
2,5,PT5318,S37493,III,B,PLT03,1,0.37488933422160564
2,5,PT6002,S21659,Control,B,PLT02,0,0.3212094792424293
2,5,PT6822,S51353,III,A,PLT01,1,0.991793233451481
2,5,PT6907,S36486,III,B,PLT03,1,0.6959864239289321
2,5,PT6999,S47376,Control,A,PLT02,0,0.15553263358200456
2,5,PT7015,S46008,III,A,PLT01,1,0.7938328828577279
2,5,PT7079,S47496,Control,A,PLT01,0,0.44173775371780905
2,5,PT7212,S44383,Control,A,PLT01,0,0.10107857187627543
2,5,PT7272,S18357,Control,B,PLT02,0,0.23920618538587696
2,5,PT7755,S57005,Control,B,PLT03,0,0.8086569526583479
2,5,PT7852,S89708,III,B,PLT02,1,0.6479356672476833
2,5,PT8004,S80382,Control,A,PLT01,0,0.15709092868049992
2,5,PT8044,S76214,III,A,PLT01,1,0.6195316577678086
2,5,PT8109,S34617,IV,B,PLT02,1,0.7686606386746744
2,5,PT8145,S92114,II,A,PLT02,1,0.8649182838549635
2,5,PT8300,S98567,III,A,PLT02,1,0.5351354600326907
2,5,PT8542,S47735,Control,B,PLT02,0,0.699900217220202
2,5,PT9338,S91783,Control,B,PLT02,0,0.6033945916249625
2,5,PT9589,S30642,IV,A,PLT02,1,0.9455763729449248
2,5,PT9853,S47186,I,A,PLT01,1,0.14190236568714154
2,5,PT9997,S41692,IV,A,PLT01,1,0.9556480272083537
3,1,PT1080,S69065,Control,A,PLT01,0,0.5551235021321155
3,1,PT1291,S63112,Control,B,PLT02,0,0.06060328437652185
3,1,PT1440,S78430,Control,B,PLT03,0,0.2371671216631529
3,1,PT1902,S74204,Control,B,PLT03,0,0.6567746859367231
3,1,PT1966,S70102,III,A,PLT01,1,0.7308665887770718
3,1,PT2388,S28856,II,B,PLT03,1,0.6765962792308365
3,1,PT2447,S82124,I,B,PLT03,1,0.6197352249371385
3,1,PT2464,S86937,IV,A,PLT01,1,0.8721795993629362
3,1,PT2644,S92350,IV,A,PLT01,1,0.8235584618561889
3,1,PT2712,S73152,Control,B,PLT03,0,0.14976025630882478
3,1,PT2796,S66412,II,A,PLT01,1,0.14420935731191348
3,1,PT3231,S70078,III,A,PLT01,1,0.7525465892702219
3,1,PT3801,S40397,I,A,PLT02,1,0.5462885786132431
3,1,PT3932,S81473,III,A,PLT01,1,0.8398309337058766
3,1,PT4447,S97610,Control,B,PLT03,0,0.45902252368649377
3,1,PT4552,S22582,Control,A,PLT01,0,0.27594260874302406
3,1,PT4588,S90842,Control,A,PLT01,0,0.7072836942614591
3,1,PT5029,S91148,III,B,PLT03,1,0.5048974582290661
3,1,PT5121,S66171,Control,B,PLT02,0,0.38766325808326607
3,1,PT5168,S27741,Control,B,PLT03,0,0.14825933625141033
3,1,PT5222,S74488,IV,A,PLT01,1,0.43153609623867567
3,1,PT5446,S30047,II,A,PLT01,1,0.4439376833094865
3,1,PT5455,S72348,I,A,PLT01,1,0.11132816178201488
3,1,PT5511,S16883,IV,A,PLT01,1,0.8030421397562947
3,1,PT6546,S50239,IV,B,PLT03,1,0.8246934914780402
3,1,PT6753,S90420,Control,A,PLT01,0,0.2919505969114567
3,1,PT6822,S51353,III,A,PLT01,1,0.9984033564284767
3,1,PT6855,S26913,Control,B,PLT02,0,0.07800387169860776
3,1,PT6999,S47376,Control,A,PLT02,0,0.10882404162784004
3,1,PT7530,S62065,Control,B,PLT02,0,0.16185126312900702
3,1,PT7717,S74181,III,A,PLT02,1,0.5925879748910622
3,1,PT7742,S30941,Control,B,PLT03,0,0.09476563700751768
3,1,PT7852,S89708,III,B,PLT02,1,0.7474581028999082
3,1,PT8300,S98567,III,A,PLT02,1,0.5842300016463102
3,1,PT8320,S18513,III,B,PLT03,1,0.798528594241562
3,1,PT8542,S47735,Control,B,PLT02,0,0.7355419469770271
3,1,PT8552,S68225,Control,B,PLT02,0,0.1660411583014587
3,1,PT8715,S37121,Control,B,PLT02,0,0.03692751294952171
3,1,PT8823,S41986,II,A,PLT01,1,0.7847703086001707
3,1,PT8934,S61783,Control,B,PLT03,0,0.43472706442741077
3,1,PT9241,S65213,IV,B,PLT02,1,0.9240382123757219
3,1,PT9338,S91783,Control,B,PLT02,0,0.5759002605222567
3,1,PT9569,S42614,Control,B,PLT03,0,0.38596793328536794
3,1,PT9589,S30642,IV,A,PLT02,1,0.9258273502393088
3,1,PT9979,S76523,Control,A,PLT02,0,0.2283285326631052
3,2,PT1066,S69702,Control,B,PLT02,0,0.5260970865797368
3,2,PT1339,S93401,III,B,PLT02,1,0.531991216166506
3,2,PT1369,S57065,IV,B,PLT03,1,0.8240680987250445
3,2,PT1839,S98154,III,A,PLT01,1,0.527687244163491
3,2,PT1968,S19064,Control,B,PLT03,0,0.2150025018837043
3,2,PT2195,S73082,I,A,PLT01,1,0.3839521458380174
3,2,PT2392,S95353,Control,B,PLT02,0,0.4540287577717611
3,2,PT2627,S34184,IV,A,PLT02,1,0.889850146129291
3,2,PT2639,S83332,Control,B,PLT02,0,0.3965941896682262
3,2,PT2760,S47525,III,A,PLT01,1,0.6270429928013732
3,2,PT2852,S69342,Control,B,PLT03,0,0.6873081480653735
3,2,PT2943,S10321,Control,B,PLT03,0,0.2511010128682697
3,2,PT2997,S85080,IV,A,PLT02,1,0.7367358737963149
3,2,PT3335,S29263,II,B,PLT03,1,0.5662715778174033
3,2,PT3573,S35367,III,B,PLT03,1,0.3516681036435702
3,2,PT3585,S97010,III,A,PLT01,1,0.4578069897775966
3,2,PT3605,S67690,IV,B,PLT02,1,0.698921157077839
3,2,PT3863,S37801,Control,A,PLT01,0,0.14624562202172528
3,2,PT4077,S31029,Control,B,PLT03,0,0.5878639631733746
3,2,PT4429,S45208,III,A,PLT02,1,0.669896045494198
3,2,PT4486,S57955,III,A,PLT02,1,0.7590517088608324
3,2,PT4537,S58246,II,A,PLT01,1,0.6779273609533174
3,2,PT4569,S11531,III,A,PLT01,1,0.5328536031407914
3,2,PT5228,S69644,II,A,PLT01,1,0.6745633650148836
3,2,PT5248,S43898,Control,B,PLT03,0,0.14796318857645277
3,2,PT6002,S21659,Control,B,PLT02,0,0.3449717867950299
3,2,PT6528,S56591,IV,A,PLT01,1,0.6891551389297754
3,2,PT6907,S36486,III,B,PLT03,1,0.6745189303877559
3,2,PT6956,S42150,Control,B,PLT03,0,0.4177708011786548
3,2,PT7051,S83983,IV,A,PLT01,1,0.826530712866492
3,2,PT7054,S82910,Control,B,PLT02,0,0.3666542511586136
3,2,PT7173,S39929,Control,A,PLT01,0,0.41496661968699566
3,2,PT7212,S44383,Control,A,PLT01,0,0.19185400435072036
3,2,PT7235,S48198,I,B,PLT03,1,0.6013352993871415
3,2,PT7272,S18357,Control,B,PLT02,0,0.5234384771857135
3,2,PT7692,S75205,II,B,PLT02,1,0.5448478759791994
3,2,PT7696,S68004,Control,B,PLT03,0,0.2740533455486426
3,2,PT7842,S16734,Control,A,PLT02,0,0.3215124513066833
3,2,PT8119,S22546,Control,A,PLT02,0,0.35946983504499663
3,2,PT8145,S92114,II,A,PLT02,1,0.7726383210398241
3,2,PT8324,S45765,IV,A,PLT01,1,0.5911098004474233
3,2,PT8599,S85600,IV,A,PLT01,1,0.6044702003118223
3,2,PT8745,S69910,Control,A,PLT01,0,0.5954138996723983
3,2,PT8989,S76885,Control,B,PLT02,0,0.4586874402591711
3,2,PT9695,S90768,Control,A,PLT01,0,0.2354301585686318
3,3,PT1085,S47112,Control,B,PLT03,0,0.43916584195235914
3,3,PT1130,S15874,IV,B,PLT02,1,0.7933220745117863
3,3,PT1422,S14483,I,A,PLT01,1,0.3997510984131274
3,3,PT1538,S81906,IV,A,PLT02,1,0.9488262972345518
3,3,PT1833,S14113,Control,B,PLT02,0,0.1711609475608804
3,3,PT1919,S70794,Control,A,PLT01,0,0.6560270230468759
3,3,PT2130,S42225,Control,B,PLT02,0,0.3017471359405788
3,3,PT2324,S54601,III,A,PLT02,1,0.7105167723340575
3,3,PT2606,S99881,Control,B,PLT03,0,0.07463721216163977
3,3,PT2756,S37874,Control,B,PLT02,0,0.7412740464684183
3,3,PT2894,S23612,IV,B,PLT03,1,0.744451765769523
3,3,PT3532,S13372,IV,B,PLT03,1,0.8346979739926762
3,3,PT4093,S77255,III,A,PLT01,1,0.26103084517082836
3,3,PT4161,S70419,Control,A,PLT01,0,0.5859348279531773
3,3,PT4511,S82290,IV,A,PLT01,1,0.9193499554274367
3,3,PT4534,S26192,Control,B,PLT03,0,0.3267403172879448
3,3,PT4622,S23650,III,A,PLT01,1,0.7036630846174774
3,3,PT5318,S37493,III,B,PLT03,1,0.750130620811867
3,3,PT5340,S73286,Control,B,PLT02,0,0.3320892769911333
3,3,PT5379,S71885,III,A,PLT01,1,0.7860501060301502
3,3,PT5585,S39189,Control,B,PLT03,0,0.19152809224426526
3,3,PT5798,S41494,Control,B,PLT02,0,0.09794599069752759
3,3,PT6169,S17892,Control,A,PLT02,0,0.04895064818719141
3,3,PT6214,S33544,Control,B,PLT03,0,0.1599472049587154
3,3,PT6536,S30940,III,A,PLT01,1,0.8091121662696771
3,3,PT7454,S67725,III,B,PLT02,1,0.785041204238584
3,3,PT7470,S66896,I,A,PLT02,1,0.7413272438823719
3,3,PT7485,S86250,Control,B,PLT03,0,0.5197752199713827
3,3,PT7552,S22000,Control,A,PLT01,0,0.2093722742088132
3,3,PT7627,S60601,II,A,PLT02,1,0.8347882784569776
3,3,PT7755,S57005,Control,B,PLT03,0,0.79977881992156
3,3,PT8004,S80382,Control,A,PLT01,0,0.15303827259379793
3,3,PT8021,S15006,II,A,PLT01,1,0.5987413867020434
3,3,PT8118,S76702,Control,B,PLT02,0,0.24271658197680873
3,3,PT8212,S69346,Control,A,PLT01,0,0.13401895441278228
3,3,PT8478,S63924,IV,A,PLT02,1,0.8087073722611812
3,3,PT8802,S16937,IV,A,PLT01,1,0.9166860814768093
3,3,PT8897,S35272,Control,B,PLT03,0,0.3442104643641159
3,3,PT9212,S76541,Control,B,PLT02,0,0.14023188407327053
3,3,PT9260,S79243,III,B,PLT02,1,0.6849516387143787
3,3,PT9452,S91303,II,A,PLT01,1,0.7833019363167253
3,3,PT9519,S98166,I,B,PLT03,1,0.7517422524849969
3,3,PT9997,S41692,IV,A,PLT01,1,0.8898035769258728
3,4,PT1408,S80216,Control,B,PLT03,0,0.35046125937037437
3,4,PT1413,S77854,Control,B,PLT03,0,0.4547177228462293
3,4,PT1741,S26136,II,A,PLT01,1,0.7124091587650423
3,4,PT2142,S55883,I,A,PLT01,1,0.4209938663734084
3,4,PT2445,S88458,Control,B,PLT02,0,0.43267935109083433
3,4,PT2945,S66966,II,A,PLT02,1,0.8066407207535277
3,4,PT2966,S56086,Control,B,PLT02,0,0.47938188191756065
3,4,PT3209,S40402,IV,A,PLT01,1,0.8502565333343876
3,4,PT3637,S30450,Control,B,PLT02,0,0.42659654682360526
3,4,PT3674,S32217,IV,A,PLT01,1,0.8533733684059911
3,4,PT3765,S55327,III,A,PLT01,1,0.8211868014014789
3,4,PT4190,S30651,Control,B,PLT02,0,0.2582812983385237
3,4,PT4360,S71396,Control,B,PLT03,0,0.10700724784463359
3,4,PT4515,S20587,Control,A,PLT02,0,0.16087443409362942
3,4,PT4876,S54557,Control,B,PLT03,0,0.13594153630819977
3,4,PT4939,S26188,Control,B,PLT03,0,0.4521736366115225
3,4,PT4991,S19663,Control,A,PLT01,0,0.2555009879818476
3,4,PT5246,S94355,Control,B,PLT02,0,0.20946969280989364
3,4,PT5994,S61995,III,B,PLT03,1,0.885856057465018
3,4,PT6124,S78126,Control,B,PLT02,0,0.6214515413395892
3,4,PT6337,S57305,III,A,PLT02,1,0.8834812774565494
3,4,PT6489,S96216,IV,B,PLT03,1,0.9025989219312881
3,4,PT6540,S64946,Control,B,PLT02,0,0.5461926265259937
3,4,PT6710,S47117,II,B,PLT03,1,0.6945248546216878
3,4,PT7079,S47496,Control,A,PLT01,0,0.7091129980799781
3,4,PT7266,S65059,III,A,PLT01,1,0.6355305989794173
3,4,PT7340,S56698,Control,A,PLT01,0,0.43246226968427065
3,4,PT7420,S20205,IV,A,PLT01,1,0.8812932435199148
3,4,PT7431,S16388,IV,B,PLT02,1,0.8422508980934919
3,4,PT7542,S48835,Control,B,PLT03,0,0.1680943729880652
3,4,PT7573,S59139,IV,A,PLT02,1,0.8846282320043837
3,4,PT7575,S80885,Control,A,PLT01,0,0.3527954053668816
3,4,PT7741,S24161,III,A,PLT01,1,0.8785425293339394
3,4,PT7904,S25749,Control,B,PLT03,0,0.18211158623217463
3,4,PT8003,S35676,III,B,PLT02,1,0.797581859406939
3,4,PT8016,S31091,IV,A,PLT01,1,0.7752071466399145
3,4,PT8044,S76214,III,A,PLT01,1,0.6102753143976428
3,4,PT8470,S35865,III,B,PLT03,1,0.5097245206433741
3,4,PT8729,S66024,II,A,PLT01,1,0.5733017273562192
3,4,PT8910,S87046,III,A,PLT02,1,0.877068748001652
3,4,PT8977,S75921,Control,A,PLT01,0,0.30708976728266596
3,4,PT9058,S77432,IV,A,PLT02,1,0.5978709635750694
3,4,PT9572,S10762,Control,B,PLT03,0,0.22922092218330745
3,5,PT1116,S27002,IV,A,PLT02,1,0.9058211330774122
3,5,PT1129,S11433,III,A,PLT01,1,0.5185632184699249
3,5,PT1259,S60265,Control,A,PLT01,0,0.7234984838495596
3,5,PT1461,S93719,IV,A,PLT01,1,0.755522850478346
3,5,PT1652,S13758,Control,B,PLT03,0,0.31131633030537936
3,5,PT1712,S81539,III,A,PLT01,1,0.7077671118416522
3,5,PT1722,S32123,Control,B,PLT03,0,0.4099446059905818
3,5,PT1912,S67750,Control,A,PLT02,0,0.07300890547720038
3,5,PT2335,S58869,IV,B,PLT03,1,0.5861879261714691
3,5,PT2479,S42193,Control,B,PLT02,0,0.44212512927981834
3,5,PT2768,S47084,Control,B,PLT02,0,0.27935161283309257
3,5,PT3138,S74431,Control,B,PLT03,0,0.16818171372632038
3,5,PT3250,S90553,Control,B,PLT02,0,0.11547374408243641
3,5,PT3397,S15363,III,A,PLT01,1,0.7707475016950825
3,5,PT3410,S21401,III,A,PLT02,1,0.6415728576406187
3,5,PT3500,S53148,II,A,PLT01,1,0.6268202688663768
3,5,PT3726,S56214,III,B,PLT02,1,0.2633229695793596
3,5,PT3781,S76588,Control,B,PLT02,0,0.4558018067077738
3,5,PT3856,S98867,I,B,PLT03,1,0.4703127388162108
3,5,PT4114,S41339,Control,B,PLT03,0,0.3758037682279971
3,5,PT4559,S99522,Control,B,PLT02,0,0.08950324875153375
3,5,PT5474,S22626,Control,B,PLT02,0,0.12689311344462673
3,5,PT5530,S77384,Control,A,PLT02,0,0.4799647092104834
3,5,PT5651,S29946,IV,A,PLT01,1,0.7213025063651591
3,5,PT5825,S43615,III,A,PLT02,1,0.8128973544413888
3,5,PT6303,S56427,I,B,PLT02,1,0.7075809507048153
3,5,PT6384,S54795,Control,A,PLT01,0,0.48874399525430423
3,5,PT6443,S28304,II,B,PLT03,1,0.3915073428726559
3,5,PT6590,S73398,Control,B,PLT03,0,0.3471175858876686
3,5,PT6655,S47357,Control,B,PLT02,0,0.20388635685530004
3,5,PT6816,S39802,Control,A,PLT01,0,0.2861225475909013
3,5,PT6967,S74034,III,B,PLT03,1,0.6346861292371085
3,5,PT6983,S66157,IV,A,PLT02,1,0.8283565362476963
3,5,PT7015,S46008,III,A,PLT01,1,0.6410386652608687
3,5,PT7080,S12784,Control,A,PLT01,0,0.6263349375423175
3,5,PT7114,S84694,Control,B,PLT03,0,0.5487218928331901
3,5,PT7895,S77373,Control,B,PLT03,0,0.1556644110511145
3,5,PT8109,S34617,IV,B,PLT02,1,0.821568825093112
3,5,PT8205,S44914,Control,B,PLT03,0,0.41363428455147916
3,5,PT9070,S57619,IV,A,PLT01,1,0.7626296348423578
3,5,PT9196,S74878,II,A,PLT01,1,0.4889111084738695
3,5,PT9340,S94603,IV,A,PLT01,1,0.777443596281061
3,5,PT9853,S47186,I,A,PLT01,1,0.25616631239724663
4,1,PT1339,S93401,III,B,PLT02,1,0.6879329833458765
4,1,PT1408,S80216,Control,B,PLT03,0,0.36305194593710827
4,1,PT1413,S77854,Control,B,PLT03,0,0.45258443068475857
4,1,PT1966,S70102,III,A,PLT01,1,0.5833873525449652
4,1,PT1968,S19064,Control,B,PLT03,0,0.23858672876935005
4,1,PT2142,S55883,I,A,PLT01,1,0.4317847955759874
4,1,PT2479,S42193,Control,B,PLT02,0,0.41994957695911495
4,1,PT2945,S66966,II,A,PLT02,1,0.7792023921071605
4,1,PT2997,S85080,IV,A,PLT02,1,0.6824471076113475
4,1,PT3410,S21401,III,A,PLT02,1,0.740600375286025
4,1,PT3637,S30450,Control,B,PLT02,0,0.43023766839685795
4,1,PT3765,S55327,III,A,PLT01,1,0.8092319104967833
4,1,PT3801,S40397,I,A,PLT02,1,0.5705887264656453
4,1,PT3856,S98867,I,B,PLT03,1,0.5017419548593072
4,1,PT4537,S58246,II,A,PLT01,1,0.5277420726850193
4,1,PT4991,S19663,Control,A,PLT01,0,0.2388064130426923
4,1,PT5168,S27741,Control,B,PLT03,0,0.4352542751157664
4,1,PT5318,S37493,III,B,PLT03,1,0.675490165831599
4,1,PT5340,S73286,Control,B,PLT02,0,0.3184434178804977
4,1,PT5530,S77384,Control,A,PLT02,0,0.41504546203635667
4,1,PT5825,S43615,III,A,PLT02,1,0.6159902916390049
4,1,PT6489,S96216,IV,B,PLT03,1,0.8876701807919369
4,1,PT6536,S30940,III,A,PLT01,1,0.7688289523943289
4,1,PT6753,S90420,Control,A,PLT01,0,0.33156335345515914
4,1,PT6999,S47376,Control,A,PLT02,0,0.2070720409602767
4,1,PT7054,S82910,Control,B,PLT02,0,0.35670019926458973
4,1,PT7079,S47496,Control,A,PLT01,0,0.6950396003785346
4,1,PT7340,S56698,Control,A,PLT01,0,0.4219964471395015
4,1,PT7420,S20205,IV,A,PLT01,1,0.8724752309063554
4,1,PT7542,S48835,Control,B,PLT03,0,0.16435663543492643
4,1,PT7895,S77373,Control,B,PLT03,0,0.26141484550877175
4,1,PT8044,S76214,III,A,PLT01,1,0.6225916975856716
4,1,PT8109,S34617,IV,B,PLT02,1,0.6592622429160854
4,1,PT8320,S18513,III,B,PLT03,1,0.6579760557331659
4,1,PT8542,S47735,Control,B,PLT02,0,0.7587197466619648
4,1,PT8715,S37121,Control,B,PLT02,0,0.2123672542730951
4,1,PT8745,S69910,Control,A,PLT01,0,0.4372202637605308
4,1,PT8897,S35272,Control,B,PLT03,0,0.3729378256720176
4,1,PT9070,S57619,IV,A,PLT01,1,0.7206809689141878
4,1,PT9212,S76541,Control,B,PLT02,0,0.20545893387158687
4,1,PT9340,S94603,IV,A,PLT01,1,0.8891044058472685
4,1,PT9452,S91303,II,A,PLT01,1,0.7259957384072162
4,1,PT9569,S42614,Control,B,PLT03,0,0.5738444999139427
4,1,PT9997,S41692,IV,A,PLT01,1,0.9009575419555825
4,2,PT1130,S15874,IV,B,PLT02,1,0.6955566459579562
4,2,PT1422,S14483,I,A,PLT01,1,0.3207074978213569
4,2,PT1712,S81539,III,A,PLT01,1,0.6269659001673934
4,2,PT1912,S67750,Control,A,PLT02,0,0.09476992438557351
4,2,PT1919,S70794,Control,A,PLT01,0,0.7659078620325551
4,2,PT2324,S54601,III,A,PLT02,1,0.6682126053018581
4,2,PT2388,S28856,II,B,PLT03,1,0.5274611047924042
4,2,PT2392,S95353,Control,B,PLT02,0,0.5820756293024297
4,2,PT2445,S88458,Control,B,PLT02,0,0.6147455089200407
4,2,PT2447,S82124,I,B,PLT03,1,0.5632775789959181
4,2,PT2606,S99881,Control,B,PLT03,0,0.043789419831996544
4,2,PT2894,S23612,IV,B,PLT03,1,0.8021547183250464
4,2,PT2943,S10321,Control,B,PLT03,0,0.363540466610845
4,2,PT3250,S90553,Control,B,PLT02,0,0.36733794477519965
4,2,PT3585,S97010,III,A,PLT01,1,0.5519143096471195
4,2,PT3932,S81473,III,A,PLT01,1,0.8146009633198474
4,2,PT4114,S41339,Control,B,PLT03,0,0.4912972350281654
4,2,PT4190,S30651,Control,B,PLT02,0,0.13820466310879723
4,2,PT4511,S82290,IV,A,PLT01,1,0.7156266029813645
4,2,PT4552,S22582,Control,A,PLT01,0,0.40122695567108674
4,2,PT4939,S26188,Control,B,PLT03,0,0.38562678109293114
4,2,PT5228,S69644,II,A,PLT01,1,0.5688461097038057
4,2,PT5379,S71885,III,A,PLT01,1,0.607129407634723
4,2,PT6214,S33544,Control,B,PLT03,0,0.234900368438048
4,2,PT6540,S64946,Control,B,PLT02,0,0.6105979596616201
4,2,PT6816,S39802,Control,A,PLT01,0,0.36883226312662587
4,2,PT6983,S66157,IV,A,PLT02,1,0.8762510502598881
4,2,PT7051,S83983,IV,A,PLT01,1,0.7215537111262066
4,2,PT7114,S84694,Control,B,PLT03,0,0.48468873046781946
4,2,PT7173,S39929,Control,A,PLT01,0,0.15353627804651382
4,2,PT7272,S18357,Control,B,PLT02,0,0.523806827116606
4,2,PT7454,S67725,III,B,PLT02,1,0.7796657718556892
4,2,PT7627,S60601,II,A,PLT02,1,0.7794125887953606
4,2,PT7696,S68004,Control,B,PLT03,0,0.20811962842411094
4,2,PT8021,S15006,II,A,PLT01,1,0.38768915105422463
4,2,PT8119,S22546,Control,A,PLT02,0,0.4036242857347673
4,2,PT8205,S44914,Control,B,PLT03,0,0.484412200083796
4,2,PT8324,S45765,IV,A,PLT01,1,0.7483599861858066
4,2,PT8470,S35865,III,B,PLT03,1,0.5721580940370772
4,2,PT8910,S87046,III,A,PLT02,1,0.8033636530285606
4,2,PT8977,S75921,Control,A,PLT01,0,0.36008158035914856
4,2,PT9338,S91783,Control,B,PLT02,0,0.5023801820498808
4,2,PT9589,S30642,IV,A,PLT02,1,0.6983500538401417
4,3,PT1066,S69702,Control,B,PLT02,0,0.45175049126212835
4,3,PT1080,S69065,Control,A,PLT01,0,0.48560063622156197
4,3,PT1440,S78430,Control,B,PLT03,0,0.49839218018446235
4,3,PT1538,S81906,IV,A,PLT02,1,0.8714263775517569
4,3,PT1722,S32123,Control,B,PLT03,0,0.3495446340125358
4,3,PT1741,S26136,II,A,PLT01,1,0.7226506014393457
4,3,PT1902,S74204,Control,B,PLT03,0,0.5740520616112393
4,3,PT2335,S58869,IV,B,PLT03,1,0.6035501298156448
4,3,PT2464,S86937,IV,A,PLT01,1,0.8521845384037581
4,3,PT2627,S34184,IV,A,PLT02,1,0.8586369402519145
4,3,PT2712,S73152,Control,B,PLT03,0,0.35680403967768065
4,3,PT2760,S47525,III,A,PLT01,1,0.6561745635211956
4,3,PT2796,S66412,II,A,PLT01,1,0.2155883141599696
4,3,PT2852,S69342,Control,B,PLT03,0,0.3881576692321185
4,3,PT2966,S56086,Control,B,PLT02,0,0.44963725123395737
4,3,PT3397,S15363,III,A,PLT01,1,0.7707703218126527
4,3,PT3605,S67690,IV,B,PLT02,1,0.6432124879312923
4,3,PT3674,S32217,IV,A,PLT01,1,0.873623066503633
4,3,PT3726,S56214,III,B,PLT02,1,0.3096688898170554
4,3,PT4077,S31029,Control,B,PLT03,0,0.5514449699817963
4,3,PT4360,S71396,Control,B,PLT03,0,0.13625500107246952
4,3,PT4429,S45208,III,A,PLT02,1,0.8804007875721488
4,3,PT4559,S99522,Control,B,PLT02,0,0.13807435350249678
4,3,PT4622,S23650,III,A,PLT01,1,0.7196026125318937
4,3,PT5121,S66171,Control,B,PLT02,0,0.49654866663053865
4,3,PT5446,S30047,II,A,PLT01,1,0.5089027443406373
4,3,PT5455,S72348,I,A,PLT01,1,0.16421011181966008
4,3,PT5651,S29946,IV,A,PLT01,1,0.7198445282947471
4,3,PT6002,S21659,Control,B,PLT02,0,0.33102426017848763
4,3,PT6169,S17892,Control,A,PLT02,0,0.10745726209754718
4,3,PT6303,S56427,I,B,PLT02,1,0.7303417848352798
4,3,PT6384,S54795,Control,A,PLT01,0,0.4229443060055004
4,3,PT6443,S28304,II,B,PLT03,1,0.43083039970255177
4,3,PT6822,S51353,III,A,PLT01,1,0.9724964910875831
4,3,PT6855,S26913,Control,B,PLT02,0,0.26625934349192976
4,3,PT6907,S36486,III,B,PLT03,1,0.7476482383792329
4,3,PT6956,S42150,Control,B,PLT03,0,0.4545525320204692
4,3,PT6967,S74034,III,B,PLT03,1,0.6064301180500333
4,3,PT7235,S48198,I,B,PLT03,1,0.5172281449997015
4,3,PT7470,S66896,I,A,PLT02,1,0.7115461901266008
4,3,PT7852,S89708,III,B,PLT02,1,0.5953447548103652
4,3,PT8004,S80382,Control,A,PLT01,0,0.1957138608922735
4,3,PT8016,S31091,IV,A,PLT01,1,0.644988001066434
4,3,PT8552,S68225,Control,B,PLT02,0,0.22487465645428928
4,3,PT9695,S90768,Control,A,PLT01,0,0.21065773955305522
4,4,PT1085,S47112,Control,B,PLT03,0,0.18794365805205024
4,4,PT1259,S60265,Control,A,PLT01,0,0.7579232126329504
4,4,PT1291,S63112,Control,B,PLT02,0,0.07314485313872036
4,4,PT1369,S57065,IV,B,PLT03,1,0.9484177414314767
4,4,PT1461,S93719,IV,A,PLT01,1,0.8924539314109797
4,4,PT1839,S98154,III,A,PLT01,1,0.5601039267494301
4,4,PT2130,S42225,Control,B,PLT02,0,0.3960594992673575
4,4,PT2644,S92350,IV,A,PLT01,1,0.8658774684502155
4,4,PT2768,S47084,Control,B,PLT02,0,0.2902292622334781
4,4,PT3209,S40402,IV,A,PLT01,1,0.9277335676675469
4,4,PT3231,S70078,III,A,PLT01,1,0.6333768932765833
4,4,PT3532,S13372,IV,B,PLT03,1,0.8504745096581929
4,4,PT3781,S76588,Control,B,PLT02,0,0.3770064208535253
4,4,PT3863,S37801,Control,A,PLT01,0,0.04524238974546595
4,4,PT4447,S97610,Control,B,PLT03,0,0.608641537034623
4,4,PT4486,S57955,III,A,PLT02,1,0.8528961756667248
4,4,PT4534,S26192,Control,B,PLT03,0,0.442757324141138
4,4,PT4569,S11531,III,A,PLT01,1,0.61701160994265
4,4,PT4588,S90842,Control,A,PLT01,0,0.7679849359179832
4,4,PT5222,S74488,IV,A,PLT01,1,0.6133688524838626
4,4,PT5246,S94355,Control,B,PLT02,0,0.22881383589986123
4,4,PT5248,S43898,Control,B,PLT03,0,0.13719458343447277
4,4,PT5474,S22626,Control,B,PLT02,0,0.12202090431161118
4,4,PT5798,S41494,Control,B,PLT02,0,0.15475031684524748
4,4,PT5994,S61995,III,B,PLT03,1,0.8794842810955055
4,4,PT6590,S73398,Control,B,PLT03,0,0.2645908430068934
4,4,PT6710,S47117,II,B,PLT03,1,0.6735395894517995
4,4,PT7431,S16388,IV,B,PLT02,1,0.7524277805900239
4,4,PT7552,S22000,Control,A,PLT01,0,0.35024763770938133
4,4,PT7573,S59139,IV,A,PLT02,1,0.8680673511597852
4,4,PT7717,S74181,III,A,PLT02,1,0.7284250829304202
4,4,PT7741,S24161,III,A,PLT01,1,0.8748621748818726
4,4,PT7755,S57005,Control,B,PLT03,0,0.8069764461479344
4,4,PT7904,S25749,Control,B,PLT03,0,0.13499018554012618
4,4,PT8118,S76702,Control,B,PLT02,0,0.2610917637570827
4,4,PT8145,S92114,II,A,PLT02,1,0.7028594226453878
4,4,PT8729,S66024,II,A,PLT01,1,0.5012451024476448
4,4,PT8823,S41986,II,A,PLT01,1,0.7146884562857467
4,4,PT8934,S61783,Control,B,PLT03,0,0.3047615246909917
4,4,PT9058,S77432,IV,A,PLT02,1,0.8512433722397724
4,4,PT9260,S79243,III,B,PLT02,1,0.8309442958014895
4,4,PT9519,S98166,I,B,PLT03,1,0.7061559963762751
4,4,PT9853,S47186,I,A,PLT01,1,0.2767970613237537
4,4,PT9979,S76523,Control,A,PLT02,0,0.5012506294404018
4,5,PT1116,S27002,IV,A,PLT02,1,0.7545687384993721
4,5,PT1129,S11433,III,A,PLT01,1,0.6013776215304347
4,5,PT1652,S13758,Control,B,PLT03,0,0.37992995857941303
4,5,PT1833,S14113,Control,B,PLT02,0,0.19905593617566789
4,5,PT2195,S73082,I,A,PLT01,1,0.1845202466840734
4,5,PT2639,S83332,Control,B,PLT02,0,0.3895638158687239
4,5,PT2756,S37874,Control,B,PLT02,0,0.8052877464437435
4,5,PT3138,S74431,Control,B,PLT03,0,0.11302763085583316
4,5,PT3335,S29263,II,B,PLT03,1,0.4822943547761483
4,5,PT3500,S53148,II,A,PLT01,1,0.5610038613274931
4,5,PT3573,S35367,III,B,PLT03,1,0.4214869910304695
4,5,PT4093,S77255,III,A,PLT01,1,0.18203925254057401
4,5,PT4161,S70419,Control,A,PLT01,0,0.8518076535433154
4,5,PT4515,S20587,Control,A,PLT02,0,0.26969061772107206
4,5,PT4876,S54557,Control,B,PLT03,0,0.2312751493772626
4,5,PT5029,S91148,III,B,PLT03,1,0.5219176844032788
4,5,PT5511,S16883,IV,A,PLT01,1,0.8396387420407675
4,5,PT5585,S39189,Control,B,PLT03,0,0.15622922725480717
4,5,PT6124,S78126,Control,B,PLT02,0,0.5610883894409661
4,5,PT6337,S57305,III,A,PLT02,1,0.9108916996120846
4,5,PT6528,S56591,IV,A,PLT01,1,0.5856430385114026
4,5,PT6546,S50239,IV,B,PLT03,1,0.5101126835172508
4,5,PT6655,S47357,Control,B,PLT02,0,0.3579854727652065
4,5,PT7015,S46008,III,A,PLT01,1,0.7912927408110911
4,5,PT7080,S12784,Control,A,PLT01,0,0.6607096350887184
4,5,PT7212,S44383,Control,A,PLT01,0,0.1353863077413165
4,5,PT7266,S65059,III,A,PLT01,1,0.464713945690908
4,5,PT7485,S86250,Control,B,PLT03,0,0.6483137842141721
4,5,PT7530,S62065,Control,B,PLT02,0,0.12445219275898538
4,5,PT7575,S80885,Control,A,PLT01,0,0.18682035485223264
4,5,PT7692,S75205,II,B,PLT02,1,0.6771753976850435
4,5,PT7742,S30941,Control,B,PLT03,0,0.19355178678968638
4,5,PT7842,S16734,Control,A,PLT02,0,0.13212724608292972
4,5,PT8003,S35676,III,B,PLT02,1,0.7648100553644394
4,5,PT8212,S69346,Control,A,PLT01,0,0.07883863324844695
4,5,PT8300,S98567,III,A,PLT02,1,0.29674905980653055
4,5,PT8478,S63924,IV,A,PLT02,1,0.7266556025685291
4,5,PT8599,S85600,IV,A,PLT01,1,0.48619338132699186
4,5,PT8802,S16937,IV,A,PLT01,1,0.9824783011088233
4,5,PT8989,S76885,Control,B,PLT02,0,0.4449369434353665
4,5,PT9196,S74878,II,A,PLT01,1,0.7485358233451859
4,5,PT9241,S65213,IV,B,PLT02,1,0.855049449204357
4,5,PT9572,S10762,Control,B,PLT03,0,0.06446598721868436
5,1,PT1116,S27002,IV,A,PLT02,1,0.8950825925401754
5,1,PT1130,S15874,IV,B,PLT02,1,0.8200380261681266
5,1,PT1413,S77854,Control,B,PLT03,0,0.19135210452306778
5,1,PT1422,S14483,I,A,PLT01,1,0.4655446627544111
5,1,PT1968,S19064,Control,B,PLT03,0,0.1863923853066258
5,1,PT2130,S42225,Control,B,PLT02,0,0.31803779521252673
5,1,PT2445,S88458,Control,B,PLT02,0,0.3736728577575455
5,1,PT2712,S73152,Control,B,PLT03,0,0.34317125128492104
5,1,PT2945,S66966,II,A,PLT02,1,0.8511854412711825
5,1,PT2966,S56086,Control,B,PLT02,0,0.46572466029194953
5,1,PT3250,S90553,Control,B,PLT02,0,0.1770923228273712
5,1,PT3397,S15363,III,A,PLT01,1,0.8351574976423173
5,1,PT3500,S53148,II,A,PLT01,1,0.5010963758503778
5,1,PT3637,S30450,Control,B,PLT02,0,0.46901611811763505
5,1,PT3726,S56214,III,B,PLT02,1,0.3901606927625509
5,1,PT3781,S76588,Control,B,PLT02,0,0.3887231389951202
5,1,PT4360,S71396,Control,B,PLT03,0,0.156577516182062
5,1,PT4515,S20587,Control,A,PLT02,0,0.17522165096499054
5,1,PT4537,S58246,II,A,PLT01,1,0.5095278130998806
5,1,PT4569,S11531,III,A,PLT01,1,0.6639766157154274
5,1,PT5029,S91148,III,B,PLT03,1,0.604643264647178
5,1,PT5651,S29946,IV,A,PLT01,1,0.7333637826092099
5,1,PT6443,S28304,II,B,PLT03,1,0.39444865758274766
5,1,PT6489,S96216,IV,B,PLT03,1,0.923252922288677
5,1,PT6590,S73398,Control,B,PLT03,0,0.25889075833162917
5,1,PT6655,S47357,Control,B,PLT02,0,0.18246152287521933
5,1,PT6753,S90420,Control,A,PLT01,0,0.3458202589680414
5,1,PT6956,S42150,Control,B,PLT03,0,0.46714927542545864
5,1,PT6983,S66157,IV,A,PLT02,1,0.8808161284745283
5,1,PT7015,S46008,III,A,PLT01,1,0.6691835244008566
5,1,PT7272,S18357,Control,B,PLT02,0,0.4369707069277376
5,1,PT7340,S56698,Control,A,PLT01,0,0.36606704155385106
5,1,PT7575,S80885,Control,A,PLT01,0,0.3570107731925904
5,1,PT7755,S57005,Control,B,PLT03,0,0.7920338893616808
5,1,PT7842,S16734,Control,A,PLT02,0,0.2863447381756508
5,1,PT8004,S80382,Control,A,PLT01,0,0.1760050488625891
5,1,PT8016,S31091,IV,A,PLT01,1,0.6606784249233171
5,1,PT8044,S76214,III,A,PLT01,1,0.690942930545371
5,1,PT8300,S98567,III,A,PLT02,1,0.5047209259634224
5,1,PT8320,S18513,III,B,PLT03,1,0.7091039795721433
5,1,PT8599,S85600,IV,A,PLT01,1,0.6228017042177321
5,1,PT8745,S69910,Control,A,PLT01,0,0.5355097658325817
5,1,PT8802,S16937,IV,A,PLT01,1,0.8608021006436524
5,1,PT9519,S98166,I,B,PLT03,1,0.7020045747640853
5,2,PT1066,S69702,Control,B,PLT02,0,0.5055452371260046
5,2,PT1080,S69065,Control,A,PLT01,0,0.430070814535103
5,2,PT1291,S63112,Control,B,PLT02,0,0.05348242023638995
5,2,PT1369,S57065,IV,B,PLT03,1,0.9132989646121107
5,2,PT1440,S78430,Control,B,PLT03,0,0.3564386480494643
5,2,PT1538,S81906,IV,A,PLT02,1,0.9360172558851337
5,2,PT1919,S70794,Control,A,PLT01,0,0.6702077350979341
5,2,PT2142,S55883,I,A,PLT01,1,0.4821468699796544
5,2,PT2388,S28856,II,B,PLT03,1,0.767841688141332
5,2,PT2447,S82124,I,B,PLT03,1,0.457479724948194
5,2,PT2768,S47084,Control,B,PLT02,0,0.19498013996056585
5,2,PT2796,S66412,II,A,PLT01,1,0.20172283933115395
5,2,PT2852,S69342,Control,B,PLT03,0,0.48341746182093986
5,2,PT3231,S70078,III,A,PLT01,1,0.7433483208596322
5,2,PT3932,S81473,III,A,PLT01,1,0.8044454033780267
5,2,PT4429,S45208,III,A,PLT02,1,0.9134463368543742
5,2,PT4622,S23650,III,A,PLT01,1,0.7545496490418707
5,2,PT4876,S54557,Control,B,PLT03,0,0.12075803302100419
5,2,PT5222,S74488,IV,A,PLT01,1,0.44849055419376066
5,2,PT5246,S94355,Control,B,PLT02,0,0.19271273290001842
5,2,PT5248,S43898,Control,B,PLT03,0,0.09578067820882345
5,2,PT5511,S16883,IV,A,PLT01,1,0.9015315694988286
5,2,PT5585,S39189,Control,B,PLT03,0,0.18285685939000385
5,2,PT5798,S41494,Control,B,PLT02,0,0.1109599849746473
5,2,PT6169,S17892,Control,A,PLT02,0,0.09820123651906701
5,2,PT6214,S33544,Control,B,PLT03,0,0.09954089567469163
5,2,PT6528,S56591,IV,A,PLT01,1,0.7353733524516833
5,2,PT6816,S39802,Control,A,PLT01,0,0.20237858560709412
5,2,PT6907,S36486,III,B,PLT03,1,0.8188959526926319
5,2,PT7420,S20205,IV,A,PLT01,1,0.9335564501990854
5,2,PT7485,S86250,Control,B,PLT03,0,0.3955621667921409
5,2,PT7542,S48835,Control,B,PLT03,0,0.04706794156727565
5,2,PT7573,S59139,IV,A,PLT02,1,0.909407503936885
5,2,PT7717,S74181,III,A,PLT02,1,0.6000329672571695
5,2,PT7741,S24161,III,A,PLT01,1,0.9247440878963613
5,2,PT7852,S89708,III,B,PLT02,1,0.5996851132799561
5,2,PT8003,S35676,III,B,PLT02,1,0.8232606304818575
5,2,PT8021,S15006,II,A,PLT01,1,0.6264529435904873
5,2,PT8715,S37121,Control,B,PLT02,0,0.10674471184505124
5,2,PT9212,S76541,Control,B,PLT02,0,0.28070597002317554
5,2,PT9241,S65213,IV,B,PLT02,1,0.8807822754990227
5,2,PT9452,S91303,II,A,PLT01,1,0.6459154865306991
5,2,PT9695,S90768,Control,A,PLT01,0,0.19562926830656702
5,3,PT1085,S47112,Control,B,PLT03,0,0.45366450496818783
5,3,PT1339,S93401,III,B,PLT02,1,0.4889082784299267
5,3,PT1461,S93719,IV,A,PLT01,1,0.8371921859245893
5,3,PT1712,S81539,III,A,PLT01,1,0.8764392400858377
5,3,PT1839,S98154,III,A,PLT01,1,0.5032635784443871
5,3,PT1912,S67750,Control,A,PLT02,0,0.2682453562137479
5,3,PT1966,S70102,III,A,PLT01,1,0.5022489878436502
5,3,PT2324,S54601,III,A,PLT02,1,0.5435272246060306
5,3,PT2639,S83332,Control,B,PLT02,0,0.3494151070439888
5,3,PT3209,S40402,IV,A,PLT01,1,0.7753165840863818
5,3,PT3532,S13372,IV,B,PLT03,1,0.7408634385728305
5,3,PT3765,S55327,III,A,PLT01,1,0.5630231937677281
5,3,PT3801,S40397,I,A,PLT02,1,0.5194573104160362
5,3,PT3863,S37801,Control,A,PLT01,0,0.22851775009188427
5,3,PT4077,S31029,Control,B,PLT03,0,0.6831613097107109
5,3,PT4190,S30651,Control,B,PLT02,0,0.3696648042307005
5,3,PT4534,S26192,Control,B,PLT03,0,0.5290693493778301
5,3,PT4991,S19663,Control,A,PLT01,0,0.5032804041630939
5,3,PT5340,S73286,Control,B,PLT02,0,0.21710052776036126
5,3,PT5474,S22626,Control,B,PLT02,0,0.22662741463203345
5,3,PT5994,S61995,III,B,PLT03,1,0.5696818770786003
5,3,PT6337,S57305,III,A,PLT02,1,0.7753784561787097
5,3,PT6384,S54795,Control,A,PLT01,0,0.29770318578383437
5,3,PT6546,S50239,IV,B,PLT03,1,0.48872677842522394
5,3,PT6710,S47117,II,B,PLT03,1,0.5238762208364672
5,3,PT6855,S26913,Control,B,PLT02,0,0.19924555770772867
5,3,PT7054,S82910,Control,B,PLT02,0,0.36500424139918325
5,3,PT7079,S47496,Control,A,PLT01,0,0.3840043490314508
5,3,PT7173,S39929,Control,A,PLT01,0,0.41507018204838414
5,3,PT7235,S48198,I,B,PLT03,1,0.4463355860773187
5,3,PT7431,S16388,IV,B,PLT02,1,0.5405935008108119
5,3,PT7530,S62065,Control,B,PLT02,0,0.25428262079955877
5,3,PT7696,S68004,Control,B,PLT03,0,0.18091733043469102
5,3,PT7742,S30941,Control,B,PLT03,0,0.21495482941254276
5,3,PT8324,S45765,IV,A,PLT01,1,0.5285107415406195
5,3,PT8823,S41986,II,A,PLT01,1,0.6275333247436634
5,3,PT8897,S35272,Control,B,PLT03,0,0.4044677693284201
5,3,PT9070,S57619,IV,A,PLT01,1,0.5256302683896744
5,3,PT9196,S74878,II,A,PLT01,1,0.6518757969719565
5,3,PT9569,S42614,Control,B,PLT03,0,0.5268289834922745
5,3,PT9572,S10762,Control,B,PLT03,0,0.16373717263992082
5,3,PT9589,S30642,IV,A,PLT02,1,0.7048207071407302
5,3,PT9853,S47186,I,A,PLT01,1,0.34622941457539685
5,3,PT9979,S76523,Control,A,PLT02,0,0.4179679184721751
5,4,PT1408,S80216,Control,B,PLT03,0,0.3627259061426804
5,4,PT1722,S32123,Control,B,PLT03,0,0.38716929072908923
5,4,PT1741,S26136,II,A,PLT01,1,0.8580313397546849
5,4,PT1833,S14113,Control,B,PLT02,0,0.20935790977255278
5,4,PT2195,S73082,I,A,PLT01,1,0.1696325993291935
5,4,PT2335,S58869,IV,B,PLT03,1,0.6292745020255223
5,4,PT2627,S34184,IV,A,PLT02,1,0.929102346531907
5,4,PT2756,S37874,Control,B,PLT02,0,0.7749085594754495
5,4,PT2760,S47525,III,A,PLT01,1,0.6068382113441084
5,4,PT2943,S10321,Control,B,PLT03,0,0.13953958927684113
5,4,PT3573,S35367,III,B,PLT03,1,0.4092685906767485
5,4,PT3585,S97010,III,A,PLT01,1,0.6535221818355703
5,4,PT3605,S67690,IV,B,PLT02,1,0.6782700173204305
5,4,PT3856,S98867,I,B,PLT03,1,0.4748508716513031
5,4,PT4093,S77255,III,A,PLT01,1,0.522213814486904
5,4,PT4114,S41339,Control,B,PLT03,0,0.41543310491329466
5,4,PT4161,S70419,Control,A,PLT01,0,0.675646753467792
5,4,PT4447,S97610,Control,B,PLT03,0,0.6274405659762514
5,4,PT4486,S57955,III,A,PLT02,1,0.8483788408683418
5,4,PT4511,S82290,IV,A,PLT01,1,0.8627773856619393
5,4,PT5121,S66171,Control,B,PLT02,0,0.2660190832583871
5,4,PT5530,S77384,Control,A,PLT02,0,0.44077486564378665
5,4,PT6002,S21659,Control,B,PLT02,0,0.3735916876218706
5,4,PT6124,S78126,Control,B,PLT02,0,0.4150226697317594
5,4,PT6536,S30940,III,A,PLT01,1,0.692994487090727
5,4,PT6999,S47376,Control,A,PLT02,0,0.12961549190067692
5,4,PT7051,S83983,IV,A,PLT01,1,0.8518163143566161
5,4,PT7114,S84694,Control,B,PLT03,0,0.30065037698888425
5,4,PT7552,S22000,Control,A,PLT01,0,0.2406018127827989
5,4,PT7627,S60601,II,A,PLT02,1,0.6796888509660881
5,4,PT7692,S75205,II,B,PLT02,1,0.8100851654688376
5,4,PT7895,S77373,Control,B,PLT03,0,0.11082663618739062
5,4,PT8118,S76702,Control,B,PLT02,0,0.2800617884717829
5,4,PT8205,S44914,Control,B,PLT03,0,0.46982922141062095
5,4,PT8212,S69346,Control,A,PLT01,0,0.26611347079720266
5,4,PT8470,S35865,III,B,PLT03,1,0.4088142516065547
5,4,PT8729,S66024,II,A,PLT01,1,0.2866901318157337
5,4,PT8910,S87046,III,A,PLT02,1,0.9091574367573364
5,4,PT8977,S75921,Control,A,PLT01,0,0.31649465233905627
5,4,PT8989,S76885,Control,B,PLT02,0,0.4032618436169085
5,4,PT9058,S77432,IV,A,PLT02,1,0.6755296839645429
5,4,PT9260,S79243,III,B,PLT02,1,0.6608938739488913
5,4,PT9340,S94603,IV,A,PLT01,1,0.8025391277345616
5,5,PT1129,S11433,III,A,PLT01,1,0.6533401023811072
5,5,PT1259,S60265,Control,A,PLT01,0,0.608864319592105
5,5,PT1652,S13758,Control,B,PLT03,0,0.42827172958272064
5,5,PT1902,S74204,Control,B,PLT03,0,0.6583046334352385
5,5,PT2392,S95353,Control,B,PLT02,0,0.41853259508662727
5,5,PT2464,S86937,IV,A,PLT01,1,0.9125626852998813
5,5,PT2479,S42193,Control,B,PLT02,0,0.3396056728575777
5,5,PT2606,S99881,Control,B,PLT03,0,0.05263814162453732
5,5,PT2644,S92350,IV,A,PLT01,1,0.9098359435552227
5,5,PT2894,S23612,IV,B,PLT03,1,0.796995363736475
5,5,PT2997,S85080,IV,A,PLT02,1,0.7488914880798745
5,5,PT3138,S74431,Control,B,PLT03,0,0.17561357839054909
5,5,PT3335,S29263,II,B,PLT03,1,0.7952560215207741
5,5,PT3410,S21401,III,A,PLT02,1,0.8360303464475421
5,5,PT3674,S32217,IV,A,PLT01,1,0.9588342350659959
5,5,PT4552,S22582,Control,A,PLT01,0,0.3368466670128084
5,5,PT4559,S99522,Control,B,PLT02,0,0.04810331561105424
5,5,PT4588,S90842,Control,A,PLT01,0,0.6522068724273286
5,5,PT4939,S26188,Control,B,PLT03,0,0.3156710786084456
5,5,PT5168,S27741,Control,B,PLT03,0,0.278808487365473
5,5,PT5228,S69644,II,A,PLT01,1,0.626673513059697
5,5,PT5318,S37493,III,B,PLT03,1,0.6204547486587201
5,5,PT5379,S71885,III,A,PLT01,1,0.8398329173761361
5,5,PT5446,S30047,II,A,PLT01,1,0.6046329487429934
5,5,PT5455,S72348,I,A,PLT01,1,0.08810891810307314
5,5,PT5825,S43615,III,A,PLT02,1,0.7976632217968399
5,5,PT6303,S56427,I,B,PLT02,1,0.8128212054165646
5,5,PT6540,S64946,Control,B,PLT02,0,0.5572385197579972
5,5,PT6822,S51353,III,A,PLT01,1,0.9969630616104952
5,5,PT6967,S74034,III,B,PLT03,1,0.665038365193492
5,5,PT7080,S12784,Control,A,PLT01,0,0.5912457694093118
5,5,PT7212,S44383,Control,A,PLT01,0,0.1373696049180575
5,5,PT7266,S65059,III,A,PLT01,1,0.8180501358648897
5,5,PT7454,S67725,III,B,PLT02,1,0.8726058742146094
5,5,PT7470,S66896,I,A,PLT02,1,0.7598989169145377
5,5,PT7904,S25749,Control,B,PLT03,0,0.10222960119611031
5,5,PT8109,S34617,IV,B,PLT02,1,0.867924385668976
5,5,PT8119,S22546,Control,A,PLT02,0,0.42926598482703615
5,5,PT8145,S92114,II,A,PLT02,1,0.7172143186962927
5,5,PT8478,S63924,IV,A,PLT02,1,0.7826899386503183
5,5,PT8542,S47735,Control,B,PLT02,0,0.758325199769216
5,5,PT8552,S68225,Control,B,PLT02,0,0.16170847094789523
5,5,PT8934,S61783,Control,B,PLT03,0,0.26235580902802613
5,5,PT9338,S91783,Control,B,PLT02,0,0.4614736825010634
5,5,PT9997,S41692,IV,A,PLT01,1,0.9445129975992164
