repeat_id,site_group,cancer_group,AUC_molecular,MCC_molecular,sensitivity_at_95_specificity_molecular,AUC_fragmentomics,MCC_fragmentomics,sensitivity_at_95_specificity_fragmentomics,delta_AUC,delta_MCC,delta_sensitivity_at_95_specificity
1,All sites,All cancers,0.894222741693104,0.6324147659628067,0.6548672566371682,0.8912172315912507,0.6549117197387709,0.6814159292035398,-0.003005510101853348,0.02249695377596428,0.02654867256637161
1,All sites,I,0.7130503144654088,0.2438567684095366,0.25,0.7185534591194969,0.2438567684095366,0.25,0.005503144654088077,0.0,0.0
1,All sites,II,0.8282025819265143,0.39151166184790465,0.3684210526315789,0.8093346573982124,0.48555443300578377,0.47368421052631576,-0.018867924528301883,0.09404277115787912,0.10526315789473684
1,All sites,III,0.9045634050021939,0.6772337861157582,0.6744186046511628,0.9034664326458973,0.6952661560283834,0.6976744186046512,-0.0010969723562965772,0.018032369912625135,0.023255813953488413
1,All sites,IV,0.970730527334301,0.8435589702895034,0.8974358974358975,0.970730527334301,0.8435589702895034,0.8974358974358975,0.0,0.0,0.0
1,A,All cancers,0.8945409429280397,0.5726183524185999,0.6666666666666666,0.8829611248966087,0.4772353011400949,0.5512820512820513,-0.011579818031430933,-0.09538305127850505,-0.11538461538461531
1,A,I,0.6175115207373272,0.3643662752401322,0.2857142857142857,0.6082949308755761,0.1920061442949277,0.14285714285714285,-0.009216589861751112,-0.1723601309452045,-0.14285714285714285
1,A,II,0.8110599078341014,0.44245215956739214,0.35714285714285715,0.7788018433179723,0.37336432831617183,0.2857142857142857,-0.032258064516129115,-0.06908783125122031,-0.07142857142857145
1,A,III,0.9288097886540602,0.6887564582728789,0.6896551724137931,0.9165739710789766,0.5760740949796733,0.5517241379310345,-0.012235817575083519,-0.11268236329320558,-0.13793103448275867
1,A,IV,0.9700460829493087,0.8655996961299451,0.8928571428571429,0.9688940092165899,0.7714410011094478,0.7857142857142857,-0.0011520737327188613,-0.09415869502049734,-0.1071428571428572
1,B,All cancers,0.8948571428571429,0.6541605692948544,0.6285714285714286,0.9017142857142857,0.6988502428171846,0.6857142857142857,0.006857142857142784,0.04468967352233011,0.05714285714285716
1,B,I,0.8906666666666666,0.1777046633277277,0.2,0.8773333333333333,0.1777046633277277,0.2,-0.013333333333333308,0.0,0.0
1,B,II,0.8746666666666667,0.36,0.4,0.8773333333333333,0.5146502354656654,0.6,0.002666666666666595,0.15465023546566536,0.19999999999999996
1,B,III,0.8438095238095238,0.6426478735861971,0.6428571428571429,0.8657142857142857,0.6951205628355468,0.7142857142857143,0.02190476190476187,0.05247268924934967,0.0714285714285714
1,B,IV,0.9709090909090909,0.8103246964102816,0.9090909090909091,0.9696969696969697,0.8103246964102816,0.9090909090909091,-0.00121212121212122,0.0,0.0
2,All sites,All cancers,0.8593254299549172,0.5145681478695687,0.5132743362831859,0.8636667223242612,0.5438839991719508,0.5486725663716814,0.004341292369343996,0.029315851302382123,0.03539823008849552
2,All sites,I,0.6344339622641509,-0.07077558550156259,0.0,0.6226415094339622,-0.07077558550156259,0.0,-0.011792452830188704,0.0,0.0
2,All sites,II,0.7909632571996028,0.285831839109456,0.2631578947368421,0.7676266137040715,0.3404228973994953,0.3157894736842105,-0.02333664349553133,0.054591058290039296,0.05263157894736842
2,All sites,III,0.8622202720491444,0.5267271208318429,0.4883720930232558,0.8815269855199649,0.5463511985995924,0.5116279069767442,0.01930671347082047,0.019624077767749437,0.023255813953488413
2,All sites,IV,0.9586357039187228,0.7865831889952699,0.8205128205128205,0.9649250120948234,0.8246250604741171,0.8717948717948718,0.0062893081761006275,0.03804187147884719,0.05128205128205132
2,A,All cancers,0.8664185277088503,0.4573516485453513,0.5256410256410257,0.8655913978494624,0.507828382861924,0.5897435897435898,-0.0008271298593879317,0.05047673431657268,0.0641025641025641
2,A,I,0.543778801843318,-0.07812091314506639,0.0,0.5345622119815668,-0.07812091314506639,0.0,-0.009216589861751112,0.0,0.0
2,A,II,0.7695852534562212,0.29611492837012066,0.21428571428571427,0.7396313364055299,0.29611492837012066,0.21428571428571427,-0.02995391705069128,0.0,0.0
2,A,III,0.8943270300333703,0.5760740949796733,0.5517241379310345,0.9021134593993326,0.6040718517322203,0.5862068965517241,0.0077864293659623,0.02799775675254701,0.03448275862068961
2,A,IV,0.966589861751152,0.7714410011094478,0.7857142857142857,0.9735023041474655,0.8983857676636111,0.9285714285714286,0.006912442396313501,0.1269447665541633,0.1428571428571429
2,B,All cancers,0.8396190476190476,0.43785537021711124,0.37142857142857144,0.864,0.5139868034368646,0.45714285714285713,0.024380952380952392,0.07613143321975341,0.08571428571428569
2,B,I,0.7893333333333334,-0.050964719143762556,0.0,0.7626666666666667,-0.050964719143762556,0.0,-0.026666666666666727,0.0,0.0
2,B,II,0.8346666666666667,0.36,0.4,0.8400000000000001,0.5146502354656654,0.6,0.005333333333333412,0.15465023546566536,0.19999999999999996
2,B,III,0.7885714285714286,0.33232966534885366,0.2857142857142857,0.8466666666666667,0.4037030969365859,0.35714285714285715,0.05809523809523809,0.07137343158773224,0.07142857142857145
2,B,IV,0.9296969696969697,0.6213428889477476,0.6363636363636364,0.9430303030303031,0.6872727272727273,0.7272727272727273,0.01333333333333342,0.06592983832497967,0.09090909090909094
3,All sites,All cancers,0.9025713808649191,0.5585450760181706,0.5663716814159292,0.9014025713808649,0.5438839991719508,0.5486725663716814,-0.0011688094840541785,-0.014661076846219756,-0.017699115044247815
3,All sites,I,0.7366352201257862,0.2438567684095366,0.25,0.7272012578616353,0.2438567684095366,0.25,-0.009433962264150941,0.0,0.0
3,All sites,II,0.8694141012909633,0.39151166184790465,0.3684210526315789,0.8589870903674279,0.3404228973994953,0.3157894736842105,-0.010427010923535374,-0.051088764448409374,-0.05263157894736842
3,All sites,III,0.9028082492321193,0.5656927352188804,0.5348837209302325,0.90258885476086,0.5267271208318429,0.4883720930232558,-0.00021939447125929323,-0.038965614387037495,-0.046511627906976716
3,All sites,IV,0.9695210449927432,0.7674485494374894,0.7948717948717948,0.9743589743589742,0.7865831889952699,0.8205128205128205,0.004837929366231064,0.019134639557780497,0.02564102564102566
3,A,All cancers,0.8945409429280398,0.4873226267306548,0.5641025641025641,0.8821339950372208,0.4873226267306548,0.5641025641025641,-0.012406947890818976,0.0,0.0
3,A,I,0.6036866359447004,0.1920061442949277,0.14285714285714285,0.5852534562211982,0.1920061442949277,0.14285714285714285,-0.018433179723502224,0.0,0.0
3,A,II,0.8571428571428572,0.5062240381072022,0.42857142857142855,0.8433179723502303,0.5062240381072022,0.42857142857142855,-0.01382488479262689,0.0,0.0
3,A,III,0.9154616240266964,0.5760740949796733,0.5517241379310345,0.8932146829810901,0.51990415819083,0.4827586206896552,-0.022246941045606317,-0.0561699367888433,-0.06896551724137928
3,A,IV,0.9642857142857143,0.7411668416972748,0.75,0.9642857142857143,0.8022155312714424,0.8214285714285714,0.0,0.06104868957416765,0.0714285714285714
3,B,All cancers,0.9104761904761904,0.5382511362870364,0.4857142857142857,0.913904761904762,0.5855400437691199,0.5428571428571428,0.0034285714285715585,0.047288907482083586,0.057142857142857106
3,B,I,0.9066666666666666,0.36,0.4,0.92,0.36,0.4,0.01333333333333342,0.0,0.0
3,B,II,0.8906666666666667,0.1777046633277277,0.2,0.8559999999999999,0.1777046633277277,0.2,-0.034666666666666845,0.0,0.0
3,B,III,0.8666666666666667,0.4037030969365859,0.35714285714285715,0.8761904761904762,0.46924458035280087,0.42857142857142855,0.00952380952380949,0.06554148341621496,0.0714285714285714
3,B,IV,0.9769696969696969,0.7500696118390763,0.8181818181818182,0.9854545454545454,0.8103246964102816,0.9090909090909091,0.008484848484848428,0.06025508457120532,0.09090909090909083
4,All sites,All cancers,0.8912172315912505,0.565882444933684,0.5752212389380531,0.8734346301552847,0.35575245722759946,0.3274336283185841,-0.017782601435965883,-0.21012998770608454,-0.24778761061946902
4,All sites,I,0.684748427672956,0.2438567684095366,0.25,0.6674528301886792,-0.07077558550156259,0.0,-0.01729559748427678,-0.31463235391109917,-0.25
4,All sites,II,0.8664349553128102,0.39151166184790465,0.3684210526315789,0.8272095332671301,0.09071228462845154,0.10526315789473684,-0.039225422045680136,-0.3007993772194531,-0.2631578947368421
4,All sites,III,0.8962264150943395,0.6222940579027954,0.6046511627906976,0.878894251864853,0.400964279675197,0.3488372093023256,-0.017332163229486497,-0.22132977822759836,-0.25581395348837205
4,All sites,IV,0.96129656507015,0.7288790722118664,0.7435897435897436,0.9533139816158684,0.5466191850478217,0.5128205128205128,-0.0079825834542816,-0.18225988716404473,-0.23076923076923084
4,A,All cancers,0.8655913978494624,0.3994741136800593,0.44871794871794873,0.837468982630273,0.33354539616458045,0.358974358974359,-0.028122415219189345,-0.06592871751547885,-0.08974358974358976
4,A,I,0.5299539170506913,-0.07812091314506639,0.0,0.5253456221198156,-0.07812091314506639,0.0,-0.004608294930875667,0.0,0.0
4,A,II,0.8341013824884793,0.37336432831617183,0.2857142857142857,0.7995391705069125,0.20526320231631415,0.14285714285714285,-0.03456221198156684,-0.1681011259998577,-0.14285714285714285
4,A,III,0.8832035595105673,0.51990415819083,0.4827586206896552,0.8453837597330367,0.4335742748772955,0.3793103448275862,-0.03781979977753058,-0.08632988331353453,-0.103448275862069
4,A,IV,0.9470046082949308,0.6234656086780178,0.6071428571428571,0.9262672811059908,0.5654931587494527,0.5357142857142857,-0.020737327188940058,-0.057972449928565095,-0.0714285714285714
4,B,All cancers,0.9135238095238095,0.5620824777231158,0.5142857142857142,0.8990476190476191,0.608675763833824,0.5714285714285714,-0.01447619047619042,0.04659328611070823,0.05714285714285716
4,B,I,0.9066666666666666,0.36,0.4,0.8853333333333333,0.36,0.4,-0.021333333333333315,0.0,0.0
4,B,II,0.8853333333333334,0.1777046633277277,0.2,0.832,0.36,0.4,-0.053333333333333455,0.1822953366722723,0.2
4,B,III,0.8838095238095238,0.5878897733541429,0.5714285714285714,0.881904761904762,0.5878897733541429,0.5714285714285714,-0.0019047619047618536,0.0,0.0
4,B,IV,0.9672727272727273,0.6213428889477476,0.6363636363636364,0.9575757575757575,0.6872727272727273,0.7272727272727273,-0.00969696969696976,0.06592983832497967,0.09090909090909094
5,All sites,All cancers,0.903740190348973,0.5512128221104491,0.5575221238938053,0.9084154282851895,0.5438839991719508,0.5486725663716814,0.004675237936216492,-0.007328822938498236,-0.008849557522123908
5,All sites,I,0.7279874213836478,0.2438567684095366,0.25,0.7138364779874213,0.2438567684095366,0.25,-0.014150943396226467,0.0,0.0
5,All sites,II,0.8609731876861966,0.39151166184790465,0.3684210526315789,0.8619662363455809,0.39151166184790465,0.3684210526315789,0.0009930486593843213,0.0,0.0
5,All sites,III,0.91882404563405,0.5847802628323895,0.5581395348837209,0.9289161913119789,0.5267271208318429,0.4883720930232558,0.010092145677928932,-0.058053142000546565,-0.06976744186046513
5,All sites,IV,0.9620222544750846,0.7288790722118664,0.7435897435897436,0.9683115626511853,0.7674485494374894,0.7948717948717948,0.0062893081761007386,0.03856947722562298,0.05128205128205121
5,A,All cancers,0.8966087675765095,0.5182634499703695,0.6025641025641025,0.8978494623655915,0.49751758549259245,0.5769230769230769,0.001240694789081953,-0.0207458644777771,-0.02564102564102566
5,A,I,0.5622119815668203,0.1920061442949277,0.14285714285714285,0.5668202764976958,0.1920061442949277,0.14285714285714285,0.004608294930875556,0.0,0.0
5,A,II,0.8341013824884793,0.37336432831617183,0.2857142857142857,0.824884792626728,0.37336432831617183,0.2857142857142857,-0.009216589861751334,0.0,0.0
5,A,III,0.9443826473859844,0.6887564582728789,0.6896551724137931,0.9421579532814237,0.6040718517322203,0.5862068965517241,-0.0022246941045607205,-0.08468460654065857,-0.10344827586206906
5,A,IV,0.9619815668202765,0.7714410011094478,0.7857142857142857,0.9711981566820276,0.8022155312714424,0.8214285714285714,0.009216589861751112,0.030774530161994607,0.0357142857142857
5,B,All cancers,0.9005714285714286,0.5139868034368646,0.45714285714285713,0.913904761904762,0.5139868034368646,0.45714285714285713,0.01333333333333342,0.0,0.0
5,B,I,0.8906666666666666,0.36,0.4,0.8746666666666666,0.36,0.4,-0.016000000000000014,0.0,0.0
5,B,II,0.8879999999999999,0.5146502354656654,0.6,0.904,0.5146502354656654,0.6,0.016000000000000125,0.0,0.0
5,B,III,0.8590476190476191,0.33232966534885366,0.2857142857142857,0.8914285714285715,0.33232966534885366,0.2857142857142857,0.0323809523809524,0.0,0.0
5,B,IV,0.9636363636363636,0.6213428889477476,0.6363636363636364,0.9648484848484848,0.6213428889477476,0.6363636363636364,0.00121212121212122,0.0,0.0
