repeat_id,fold,inner_folds,n_train,n_test,inner_logloss,lambda_fraction,n_methylation,n_protein,n_fragmentomics
1,1,3,176,43,0.4732330174785837,0.3,5,3,2
1,2,3,174,45,0.4342310891430014,0.2,5,3,1
1,3,3,175,44,0.41657496401035465,0.08,5,3,2
1,4,3,175,44,0.4408846900911415,0.2,5,3,2
1,5,3,176,43,0.38360230935423034,0.13,5,3,2
2,1,3,176,43,0.4749245401745237,0.2,5,3,2
2,2,3,175,44,0.4751766813824003,0.3,5,3,1
2,3,3,175,44,0.4102863881392986,0.08,5,3,2
2,4,3,175,44,0.3490913950992386,0.03,5,3,2
2,5,3,175,44,0.36054568050171015,0.03,5,3,2
3,1,3,174,45,0.40874354097169313,0.05,5,3,2
3,2,3,174,45,0.48184180754292233,0.2,5,3,1
3,3,3,176,43,0.39664077579990964,0.08,5,3,2
3,4,3,176,43,0.48014355800169023,0.2,5,3,2
3,5,3,176,43,0.5093613199490964,0.2,5,3,1
4,1,3,175,44,0.44726031237433844,0.2,5,3,2
4,2,3,176,43,0.48889400493972573,0.2,5,3,2
4,3,3,174,45,0.4726271621967906,0.3,5,3,1
4,4,3,175,44,0.47957910751933114,0.08,5,3,2
4,5,3,176,43,0.3850344804069243,0.13,5,3,1
5,1,3,175,44,0.464036408710131,0.2,5,3,2
5,2,3,176,43,0.4069786575882365,0.08,5,3,2
5,3,3,175,44,0.4840089563712125,0.2,5,3,2
5,4,3,176,43,0.4058754430749161,0.08,5,3,2
5,5,3,174,45,0.3517762496470845,0.08,5,3,2
