modality,feature,n_outer_folds,frequency
methylation,methylation__CpG_R0607,25,1.0
protein,protein__CEA,25,1.0
methylation,methylation__CpG_R0164,24,0.96
methylation,methylation__CpG_R0805,22,0.88
methylation,methylation__CpG_R1263,21,0.84
protein,protein__CYFRA21_1,21,0.84
methylation,methylation__CpG_R0360,20,0.8
protein,protein__GDF15,17,0.68
protein,protein__CRP,7,0.28
methylation,methylation__CpG_R0146,6,0.24
protein,protein__OPN,3,0.12
methylation,methylation__CpG_R1646,2,0.08
protein,protein__SAA1,2,0.08
methylation,methylation__CpG_R0634,1,0.04
methylation,methylation__CpG_R0902,1,0.04
methylation,methylation__CpG_R1041,1,0.04
methylation,methylation__CpG_R1539,1,0.04
methylation,methylation__CpG_R1848,1,0.04
