site_group,cancer_group,n_repeats,mean_n_controls,mean_n_cases,AUC_mean,AUC_sd,MCC_mean,MCC_sd,sensitivity_at_95_specificity_mean,sensitivity_at_95_specificity_sd,achieved_specificity_mean,achieved_specificity_sd
All sites,All cancers,5,106.0,113.0,0.8902153948906328,0.018075141219962954,0.5645246513789358,0.042777107266615905,0.5734513274336284,0.051373186809557506,0.9528301886792454,0.0
All sites,I,5,106.0,12.0,0.69937106918239,0.0413076379437746,0.18093029762731677,0.14070786625319792,0.2,0.11180339887498948,0.9528301886792454,0.0
All sites,II,5,106.0,19.0,0.8431976166832176,0.033528078808197095,0.3703756973002149,0.04726145349865983,0.34736842105263155,0.04707511531578505,0.9528301886792454,0.0
All sites,III,5,106.0,43.0,0.8969284774023695,0.021079801675648244,0.5953455925803333,0.057295961531357034,0.5720930232558139,0.0709207008464042,0.9528301886792454,0.0
All sites,IV,5,106.0,39.0,0.9644412191582002,0.00535733783027341,0.7710697706291991,0.04761452909983499,0.8,0.06384563896404481,0.9528301886792454,0.0
A,All cancers,5,31.0,78.0,0.8835401157981803,0.016032243363676882,0.487006038269007,0.06489956664088518,0.5615384615384615,0.08179045080890553,0.967741935483871,0.0
A,I,5,31.0,7.0,0.5714285714285714,0.03786100627915892,0.11842734750797097,0.192727834249977,0.11428571428571428,0.11952286093343935,0.967741935483871,0.0
A,II,5,31.0,14.0,0.8211981566820278,0.033134890345156834,0.39830395653541173,0.07950216259041218,0.3142857142857143,0.08144110179279557,0.967741935483871,0.0
A,III,5,31.0,29.0,0.9132369299221358,0.02488526954526935,0.6099130529391869,0.07553859347151286,0.5931034482758621,0.09252695079309477,0.967741935483871,0.0
A,IV,5,31.0,28.0,0.9619815668202765,0.008886663951924856,0.7546228297448266,0.08698397395650477,0.7642857142857142,0.10289185922062813,0.967741935483871,0.0
B,All cancers,5,75.0,35.0,0.8918095238095238,0.030124157292905455,0.5412672713917965,0.07846258954657483,0.49142857142857144,0.09345958419312071,0.96,0.0
B,I,5,75.0,5.0,0.8768,0.049545489759972604,0.241347988836793,0.18147457906549871,0.28,0.17888543819998318,0.96,0.0
B,II,5,75.0,5.0,0.8746666666666666,0.02317086292931035,0.3180119124242241,0.14279782682445208,0.36,0.1673320053068151,0.96,0.0
B,III,5,75.0,14.0,0.8483809523809525,0.036405376991907455,0.45978001491492665,0.14618872039366448,0.42857142857142855,0.16751484856512253,0.96,0.0
B,IV,5,75.0,11.0,0.9616969696969697,0.018553771159589758,0.6848845950185202,0.08957810933233765,0.7272727272727273,0.128564869306645,0.96,0.0
