modality,sample_id,n_features,n_missing,missing_fraction
Methylation,S69702,2000,48,0.024
Methylation,S95753,2000,46,0.023
Methylation,S69065,2000,39,0.0195
Methylation,S47112,2000,43,0.0215
Methylation,S27002,2000,49,0.0245
Methylation,S11433,2000,34,0.017
Methylation,S15874,2000,50,0.025
Methylation,S60354,2000,40,0.02
Methylation,S91359,2000,47,0.0235
Methylation,S60265,2000,39,0.0195
Methylation,S63112,2000,37,0.0185
Methylation,S40304,2000,48,0.024
Methylation,S69368,2000,30,0.015
Methylation,S93401,2000,35,0.0175
Methylation,S57065,2000,40,0.02
Methylation,S80216,2000,36,0.018
Methylation,S77854,2000,47,0.0235
Methylation,S14483,2000,34,0.017
Methylation,S68731,2000,51,0.0255
Methylation,S78430,2000,24,0.012
Methylation,S93719,2000,52,0.026
Methylation,S34011,2000,28,0.014
Methylation,S81906,2000,35,0.0175
Methylation,S14423,2000,39,0.0195
Methylation,S96858,2000,39,0.0195
Methylation,S13758,2000,35,0.0175
Methylation,S81539,2000,37,0.0185
Methylation,S32123,2000,42,0.021
Methylation,S26136,2000,35,0.0175
Methylation,S28395,2000,50,0.025
Methylation,S78813,2000,46,0.023
Methylation,S14113,2000,35,0.0175
Methylation,S98154,2000,44,0.022
Methylation,S93564,2000,43,0.0215
Methylation,S41367,2000,40,0.02
Methylation,S74204,2000,38,0.019
Methylation,S67750,2000,38,0.019
Methylation,S70794,2000,53,0.0265
Methylation,S70102,2000,37,0.0185
Methylation,S19064,2000,48,0.024
Methylation,S48755,2000,36,0.018
Methylation,S32739,2000,51,0.0255
Methylation,S42225,2000,37,0.0185
Methylation,S53459,2000,46,0.023
Methylation,S55883,2000,30,0.015
Methylation,S73082,2000,38,0.019
Methylation,S54601,2000,38,0.019
Methylation,S58869,2000,44,0.022
Methylation,S28856,2000,35,0.0175
Methylation,S82336,2000,50,0.025
Methylation,S95353,2000,41,0.0205
Methylation,S88458,2000,48,0.024
Methylation,S82124,2000,44,0.022
Methylation,S86937,2000,44,0.022
Methylation,S42193,2000,44,0.022
Methylation,S99881,2000,29,0.0145
Methylation,S34184,2000,26,0.013
Methylation,S33208,2000,40,0.02
Methylation,S83332,2000,42,0.021
Methylation,S74480,2000,37,0.0185
Methylation,S92350,2000,36,0.018
Methylation,S46094,2000,34,0.017
Methylation,S73152,2000,39,0.0195
Methylation,S37874,2000,43,0.0215
Methylation,S47525,2000,38,0.019
Methylation,S66796,2000,35,0.0175
Methylation,S47084,2000,43,0.0215
Methylation,S66412,2000,51,0.0255
Methylation,S69342,2000,37,0.0185
Methylation,S15322,2000,42,0.021
Methylation,S25882,2000,27,0.0135
Methylation,S23612,2000,36,0.018
Methylation,S10321,2000,38,0.019
Methylation,S66966,2000,34,0.017
Methylation,S56086,2000,45,0.0225
Methylation,S85080,2000,35,0.0175
Methylation,S29173,2000,47,0.0235
Methylation,S74431,2000,49,0.0245
Methylation,S40402,2000,48,0.024
Methylation,S70078,2000,44,0.022
Methylation,S90553,2000,53,0.0265
Methylation,S94936,2000,46,0.023
Methylation,S29263,2000,35,0.0175
Methylation,S15363,2000,56,0.028
Methylation,S21401,2000,49,0.0245
Methylation,S30594,2000,40,0.02
Methylation,S53148,2000,36,0.018
Methylation,S13372,2000,48,0.024
Methylation,S35367,2000,47,0.0235
Methylation,S97010,2000,35,0.0175
Methylation,S67690,2000,39,0.0195
Methylation,S30450,2000,39,0.0195
Methylation,S87286,2000,48,0.024
Methylation,S32217,2000,32,0.016
Methylation,S31839,2000,50,0.025
Methylation,S56214,2000,39,0.0195
Methylation,S55327,2000,36,0.018
Methylation,S76588,2000,40,0.02
Methylation,S40397,2000,43,0.0215
Methylation,S98867,2000,39,0.0195
Methylation,S37801,2000,44,0.022
Methylation,S12653,2000,39,0.0195
Methylation,S81473,2000,42,0.021
Methylation,S79740,2000,49,0.0245
Methylation,S76304,2000,43,0.0215
Methylation,S85572,2000,36,0.018
Methylation,S33374,2000,41,0.0205
Methylation,S31029,2000,31,0.0155
Methylation,S77255,2000,34,0.017
Methylation,S41339,2000,37,0.0185
Methylation,S70419,2000,32,0.016
Methylation,S30651,2000,45,0.0225
Methylation,S21806,2000,38,0.019
Methylation,S88366,2000,37,0.0185
Methylation,S71396,2000,45,0.0225
Methylation,S52081,2000,42,0.021
Methylation,S17381,2000,35,0.0175
Methylation,S45208,2000,59,0.0295
Methylation,S97610,2000,32,0.016
Methylation,S57955,2000,36,0.018
Methylation,S82290,2000,42,0.021
Methylation,S20587,2000,31,0.0155
Methylation,S73606,2000,36,0.018
Methylation,S26192,2000,33,0.0165
Methylation,S58246,2000,42,0.021
Methylation,S43109,2000,44,0.022
Methylation,S22582,2000,36,0.018
Methylation,S99522,2000,39,0.0195
Methylation,S11531,2000,41,0.0205
Methylation,S90842,2000,58,0.029
Methylation,S37290,2000,49,0.0245
Methylation,S23650,2000,36,0.018
Methylation,S46605,2000,38,0.019
Methylation,S22028,2000,35,0.0175
Methylation,S56780,2000,41,0.0205
Methylation,S54557,2000,43,0.0215
Methylation,S26188,2000,32,0.016
Methylation,S19663,2000,43,0.0215
Methylation,S91148,2000,39,0.0195
Methylation,S66171,2000,48,0.024
Methylation,S27741,2000,50,0.025
Methylation,S74488,2000,42,0.021
Methylation,S69644,2000,38,0.019
Methylation,S94355,2000,46,0.023
Methylation,S43898,2000,32,0.016
Methylation,S37493,2000,30,0.015
Methylation,S73286,2000,37,0.0185
Methylation,S71885,2000,38,0.019
Methylation,S30047,2000,49,0.0245
Methylation,S72348,2000,38,0.019
Methylation,S22626,2000,41,0.0205
Methylation,S16883,2000,30,0.015
Methylation,S77384,2000,43,0.0215
Methylation,S39189,2000,40,0.02
Methylation,S12449,2000,37,0.0185
Methylation,S29946,2000,39,0.0195
Methylation,S42896,2000,45,0.0225
Methylation,S41494,2000,32,0.016
Methylation,S20481,2000,41,0.0205
Methylation,S43615,2000,36,0.018
Methylation,S61995,2000,35,0.0175
Methylation,S21659,2000,42,0.021
Methylation,S78126,2000,30,0.015
Methylation,S17892,2000,45,0.0225
Methylation,S95578,2000,30,0.015
Methylation,S43438,2000,42,0.021
Methylation,S33544,2000,43,0.0215
Methylation,S14959,2000,46,0.023
Methylation,S36080,2000,29,0.0145
Methylation,S56427,2000,44,0.022
Methylation,S57305,2000,43,0.0215
Methylation,S54795,2000,41,0.0205
Methylation,S28304,2000,36,0.018
Methylation,S96216,2000,36,0.018
Methylation,S56591,2000,47,0.0235
Methylation,S30940,2000,37,0.0185
Methylation,S64946,2000,39,0.0195
Methylation,S50239,2000,36,0.018
Methylation,S56475,2000,34,0.017
Methylation,S73398,2000,31,0.0155
Methylation,S31590,2000,36,0.018
Methylation,S47357,2000,35,0.0175
Methylation,S73318,2000,31,0.0155
Methylation,S80671,2000,42,0.021
Methylation,S47117,2000,39,0.0195
Methylation,S20347,2000,37,0.0185
Methylation,S90420,2000,49,0.0245
Methylation,S63520,2000,53,0.0265
Methylation,S39802,2000,55,0.0275
Methylation,S51353,2000,40,0.02
Methylation,S26913,2000,37,0.0185
Methylation,S27822,2000,28,0.014
Methylation,S36486,2000,34,0.017
Methylation,S42150,2000,44,0.022
Methylation,S74034,2000,35,0.0175
Methylation,S66157,2000,43,0.0215
Methylation,S47376,2000,23,0.0115
Methylation,S46008,2000,35,0.0175
Methylation,S83983,2000,35,0.0175
Methylation,S82910,2000,35,0.0175
Methylation,S47496,2000,28,0.014
Methylation,S12784,2000,33,0.0165
Methylation,S84694,2000,44,0.022
Methylation,S62801,2000,51,0.0255
Methylation,S79270,2000,40,0.02
Methylation,S39929,2000,35,0.0175
Methylation,S44383,2000,39,0.0195
Methylation,S55203,2000,34,0.017
Methylation,S48198,2000,30,0.015
Methylation,S65059,2000,47,0.0235
Methylation,S18357,2000,33,0.0165
Methylation,S56698,2000,50,0.025
Methylation,S20205,2000,41,0.0205
Methylation,S16388,2000,48,0.024
Methylation,S67725,2000,45,0.0225
Methylation,S66896,2000,47,0.0235
Methylation,S86250,2000,37,0.0185
Methylation,S62065,2000,43,0.0215
Methylation,S48835,2000,47,0.0235
Methylation,S22000,2000,47,0.0235
Methylation,S59139,2000,47,0.0235
Methylation,S80885,2000,35,0.0175
Methylation,S27402,2000,39,0.0195
Methylation,S60601,2000,36,0.018
Methylation,S52175,2000,52,0.026
Methylation,S88174,2000,30,0.015
Methylation,S83567,2000,46,0.023
Methylation,S75205,2000,34,0.017
Methylation,S68004,2000,45,0.0225
Methylation,S74181,2000,44,0.022
Methylation,S24161,2000,35,0.0175
Methylation,S30941,2000,39,0.0195
Methylation,S57005,2000,42,0.021
Methylation,S16734,2000,36,0.018
Methylation,S89708,2000,39,0.0195
Methylation,S77373,2000,39,0.0195
Methylation,S25749,2000,33,0.0165
Methylation,S57971,2000,40,0.02
Methylation,S35676,2000,47,0.0235
Methylation,S80382,2000,48,0.024
Methylation,S31091,2000,44,0.022
Methylation,S15006,2000,48,0.024
Methylation,S76214,2000,42,0.021
Methylation,S98603,2000,50,0.025
Methylation,S34617,2000,42,0.021
Methylation,S76702,2000,43,0.0215
Methylation,S22546,2000,41,0.0205
Methylation,S92114,2000,47,0.0235
Methylation,S44914,2000,46,0.023
Methylation,S69346,2000,43,0.0215
Methylation,S98567,2000,41,0.0205
Methylation,S18513,2000,32,0.016
Methylation,S45765,2000,37,0.0185
Methylation,S42743,2000,31,0.0155
Methylation,S15012,2000,40,0.02
Methylation,S81407,2000,37,0.0185
Methylation,S35865,2000,41,0.0205
Methylation,S63924,2000,30,0.015
Methylation,S47735,2000,42,0.021
Methylation,S68225,2000,49,0.0245
Methylation,S85600,2000,36,0.018
Methylation,S25372,2000,36,0.018
Methylation,S37121,2000,36,0.018
Methylation,S66024,2000,46,0.023
Methylation,S69910,2000,38,0.019
Methylation,S48802,2000,32,0.016
Methylation,S16937,2000,42,0.021
Methylation,S70531,2000,38,0.019
Methylation,S41986,2000,43,0.0215
Methylation,S35272,2000,40,0.02
Methylation,S87046,2000,48,0.024
Methylation,S61783,2000,52,0.026
Methylation,S75921,2000,47,0.0235
Methylation,S76885,2000,27,0.0135
Methylation,S67935,2000,52,0.026
Methylation,S19672,2000,39,0.0195
Methylation,S33652,2000,41,0.0205
Methylation,S77432,2000,31,0.0155
Methylation,S57619,2000,51,0.0255
Methylation,S70574,2000,43,0.0215
Methylation,S16560,2000,47,0.0235
Methylation,S74878,2000,47,0.0235
Methylation,S76541,2000,42,0.021
Methylation,S65213,2000,28,0.014
Methylation,S79243,2000,54,0.027
Methylation,S91783,2000,42,0.021
Methylation,S94603,2000,41,0.0205
Methylation,S91303,2000,30,0.015
Methylation,S98166,2000,37,0.0185
Methylation,S42614,2000,49,0.0245
Methylation,S10762,2000,39,0.0195
Methylation,S30642,2000,27,0.0135
Methylation,S81490,2000,56,0.028
Methylation,S90768,2000,38,0.019
Methylation,S92909,2000,37,0.0185
Methylation,S47186,2000,40,0.02
Methylation,S96317,2000,43,0.0215
Methylation,S58621,2000,36,0.018
Methylation,S76523,2000,56,0.028
Methylation,S41692,2000,34,0.017
Fragmentomics,S69702,13,0,0.0
Fragmentomics,S95753,13,0,0.0
Fragmentomics,S69065,13,0,0.0
Fragmentomics,S47112,13,0,0.0
Fragmentomics,S27002,13,0,0.0
Fragmentomics,S11433,13,0,0.0
Fragmentomics,S15874,13,0,0.0
Fragmentomics,S60354,13,0,0.0
Fragmentomics,S91359,13,0,0.0
Fragmentomics,S60265,13,0,0.0
Fragmentomics,S63112,13,0,0.0
Fragmentomics,S40304,13,0,0.0
Fragmentomics,S69368,13,0,0.0
Fragmentomics,S93401,13,0,0.0
Fragmentomics,S57065,13,0,0.0
Fragmentomics,S80216,13,0,0.0
Fragmentomics,S77854,13,0,0.0
Fragmentomics,S14483,13,0,0.0
Fragmentomics,S68731,13,0,0.0
Fragmentomics,S78430,13,0,0.0
Fragmentomics,S93719,13,0,0.0
Fragmentomics,S34011,13,0,0.0
Fragmentomics,S81906,13,0,0.0
Fragmentomics,S14423,13,0,0.0
Fragmentomics,S96858,13,0,0.0
Fragmentomics,S13758,13,0,0.0
Fragmentomics,S81539,13,0,0.0
Fragmentomics,S32123,13,0,0.0
Fragmentomics,S26136,13,0,0.0
Fragmentomics,S28395,13,0,0.0
Fragmentomics,S78813,13,0,0.0
Fragmentomics,S14113,13,0,0.0
Fragmentomics,S98154,13,0,0.0
Fragmentomics,S93564,13,0,0.0
Fragmentomics,S41367,13,0,0.0
Fragmentomics,S74204,13,0,0.0
Fragmentomics,S67750,13,0,0.0
Fragmentomics,S70794,13,0,0.0
Fragmentomics,S70102,13,0,0.0
Fragmentomics,S19064,13,0,0.0
Fragmentomics,S48755,13,0,0.0
Fragmentomics,S32739,13,0,0.0
Fragmentomics,S42225,13,0,0.0
Fragmentomics,S53459,13,0,0.0
Fragmentomics,S55883,13,0,0.0
Fragmentomics,S73082,13,0,0.0
Fragmentomics,S54601,13,0,0.0
Fragmentomics,S58869,13,0,0.0
Fragmentomics,S28856,13,0,0.0
Fragmentomics,S82336,13,0,0.0
Fragmentomics,S95353,13,0,0.0
Fragmentomics,S88458,13,0,0.0
Fragmentomics,S82124,13,0,0.0
Fragmentomics,S86937,13,0,0.0
Fragmentomics,S42193,13,0,0.0
Fragmentomics,S99881,13,0,0.0
Fragmentomics,S34184,13,0,0.0
Fragmentomics,S33208,13,0,0.0
Fragmentomics,S83332,13,0,0.0
Fragmentomics,S74480,13,0,0.0
Fragmentomics,S92350,13,0,0.0
Fragmentomics,S46094,13,0,0.0
Fragmentomics,S73152,13,0,0.0
Fragmentomics,S37874,13,0,0.0
Fragmentomics,S47525,13,0,0.0
Fragmentomics,S66796,13,0,0.0
Fragmentomics,S47084,13,0,0.0
Fragmentomics,S66412,13,0,0.0
Fragmentomics,S69342,13,0,0.0
Fragmentomics,S15322,13,0,0.0
Fragmentomics,S25882,13,0,0.0
Fragmentomics,S23612,13,0,0.0
Fragmentomics,S10321,13,0,0.0
Fragmentomics,S66966,13,0,0.0
Fragmentomics,S56086,13,0,0.0
Fragmentomics,S85080,13,0,0.0
Fragmentomics,S29173,13,0,0.0
Fragmentomics,S74431,13,0,0.0
Fragmentomics,S40402,13,0,0.0
Fragmentomics,S70078,13,0,0.0
Fragmentomics,S90553,13,0,0.0
Fragmentomics,S94936,13,0,0.0
Fragmentomics,S29263,13,0,0.0
Fragmentomics,S15363,13,0,0.0
Fragmentomics,S21401,13,0,0.0
Fragmentomics,S30594,13,0,0.0
Fragmentomics,S53148,13,0,0.0
Fragmentomics,S13372,13,0,0.0
Fragmentomics,S35367,13,0,0.0
Fragmentomics,S97010,13,0,0.0
Fragmentomics,S67690,13,0,0.0
Fragmentomics,S30450,13,0,0.0
Fragmentomics,S87286,13,0,0.0
Fragmentomics,S32217,13,0,0.0
Fragmentomics,S31839,13,0,0.0
Fragmentomics,S56214,13,0,0.0
Fragmentomics,S55327,13,0,0.0
Fragmentomics,S76588,13,0,0.0
Fragmentomics,S40397,13,0,0.0
Fragmentomics,S98867,13,0,0.0
Fragmentomics,S37801,13,0,0.0
Fragmentomics,S12653,13,0,0.0
Fragmentomics,S81473,13,0,0.0
Fragmentomics,S79740,13,0,0.0
Fragmentomics,S76304,13,0,0.0
Fragmentomics,S85572,13,0,0.0
Fragmentomics,S33374,13,0,0.0
Fragmentomics,S31029,13,0,0.0
Fragmentomics,S77255,13,0,0.0
Fragmentomics,S41339,13,0,0.0
Fragmentomics,S70419,13,0,0.0
Fragmentomics,S30651,13,0,0.0
Fragmentomics,S21806,13,0,0.0
Fragmentomics,S88366,13,0,0.0
Fragmentomics,S71396,13,0,0.0
Fragmentomics,S52081,13,0,0.0
Fragmentomics,S17381,13,0,0.0
Fragmentomics,S45208,13,0,0.0
Fragmentomics,S97610,13,0,0.0
Fragmentomics,S57955,13,0,0.0
Fragmentomics,S82290,13,0,0.0
Fragmentomics,S20587,13,0,0.0
Fragmentomics,S73606,13,0,0.0
Fragmentomics,S26192,13,0,0.0
Fragmentomics,S58246,13,0,0.0
Fragmentomics,S43109,13,0,0.0
Fragmentomics,S22582,13,0,0.0
Fragmentomics,S99522,13,0,0.0
Fragmentomics,S11531,13,0,0.0
Fragmentomics,S90842,13,0,0.0
Fragmentomics,S37290,13,0,0.0
Fragmentomics,S23650,13,0,0.0
Fragmentomics,S46605,13,0,0.0
Fragmentomics,S22028,13,0,0.0
Fragmentomics,S56780,13,0,0.0
Fragmentomics,S54557,13,0,0.0
Fragmentomics,S26188,13,0,0.0
Fragmentomics,S19663,13,0,0.0
Fragmentomics,S91148,13,0,0.0
Fragmentomics,S66171,13,0,0.0
Fragmentomics,S27741,13,0,0.0
Fragmentomics,S74488,13,0,0.0
Fragmentomics,S69644,13,0,0.0
Fragmentomics,S94355,13,0,0.0
Fragmentomics,S43898,13,0,0.0
Fragmentomics,S37493,13,0,0.0
Fragmentomics,S73286,13,0,0.0
Fragmentomics,S71885,13,0,0.0
Fragmentomics,S30047,13,0,0.0
Fragmentomics,S72348,13,0,0.0
Fragmentomics,S22626,13,0,0.0
Fragmentomics,S16883,13,0,0.0
Fragmentomics,S77384,13,0,0.0
Fragmentomics,S39189,13,0,0.0
Fragmentomics,S12449,13,0,0.0
Fragmentomics,S29946,13,0,0.0
Fragmentomics,S42896,13,0,0.0
Fragmentomics,S41494,13,0,0.0
Fragmentomics,S20481,13,0,0.0
Fragmentomics,S43615,13,0,0.0
Fragmentomics,S61995,13,0,0.0
Fragmentomics,S21659,13,0,0.0
Fragmentomics,S78126,13,0,0.0
Fragmentomics,S17892,13,0,0.0
Fragmentomics,S95578,13,0,0.0
Fragmentomics,S43438,13,0,0.0
Fragmentomics,S33544,13,0,0.0
Fragmentomics,S14959,13,0,0.0
Fragmentomics,S36080,13,0,0.0
Fragmentomics,S56427,13,0,0.0
Fragmentomics,S57305,13,0,0.0
Fragmentomics,S54795,13,0,0.0
Fragmentomics,S28304,13,0,0.0
Fragmentomics,S96216,13,0,0.0
Fragmentomics,S56591,13,0,0.0
Fragmentomics,S30940,13,0,0.0
Fragmentomics,S64946,13,0,0.0
Fragmentomics,S50239,13,0,0.0
Fragmentomics,S56475,13,0,0.0
Fragmentomics,S73398,13,0,0.0
Fragmentomics,S31590,13,0,0.0
Fragmentomics,S47357,13,0,0.0
Fragmentomics,S73318,13,0,0.0
Fragmentomics,S80671,13,0,0.0
Fragmentomics,S47117,13,0,0.0
Fragmentomics,S20347,13,0,0.0
Fragmentomics,S90420,13,0,0.0
Fragmentomics,S63520,13,0,0.0
Fragmentomics,S39802,13,0,0.0
Fragmentomics,S51353,13,0,0.0
Fragmentomics,S26913,13,0,0.0
Fragmentomics,S27822,13,0,0.0
Fragmentomics,S36486,13,0,0.0
Fragmentomics,S42150,13,0,0.0
Fragmentomics,S74034,13,0,0.0
Fragmentomics,S66157,13,0,0.0
Fragmentomics,S47376,13,0,0.0
Fragmentomics,S46008,13,0,0.0
Fragmentomics,S83983,13,0,0.0
Fragmentomics,S82910,13,0,0.0
Fragmentomics,S47496,13,0,0.0
Fragmentomics,S12784,13,0,0.0
Fragmentomics,S84694,13,0,0.0
Fragmentomics,S62801,13,0,0.0
Fragmentomics,S79270,13,0,0.0
Fragmentomics,S39929,13,0,0.0
Fragmentomics,S44383,13,0,0.0
Fragmentomics,S55203,13,0,0.0
Fragmentomics,S48198,13,0,0.0
Fragmentomics,S65059,13,0,0.0
Fragmentomics,S18357,13,0,0.0
Fragmentomics,S56698,13,0,0.0
Fragmentomics,S20205,13,0,0.0
Fragmentomics,S16388,13,0,0.0
Fragmentomics,S67725,13,0,0.0
Fragmentomics,S66896,13,0,0.0
Fragmentomics,S86250,13,0,0.0
Fragmentomics,S62065,13,0,0.0
Fragmentomics,S48835,13,0,0.0
Fragmentomics,S22000,13,0,0.0
Fragmentomics,S59139,13,0,0.0
Fragmentomics,S80885,13,0,0.0
Fragmentomics,S27402,13,0,0.0
Fragmentomics,S60601,13,0,0.0
Fragmentomics,S52175,13,0,0.0
Fragmentomics,S88174,13,0,0.0
Fragmentomics,S83567,13,0,0.0
Fragmentomics,S75205,13,0,0.0
Fragmentomics,S68004,13,0,0.0
Fragmentomics,S74181,13,0,0.0
Fragmentomics,S24161,13,0,0.0
Fragmentomics,S30941,13,0,0.0
Fragmentomics,S57005,13,0,0.0
Fragmentomics,S16734,13,0,0.0
Fragmentomics,S89708,13,0,0.0
Fragmentomics,S77373,13,0,0.0
Fragmentomics,S25749,13,0,0.0
Fragmentomics,S57971,13,0,0.0
Fragmentomics,S35676,13,0,0.0
Fragmentomics,S80382,13,0,0.0
Fragmentomics,S31091,13,0,0.0
Fragmentomics,S15006,13,0,0.0
Fragmentomics,S76214,13,0,0.0
Fragmentomics,S98603,13,0,0.0
Fragmentomics,S34617,13,0,0.0
Fragmentomics,S76702,13,0,0.0
Fragmentomics,S22546,13,0,0.0
Fragmentomics,S92114,13,0,0.0
Fragmentomics,S44914,13,0,0.0
Fragmentomics,S69346,13,0,0.0
Fragmentomics,S98567,13,0,0.0
Fragmentomics,S18513,13,0,0.0
Fragmentomics,S45765,13,0,0.0
Fragmentomics,S42743,13,0,0.0
Fragmentomics,S15012,13,0,0.0
Fragmentomics,S81407,13,0,0.0
Fragmentomics,S35865,13,0,0.0
Fragmentomics,S63924,13,0,0.0
Fragmentomics,S47735,13,0,0.0
Fragmentomics,S68225,13,0,0.0
Fragmentomics,S85600,13,0,0.0
Fragmentomics,S25372,13,0,0.0
Fragmentomics,S37121,13,0,0.0
Fragmentomics,S66024,13,0,0.0
Fragmentomics,S69910,13,0,0.0
Fragmentomics,S48802,13,0,0.0
Fragmentomics,S16937,13,0,0.0
Fragmentomics,S70531,13,0,0.0
Fragmentomics,S41986,13,0,0.0
Fragmentomics,S35272,13,0,0.0
Fragmentomics,S87046,13,0,0.0
Fragmentomics,S61783,13,0,0.0
Fragmentomics,S75921,13,0,0.0
Fragmentomics,S76885,13,0,0.0
Fragmentomics,S67935,13,0,0.0
Fragmentomics,S19672,13,0,0.0
Fragmentomics,S33652,13,0,0.0
Fragmentomics,S77432,13,0,0.0
Fragmentomics,S57619,13,0,0.0
Fragmentomics,S70574,13,0,0.0
Fragmentomics,S16560,13,0,0.0
Fragmentomics,S74878,13,0,0.0
Fragmentomics,S76541,13,0,0.0
Fragmentomics,S65213,13,0,0.0
Fragmentomics,S79243,13,0,0.0
Fragmentomics,S91783,13,0,0.0
Fragmentomics,S94603,13,0,0.0
Fragmentomics,S91303,13,0,0.0
Fragmentomics,S98166,13,0,0.0
Fragmentomics,S42614,13,0,0.0
Fragmentomics,S10762,13,0,0.0
Fragmentomics,S30642,13,0,0.0
Fragmentomics,S81490,13,0,0.0
Fragmentomics,S90768,13,0,0.0
Fragmentomics,S92909,13,0,0.0
Fragmentomics,S47186,13,0,0.0
Fragmentomics,S96317,13,0,0.0
Fragmentomics,S58621,13,0,0.0
Fragmentomics,S76523,13,0,0.0
Fragmentomics,S41692,13,0,0.0
Protein,S69702,40,0,0.0
Protein,S69065,40,6,0.15
Protein,S47112,40,4,0.1
Protein,S27002,40,1,0.025
Protein,S11433,40,1,0.025
Protein,S15874,40,0,0.0
Protein,S60265,40,1,0.025
Protein,S63112,40,1,0.025
Protein,S93401,40,0,0.0
Protein,S57065,40,1,0.025
Protein,S80216,40,1,0.025
Protein,S77854,40,2,0.05
Protein,S14483,40,1,0.025
Protein,S78430,40,3,0.075
Protein,S93719,40,5,0.125
Protein,S81906,40,1,0.025
Protein,S13758,40,6,0.15
Protein,S81539,40,4,0.1
Protein,S32123,40,3,0.075
Protein,S26136,40,4,0.1
Protein,S14113,40,3,0.075
Protein,S98154,40,4,0.1
Protein,S74204,40,5,0.125
Protein,S67750,40,7,0.175
Protein,S70794,40,3,0.075
Protein,S70102,40,1,0.025
Protein,S19064,40,5,0.125
Protein,S42225,40,2,0.05
Protein,S55883,40,2,0.05
Protein,S73082,40,1,0.025
Protein,S54601,40,0,0.0
Protein,S58869,40,3,0.075
Protein,S28856,40,1,0.025
Protein,S95353,40,2,0.05
Protein,S88458,40,2,0.05
Protein,S82124,40,2,0.05
Protein,S86937,40,5,0.125
Protein,S42193,40,1,0.025
Protein,S99881,40,6,0.15
Protein,S34184,40,0,0.0
Protein,S83332,40,6,0.15
Protein,S92350,40,0,0.0
Protein,S73152,40,4,0.1
Protein,S37874,40,2,0.05
Protein,S47525,40,3,0.075
Protein,S47084,40,1,0.025
Protein,S66412,40,1,0.025
Protein,S69342,40,4,0.1
Protein,S23612,40,1,0.025
Protein,S10321,40,5,0.125
Protein,S66966,40,1,0.025
Protein,S56086,40,0,0.0
Protein,S85080,40,2,0.05
Protein,S74431,40,3,0.075
Protein,S40402,40,2,0.05
Protein,S70078,40,1,0.025
Protein,S90553,40,3,0.075
Protein,S29263,40,3,0.075
Protein,S15363,40,2,0.05
Protein,S21401,40,3,0.075
Protein,S53148,40,1,0.025
Protein,S13372,40,2,0.05
Protein,S35367,40,1,0.025
Protein,S97010,40,2,0.05
Protein,S67690,40,1,0.025
Protein,S30450,40,1,0.025
Protein,S32217,40,3,0.075
Protein,S56214,40,1,0.025
Protein,S55327,40,1,0.025
Protein,S76588,40,2,0.05
Protein,S40397,40,0,0.0
Protein,S98867,40,1,0.025
Protein,S37801,40,6,0.15
Protein,S81473,40,0,0.0
Protein,S31029,40,4,0.1
Protein,S77255,40,3,0.075
Protein,S41339,40,2,0.05
Protein,S70419,40,0,0.0
Protein,S30651,40,2,0.05
Protein,S71396,40,4,0.1
Protein,S45208,40,3,0.075
Protein,S97610,40,3,0.075
Protein,S57955,40,2,0.05
Protein,S82290,40,0,0.0
Protein,S20587,40,0,0.0
Protein,S26192,40,1,0.025
Protein,S58246,40,1,0.025
Protein,S22582,40,1,0.025
Protein,S99522,40,3,0.075
Protein,S11531,40,2,0.05
Protein,S90842,40,2,0.05
Protein,S23650,40,3,0.075
Protein,S54557,40,3,0.075
Protein,S26188,40,0,0.0
Protein,S19663,40,2,0.05
Protein,S91148,40,2,0.05
Protein,S66171,40,1,0.025
Protein,S27741,40,4,0.1
Protein,S74488,40,2,0.05
Protein,S69644,40,1,0.025
Protein,S94355,40,4,0.1
Protein,S43898,40,6,0.15
Protein,S37493,40,1,0.025
Protein,S73286,40,2,0.05
Protein,S71885,40,2,0.05
Protein,S30047,40,2,0.05
Protein,S72348,40,5,0.125
Protein,S22626,40,5,0.125
Protein,S16883,40,1,0.025
Protein,S77384,40,5,0.125
Protein,S39189,40,5,0.125
Protein,S29946,40,3,0.075
Protein,S41494,40,4,0.1
Protein,S43615,40,1,0.025
Protein,S61995,40,0,0.0
Protein,S21659,40,1,0.025
Protein,S78126,40,4,0.1
Protein,S17892,40,4,0.1
Protein,S33544,40,2,0.05
Protein,S56427,40,3,0.075
Protein,S57305,40,2,0.05
Protein,S54795,40,5,0.125
Protein,S28304,40,2,0.05
Protein,S96216,40,5,0.125
Protein,S56591,40,2,0.05
Protein,S30940,40,0,0.0
Protein,S64946,40,3,0.075
Protein,S50239,40,2,0.05
Protein,S73398,40,8,0.2
Protein,S47357,40,2,0.05
Protein,S80671,40,9,0.225
Protein,S47117,40,3,0.075
Protein,S90420,40,2,0.05
Protein,S39802,40,3,0.075
Protein,S51353,40,3,0.075
Protein,S26913,40,2,0.05
Protein,S36486,40,3,0.075
Protein,S42150,40,4,0.1
Protein,S74034,40,0,0.0
Protein,S66157,40,0,0.0
Protein,S47376,40,1,0.025
Protein,S46008,40,1,0.025
Protein,S83983,40,0,0.0
Protein,S82910,40,1,0.025
Protein,S47496,40,2,0.05
Protein,S12784,40,4,0.1
Protein,S84694,40,3,0.075
Protein,S39929,40,3,0.075
Protein,S44383,40,4,0.1
Protein,S48198,40,3,0.075
Protein,S65059,40,0,0.0
Protein,S18357,40,1,0.025
Protein,S56698,40,4,0.1
Protein,S20205,40,1,0.025
Protein,S16388,40,3,0.075
Protein,S67725,40,2,0.05
Protein,S66896,40,2,0.05
Protein,S86250,40,0,0.0
Protein,S62065,40,2,0.05
Protein,S48835,40,4,0.1
Protein,S22000,40,5,0.125
Protein,S59139,40,1,0.025
Protein,S80885,40,3,0.075
Protein,S60601,40,2,0.05
Protein,S75205,40,2,0.05
Protein,S68004,40,5,0.125
Protein,S74181,40,3,0.075
Protein,S24161,40,3,0.075
Protein,S30941,40,0,0.0
Protein,S57005,40,3,0.075
Protein,S16734,40,1,0.025
Protein,S89708,40,1,0.025
Protein,S77373,40,1,0.025
Protein,S25749,40,3,0.075
Protein,S35676,40,0,0.0
Protein,S80382,40,1,0.025
Protein,S31091,40,2,0.05
Protein,S15006,40,3,0.075
Protein,S76214,40,1,0.025
Protein,S34617,40,3,0.075
Protein,S76702,40,2,0.05
Protein,S22546,40,1,0.025
Protein,S92114,40,2,0.05
Protein,S44914,40,3,0.075
Protein,S69346,40,3,0.075
Protein,S98567,40,3,0.075
Protein,S18513,40,1,0.025
Protein,S45765,40,2,0.05
Protein,S35865,40,0,0.0
Protein,S63924,40,2,0.05
Protein,S47735,40,1,0.025
Protein,S68225,40,1,0.025
Protein,S85600,40,4,0.1
Protein,S37121,40,1,0.025
Protein,S66024,40,1,0.025
Protein,S69910,40,2,0.05
Protein,S16937,40,2,0.05
Protein,S41986,40,1,0.025
Protein,S35272,40,3,0.075
Protein,S87046,40,2,0.05
Protein,S61783,40,2,0.05
Protein,S75921,40,3,0.075
Protein,S76885,40,1,0.025
Protein,S77432,40,3,0.075
Protein,S57619,40,3,0.075
Protein,S74878,40,1,0.025
Protein,S76541,40,2,0.05
Protein,S65213,40,3,0.075
Protein,S79243,40,2,0.05
Protein,S91783,40,1,0.025
Protein,S94603,40,2,0.05
Protein,S91303,40,2,0.05
Protein,S98166,40,3,0.075
Protein,S42614,40,6,0.15
Protein,S10762,40,1,0.025
Protein,S30642,40,2,0.05
Protein,S90768,40,3,0.075
Protein,S47186,40,3,0.075
Protein,S76523,40,4,0.1
Protein,S41692,40,4,0.1
