sample_id,short_frag_fraction,mean_frag_length,mode_frag_length,long_frag_fraction,nucleosome_periodicity,mito_frag_fraction,end_motif_CCCA,end_motif_CCTG,end_motif_CCAG,end_motif_TGGG,end_motif_AAAA,end_motif_GGCC,total_reads_millions
S33544,0.161,162.7,165,0.0878,0.5494,0.00303,0.02257,0.01959,0.02206,0.01824,0.01999,0.01614,23.3
S82336,0.1372,166.7,167,0.0559,0.6385,0.00498,0.022,0.01817,0.02178,0.01797,0.02044,0.02084,20.3
S30594,0.1309,165.3,167,0.0923,0.603,0.00189,0.01602,0.021,0.01861,0.01517,0.01672,0.01896,20.1
S29263,0.1361,158.7,166,0.0622,0.6377,0.00306,0.02033,0.02633,0.02018,0.02209,0.02102,0.01892,21.4
S74488,0.1484,168.7,168,0.087,0.6083,0.00471,0.02161,0.01945,0.02273,0.01743,0.01683,0.01686,17.8
S91303,0.1456,163.2,166,0.0788,0.6212,0.00296,0.02337,0.01681,0.01955,0.01658,0.01834,0.01596,26.3
S74034,0.1287,155.5,166,0.071,0.582,0.00353,0.02389,0.0219,0.01232,0.0214,0.01799,0.02494,26.7
S27402,0.0925,167.1,167,0.0773,0.6301,0.00546,0.02178,0.02133,0.01907,0.01946,0.02026,0.0242,29.3
S27391,0.112,171.3,168,0.0828,0.6127,0.00141,0.02527,0.02323,0.01458,0.01543,0.01943,0.01909,32.0
S77432,0.1289,164.3,165,0.0727,0.6045,0.00666,0.02204,0.01441,0.01814,0.01989,0.01852,0.01793,29.5
S67690,0.1247,165.4,166,0.0879,0.6271,0.00457,0.02253,0.01965,0.01983,0.01763,0.02278,0.02222,33.7
S58869,0.1424,166.0,168,0.0822,0.6013,0.00315,0.01743,0.0189,0.02401,0.01908,0.01683,0.02574,21.1
S56591,0.1262,166.7,167,0.0758,0.5868,0.00188,0.02311,0.01874,0.01588,0.01699,0.02336,0.01934,24.0
S30642,0.12,165.6,165,0.0718,0.6124,0.00316,0.0254,0.02267,0.01848,0.02494,0.02008,0.01561,27.1
S57971,0.1114,171.6,163,0.0844,0.6327,0.00158,0.01792,0.0223,0.01778,0.0213,0.01941,0.01954,31.2
S37121,0.1006,171.4,167,0.0885,0.6237,0.00421,0.02072,0.01786,0.01691,0.01574,0.01715,0.01723,18.3
S93401,0.14,165.8,165,0.0732,0.5881,0.00226,0.02123,0.01624,0.0208,0.0219,0.01951,0.02035,13.7
S14959,0.128,165.1,164,0.0844,0.5969,0.00294,0.02093,0.02284,0.01814,0.01584,0.01981,0.02181,31.6
S57619,0.1219,167.6,163,0.0572,0.5933,0.00424,0.02588,0.01944,0.0157,0.02249,0.01485,0.02135,30.5
S73082,0.1036,166.0,165,0.0766,0.6232,0.00271,0.01687,0.02906,0.01616,0.02518,0.02161,0.01468,28.6
S22000,0.1355,169.4,166,0.0767,0.6374,0.00309,0.01776,0.01789,0.01832,0.01917,0.0163,0.02015,15.1
S16883,0.1304,163.4,163,0.0889,0.5913,0.00426,0.02237,0.01997,0.0229,0.01366,0.01501,0.01198,21.8
S88174,0.1145,170.2,167,0.0722,0.6034,0.00628,0.01998,0.01834,0.01867,0.01989,0.0231,0.0242,33.0
S47735,0.1412,167.5,166,0.0889,0.602,0.0027,0.02665,0.01886,0.02138,0.01712,0.02642,0.01813,15.7
S54795,0.1331,169.3,167,0.0673,0.5775,0.0021,0.0142,0.02336,0.02212,0.01323,0.01908,0.0204,24.6
S56086,0.1524,165.0,164,0.0937,0.6873,0.00487,0.01977,0.02035,0.01868,0.01973,0.01638,0.02497,20.2
S75205,0.1506,165.1,166,0.0511,0.5986,0.00265,0.01782,0.02014,0.02133,0.02621,0.02047,0.01551,19.1
S25882,0.1137,165.9,168,0.0733,0.6398,0.00465,0.02306,0.02207,0.02364,0.01875,0.01836,0.01624,20.7
S16937,0.1455,166.5,166,0.0855,0.6404,0.00305,0.02002,0.02253,0.01967,0.01519,0.02252,0.01913,23.5
S31590,0.1162,163.9,165,0.0755,0.5377,0.00601,0.01983,0.01826,0.01618,0.02428,0.01907,0.02027,32.9
S97010,0.1187,168.5,166,0.0877,0.5431,0.0043,0.01826,0.01472,0.01945,0.02137,0.02251,0.01903,20.5
S30941,0.0988,166.3,166,0.0675,0.6231,0.00422,0.02072,0.01658,0.02031,0.02118,0.02006,0.02175,25.8
S66024,0.1169,170.0,166,0.0894,0.6283,0.00189,0.01678,0.02046,0.01677,0.01715,0.02302,0.0205,19.1
S16388,0.1082,165.8,163,0.0609,0.6355,0.00579,0.02228,0.01926,0.01574,0.02349,0.02254,0.01828,23.1
S60354,0.1449,165.8,165,0.0729,0.5955,0.00289,0.02283,0.02029,0.02039,0.02059,0.0179,0.02294,19.1
S46094,0.1434,167.2,166,0.0622,0.5516,0.00683,0.02091,0.01845,0.02069,0.01906,0.01525,0.02345,41.7
S40397,0.1454,168.1,166,0.0926,0.6011,0.00448,0.01834,0.01965,0.01776,0.02068,0.01705,0.02252,20.8
S57955,0.1046,162.6,166,0.0576,0.6609,0.00302,0.02267,0.02406,0.0154,0.02244,0.01485,0.0168,25.6
S69368,0.1401,169.8,165,0.0754,0.6004,0.00509,0.01857,0.02721,0.0124,0.02101,0.02546,0.01572,26.5
S26913,0.1098,166.9,166,0.0672,0.6928,0.00433,0.01773,0.02079,0.02096,0.01706,0.01459,0.02076,22.5
S10762,0.1207,164.2,168,0.0714,0.5948,0.00168,0.01577,0.02244,0.01998,0.02426,0.02544,0.01963,21.4
S15012,0.1289,172.0,168,0.0612,0.5959,0.00316,0.02293,0.01906,0.01934,0.02125,0.01931,0.01896,29.3
S53459,0.153,164.2,166,0.1006,0.6193,0.0033,0.02054,0.02126,0.02287,0.02011,0.02071,0.02538,24.4
S47112,0.1308,165.9,165,0.0751,0.6119,0.004,0.01768,0.02394,0.01506,0.01939,0.02238,0.01841,37.0
S69702,0.1083,165.7,165,0.074,0.5971,0.00423,0.02175,0.02173,0.02108,0.02318,0.01641,0.02251,20.6
S37874,0.1202,172.5,167,0.0859,0.6364,0.0005,0.01904,0.02117,0.01818,0.02324,0.01992,0.02266,22.9
S31839,0.1086,168.4,166,0.0923,0.6273,0.00418,0.02008,0.01854,0.01827,0.01961,0.02355,0.0236,18.7
S81906,0.1535,168.1,163,0.0612,0.6187,0.003,0.0242,0.02434,0.01855,0.01912,0.01747,0.02416,19.3
S35272,0.1244,165.6,168,0.0809,0.6189,0.00388,0.01596,0.02213,0.01823,0.01997,0.01722,0.02244,19.3
S57065,0.1446,164.3,168,0.0677,0.6369,0.00564,0.02016,0.01693,0.01767,0.02069,0.02008,0.01969,25.5
S61783,0.1203,166.4,166,0.0668,0.551,0.00642,0.01891,0.01815,0.02859,0.02418,0.01951,0.0207,30.0
S70078,0.1073,162.2,166,0.0831,0.6292,0.00254,0.02467,0.01964,0.01599,0.01584,0.02209,0.02456,22.6
S81407,0.0966,172.6,166,0.084,0.6323,0.00534,0.01608,0.01637,0.02548,0.02257,0.01987,0.01787,23.4
S29173,0.1435,166.5,167,0.0766,0.6108,0.00253,0.02022,0.02079,0.01812,0.01906,0.01732,0.02395,15.4
S42150,0.1242,171.0,166,0.0741,0.628,0.0048,0.01932,0.02155,0.02079,0.02014,0.01796,0.02265,29.2
S73606,0.1116,169.1,168,0.1067,0.5975,0.00449,0.01694,0.01304,0.01995,0.01109,0.02151,0.0177,31.4
S87286,0.1484,167.6,166,0.1037,0.6162,0.00325,0.022,0.0217,0.021,0.02009,0.01764,0.01857,10.3
S90420,0.0904,167.3,165,0.0732,0.6337,0.00525,0.02055,0.01834,0.02091,0.02163,0.01463,0.01707,21.6
S63112,0.1178,167.5,164,0.0694,0.5991,0.00392,0.02,0.01682,0.01525,0.02121,0.02037,0.01863,18.3
S26188,0.1366,169.4,164,0.0889,0.6511,0.0041,0.0225,0.01661,0.01741,0.0203,0.02276,0.0205,27.1
S82124,0.0967,169.8,165,0.0841,0.6971,0.00354,0.02386,0.02383,0.01824,0.01936,0.01713,0.02475,25.9
S44383,0.1483,166.4,166,0.0847,0.6064,0.00425,0.01568,0.01837,0.02075,0.02389,0.02143,0.01834,17.4
S27741,0.1199,167.5,166,0.0735,0.676,0.00505,0.02095,0.02042,0.02043,0.0161,0.02121,0.01788,26.3
S12784,0.1203,171.6,167,0.0998,0.595,0.00263,0.02431,0.01651,0.0219,0.02307,0.01786,0.0203,23.5
S93719,0.1137,164.4,162,0.0695,0.6135,0.00507,0.02739,0.01701,0.02007,0.01982,0.01567,0.01741,32.5
S86937,0.1403,167.5,166,0.0779,0.573,0.00433,0.02263,0.01166,0.02331,0.01796,0.0182,0.02293,22.1
S56475,0.1486,165.8,167,0.0763,0.6297,0.00262,0.0242,0.0193,0.01403,0.02527,0.02415,0.01365,26.1
S48835,0.0819,166.5,167,0.0762,0.6407,0.0042,0.01911,0.02238,0.022,0.02185,0.0203,0.01699,26.8
S69717,0.1,165.0,166,0.0734,0.5975,0.00388,0.02588,0.01789,0.0217,0.02131,0.02007,0.02382,29.9
S39802,0.1116,170.4,163,0.0597,0.5984,0.00262,0.02008,0.02196,0.01712,0.02504,0.01783,0.01859,23.7
S95578,0.1008,168.5,165,0.0907,0.5873,0.00597,0.02213,0.02229,0.0185,0.01911,0.01914,0.01994,18.0
S88366,0.1296,168.2,167,0.0907,0.6383,0.00116,0.01613,0.0227,0.02771,0.02719,0.01746,0.02409,29.1
S52081,0.1278,163.4,166,0.0864,0.5863,0.00549,0.02303,0.01768,0.02376,0.018,0.02306,0.02071,22.3
S68225,0.1023,165.1,165,0.0568,0.5997,0.00433,0.02131,0.02542,0.02052,0.01583,0.02357,0.02474,20.9
S71885,0.1166,166.3,165,0.0969,0.5634,0.00355,0.01884,0.02004,0.01727,0.01815,0.02186,0.02304,38.0
S40304,0.1222,164.1,166,0.0713,0.6725,0.00344,0.01944,0.01874,0.01611,0.02054,0.02061,0.01779,32.8
S50239,0.1468,169.8,162,0.0736,0.5616,0.00546,0.02415,0.01965,0.0176,0.02582,0.02043,0.01848,30.8
S47357,0.112,162.7,167,0.0995,0.5832,0.00405,0.01964,0.02199,0.01714,0.01942,0.01758,0.02144,31.4
S73286,0.1282,162.3,167,0.073,0.6652,0.00404,0.01995,0.01984,0.01411,0.02,0.01601,0.02234,18.6
S68731,0.0865,163.4,165,0.0817,0.6586,0.00413,0.02057,0.02075,0.01986,0.01884,0.01672,0.02126,22.8
S80382,0.1354,174.4,166,0.068,0.5711,0.00427,0.02009,0.02015,0.02128,0.02196,0.02177,0.02419,24.2
S96317,0.1571,166.6,167,0.0964,0.6846,0.00325,0.01802,0.02072,0.01877,0.02096,0.02677,0.01606,32.6
S28304,0.0871,164.7,165,0.0668,0.6166,0.00635,0.02004,0.0211,0.01591,0.02549,0.02366,0.01821,15.6
S82910,0.1088,165.9,167,0.0786,0.6015,0.00276,0.01962,0.0277,0.01927,0.01948,0.02102,0.0236,24.1
S22546,0.129,167.6,166,0.0658,0.5762,0.00476,0.0218,0.01984,0.01943,0.01848,0.01929,0.01731,42.7
S39189,0.1364,165.2,163,0.0775,0.6773,0.0028,0.01846,0.02481,0.01999,0.01906,0.01953,0.02082,21.4
S63924,0.1363,167.9,166,0.0515,0.6443,0.00212,0.02568,0.02066,0.0166,0.0212,0.01935,0.02013,19.7
S74480,0.0919,164.8,167,0.0795,0.5962,0.00616,0.01845,0.0175,0.019,0.01582,0.01712,0.01975,24.3
S59139,0.1349,164.9,168,0.0848,0.5657,0.00376,0.0221,0.02329,0.01452,0.02321,0.01836,0.01967,28.9
S40402,0.1014,165.3,167,0.0535,0.6311,0.00493,0.02208,0.01879,0.01666,0.01792,0.02154,0.0189,21.9
S15874,0.1184,166.1,165,0.0695,0.6464,0.00251,0.02563,0.01567,0.01972,0.02369,0.02514,0.02307,27.4
S28856,0.1346,167.1,168,0.0744,0.5702,0.00368,0.01907,0.01665,0.01639,0.01631,0.01849,0.02366,15.4
S66966,0.1559,163.0,165,0.0771,0.6409,0.00317,0.02346,0.01392,0.02174,0.0209,0.02053,0.01771,28.6
S81473,0.1052,169.9,166,0.0651,0.5614,0.00336,0.02068,0.02078,0.02222,0.01992,0.0186,0.01738,28.4
S48198,0.1171,164.8,167,0.0685,0.5953,0.00319,0.01875,0.02616,0.01976,0.01652,0.01938,0.02213,23.9
S91359,0.1501,162.6,165,0.0884,0.5941,0.00342,0.02006,0.02023,0.02126,0.01764,0.02256,0.02272,15.3
S25372,0.1341,163.9,166,0.0851,0.6206,0.00305,0.02202,0.0206,0.01977,0.01601,0.02125,0.0214,21.4
S74181,0.1318,167.6,166,0.0755,0.5987,0.0005,0.02109,0.02862,0.01829,0.02217,0.02092,0.02151,26.8
S20587,0.1192,164.7,168,0.0678,0.627,0.00441,0.02449,0.01337,0.02077,0.0179,0.02369,0.02077,31.1
S76702,0.1027,168.8,165,0.086,0.6521,0.00313,0.01813,0.02147,0.01573,0.02222,0.02238,0.02144,21.7
S82290,0.1471,161.7,164,0.079,0.6476,0.00431,0.0245,0.01945,0.01807,0.01917,0.02201,0.01897,19.5
S70531,0.1492,166.9,165,0.0793,0.5145,0.00062,0.02422,0.02087,0.02532,0.02249,0.01951,0.02212,17.3
S48802,0.1147,173.6,165,0.088,0.6151,0.00504,0.01919,0.01937,0.01951,0.02191,0.02328,0.02195,25.5
S13372,0.0674,159.1,164,0.0758,0.5894,0.00592,0.01889,0.0241,0.01878,0.01718,0.02117,0.02092,29.5
S15363,0.1328,165.0,165,0.0835,0.5996,0.00388,0.02093,0.02749,0.01638,0.01961,0.01402,0.01818,26.6
S77854,0.1242,170.3,167,0.0799,0.6541,0.00519,0.0222,0.01825,0.02004,0.02009,0.01765,0.01997,24.8
S70102,0.0993,170.7,166,0.0773,0.6393,0.00565,0.01962,0.02497,0.02243,0.02174,0.021,0.019,23.8
S77373,0.1052,165.8,164,0.0912,0.6405,0.00357,0.01988,0.01867,0.01834,0.02392,0.01693,0.0204,25.1
S79270,0.0948,167.9,166,0.0638,0.5853,0.00349,0.02233,0.02195,0.01618,0.01896,0.0182,0.02231,19.8
S75921,0.0824,165.9,166,0.0753,0.6108,0.00209,0.02137,0.02229,0.02023,0.01827,0.01932,0.01809,26.7
S83332,0.1301,169.3,168,0.0846,0.6144,0.0028,0.02192,0.01884,0.0206,0.02282,0.01922,0.02108,20.6
S47117,0.1129,163.5,167,0.0801,0.611,0.00385,0.0255,0.01535,0.0149,0.01989,0.02284,0.02317,22.9
S14483,0.1343,168.3,165,0.0885,0.6722,0.00293,0.01737,0.02132,0.01888,0.0232,0.02001,0.01613,16.3
S78430,0.084,166.4,164,0.09,0.6575,0.00391,0.02128,0.01782,0.02219,0.01557,0.01964,0.01988,24.9
S15006,0.1101,166.8,166,0.0915,0.6043,0.00388,0.01898,0.02068,0.01608,0.01496,0.01929,0.02315,29.5
S25749,0.0848,171.0,165,0.0837,0.6008,0.00554,0.02223,0.01771,0.0192,0.01824,0.01616,0.02154,34.8
S99881,0.1228,165.4,165,0.1145,0.6172,0.00294,0.01615,0.02149,0.01637,0.02378,0.02124,0.02269,23.4
S31029,0.1265,170.6,165,0.0822,0.6322,0.00337,0.01891,0.02095,0.01598,0.02034,0.01999,0.0221,12.8
S39929,0.078,171.6,166,0.0711,0.6004,0.00389,0.0168,0.01441,0.02612,0.0224,0.0227,0.02497,24.9
S98867,0.137,165.6,166,0.0702,0.5654,0.0048,0.01644,0.01766,0.02427,0.01573,0.02397,0.02188,13.0
S54601,0.1421,167.6,165,0.0937,0.5988,0.00642,0.02351,0.01971,0.01901,0.01408,0.01986,0.02093,30.4
S55203,0.1358,163.1,164,0.0719,0.589,0.00359,0.02371,0.02189,0.02081,0.01525,0.01681,0.01903,19.5
S79740,0.1073,162.9,167,0.0867,0.5736,0.0035,0.0209,0.0194,0.0241,0.01813,0.01723,0.0161,37.6
S31109,0.1522,169.1,165,0.0879,0.6839,0.00444,0.02274,0.01898,0.02048,0.01894,0.02093,0.02213,23.6
S18357,0.1298,165.3,166,0.0707,0.643,0.00652,0.02242,0.02219,0.02465,0.01896,0.01914,0.01428,27.2
S91783,0.1422,165.4,168,0.0914,0.4852,0.00394,0.02745,0.02291,0.01497,0.01987,0.01315,0.0192,16.0
S10321,0.1172,169.9,168,0.0872,0.6198,0.00388,0.0251,0.02256,0.01648,0.01811,0.01875,0.02085,22.7
S12653,0.1068,167.6,167,0.0641,0.5588,0.00289,0.01717,0.02244,0.01761,0.0207,0.01706,0.01913,21.8
S55327,0.0964,164.9,167,0.0689,0.6096,0.0026,0.02034,0.02253,0.0196,0.01884,0.02594,0.0176,24.6
S84854,0.1315,166.1,164,0.0746,0.5703,0.00342,0.01706,0.01854,0.02318,0.01664,0.01447,0.01972,13.1
S23650,0.1097,171.9,167,0.0664,0.5874,0.00315,0.02296,0.01966,0.01714,0.01891,0.01787,0.02458,35.7
S99522,0.0857,165.7,167,0.0935,0.6742,0.00271,0.01749,0.01814,0.02214,0.02233,0.02204,0.02027,25.0
S20347,0.0972,167.7,164,0.0763,0.6161,0.00607,0.01564,0.01713,0.01988,0.02334,0.0196,0.01733,24.1
S90768,0.1388,168.9,165,0.1009,0.6108,0.00108,0.01495,0.02073,0.0203,0.02046,0.01776,0.02779,24.8
S73398,0.1338,168.2,165,0.0606,0.5988,0.00435,0.02283,0.01904,0.01678,0.02115,0.01752,0.01981,17.2
S77384,0.1327,165.2,164,0.0802,0.5959,0.00254,0.02264,0.01591,0.02012,0.01789,0.02071,0.01454,32.3
S96858,0.1411,164.4,166,0.0749,0.6484,0.00281,0.01306,0.01562,0.02176,0.01489,0.02426,0.02535,26.4
S73318,0.1244,163.3,165,0.0852,0.6545,0.00439,0.02271,0.02446,0.01632,0.01565,0.02283,0.01986,33.9
S81539,0.1202,162.7,165,0.0916,0.6098,0.00408,0.02258,0.02357,0.01969,0.0254,0.01732,0.01905,27.9
S28395,0.1291,162.2,164,0.0735,0.6205,0.00299,0.02096,0.01284,0.01607,0.018,0.01933,0.02334,32.2
S33652,0.1126,169.9,167,0.0878,0.6504,0.00478,0.01534,0.02259,0.01927,0.02004,0.01863,0.02202,24.1
S70574,0.1427,164.6,164,0.0659,0.6708,0.00126,0.02283,0.0149,0.02106,0.01974,0.0121,0.01926,32.1
S98154,0.118,166.0,165,0.0868,0.659,0.00193,0.01877,0.02107,0.01801,0.01939,0.02014,0.01693,24.0
S46691,0.1321,163.3,163,0.08,0.6196,0.00557,0.01669,0.0214,0.02065,0.01969,0.01829,0.01904,25.6
S69910,0.105,167.1,168,0.0755,0.6542,0.00331,0.02098,0.01648,0.02091,0.01799,0.02395,0.02011,20.2
S93564,0.1591,172.0,165,0.0916,0.5996,0.00462,0.02784,0.02291,0.01678,0.02049,0.01804,0.0215,17.8
S17892,0.1047,168.7,167,0.076,0.6666,0.00547,0.01859,0.02164,0.02027,0.01685,0.02163,0.01956,23.9
S34184,0.1227,168.0,164,0.0821,0.6891,0.0031,0.02468,0.01698,0.01508,0.01549,0.0219,0.01906,15.3
S63520,0.1151,165.0,165,0.0758,0.6005,0.00199,0.021,0.02053,0.01955,0.01797,0.02331,0.02526,11.1
S35676,0.1212,161.4,163,0.0943,0.6003,0.00541,0.02096,0.01823,0.01816,0.02042,0.01958,0.02193,36.5
S60265,0.134,166.0,166,0.06,0.663,0.00425,0.01856,0.02158,0.02309,0.02358,0.01658,0.0208,14.2
S19064,0.125,162.5,165,0.0723,0.5669,0.00438,0.01963,0.02028,0.02111,0.02567,0.02343,0.01983,33.0
S34011,0.1272,162.6,162,0.0715,0.6389,0.00241,0.02644,0.0239,0.01706,0.02394,0.01387,0.02144,30.2
S18513,0.1284,167.5,167,0.0645,0.5848,0.00444,0.02466,0.01881,0.01911,0.0245,0.0168,0.0188,32.7
S80941,0.1434,163.6,165,0.0839,0.5935,0.00196,0.02129,0.02353,0.02125,0.02441,0.02198,0.02015,22.3
S80885,0.1047,169.4,166,0.0684,0.6125,0.00414,0.01986,0.02194,0.01416,0.02032,0.01672,0.01474,33.1
S66556,0.0894,165.4,167,0.07,0.608,0.00521,0.0194,0.02056,0.01507,0.02382,0.01897,0.02109,28.5
S48068,0.1219,169.2,167,0.0745,0.585,0.00388,0.02519,0.0195,0.02172,0.01644,0.02332,0.01866,33.2
S42896,0.1154,166.7,168,0.0795,0.5733,0.00432,0.01933,0.01472,0.02426,0.01752,0.01811,0.01605,21.5
S33374,0.1496,167.0,166,0.0936,0.7145,0.00365,0.02039,0.02298,0.02258,0.01799,0.01963,0.01713,27.5
S58504,0.139,166.7,163,0.0802,0.6874,0.00589,0.0199,0.02102,0.01855,0.01694,0.01937,0.01557,35.5
S27822,0.1232,164.7,164,0.0874,0.6087,0.00197,0.02248,0.01816,0.02401,0.02034,0.02507,0.02262,25.3
S11433,0.1316,168.0,163,0.0655,0.5688,0.00429,0.02074,0.02123,0.02136,0.01605,0.01866,0.01886,28.4
S93049,0.1236,172.2,164,0.0668,0.6552,0.00257,0.01846,0.02096,0.01983,0.02247,0.01467,0.02104,26.5
S56698,0.1256,171.4,168,0.0865,0.6226,0.00297,0.02727,0.01955,0.01511,0.0273,0.02217,0.01941,19.5
S19672,0.1391,165.5,167,0.0916,0.5897,0.00169,0.01638,0.01651,0.0274,0.01802,0.0229,0.01723,26.8
S15322,0.1249,167.7,164,0.1083,0.6415,0.00354,0.02206,0.01925,0.01866,0.0194,0.02263,0.01513,29.4
S14626,0.1552,164.3,165,0.0645,0.6048,0.00224,0.02603,0.02323,0.0202,0.02461,0.0229,0.01892,31.9
S98166,0.1192,168.3,166,0.0666,0.6138,0.00305,0.02018,0.02399,0.01943,0.02177,0.02735,0.01921,19.8
S51353,0.1516,170.1,166,0.046,0.5547,0.00541,0.02646,0.01829,0.02117,0.01841,0.02054,0.01394,34.4
S22255,0.1444,165.8,167,0.0609,0.574,0.00255,0.02244,0.02258,0.01666,0.02168,0.02757,0.02258,22.8
S47186,0.1146,167.6,165,0.0494,0.6134,0.00225,0.01717,0.01905,0.02151,0.02107,0.01454,0.0151,11.0
S57305,0.1329,164.7,163,0.0751,0.6323,0.00548,0.01677,0.01695,0.02434,0.02142,0.0187,0.01924,33.4
S94881,0.1059,166.3,165,0.0806,0.5983,0.00593,0.02137,0.0209,0.01933,0.02039,0.02106,0.02148,25.6
S37493,0.1124,161.1,166,0.0776,0.6357,0.005,0.0224,0.0242,0.02206,0.02249,0.02065,0.0195,17.4
S67750,0.0923,167.6,168,0.0893,0.6065,0.00221,0.01322,0.01682,0.0231,0.01846,0.02385,0.01884,18.0
S58246,0.1168,171.6,168,0.0754,0.6678,0.0024,0.02473,0.02745,0.01856,0.02299,0.02116,0.02184,26.0
S71396,0.124,163.6,164,0.0787,0.5715,0.0038,0.02116,0.02056,0.01785,0.02318,0.01816,0.02108,21.2
S19716,0.1468,166.1,167,0.0671,0.6276,0.00429,0.01961,0.01818,0.02112,0.01982,0.01737,0.02014,29.3
S87046,0.1045,163.8,164,0.0736,0.6031,0.00543,0.02401,0.02463,0.02137,0.02527,0.01801,0.0197,33.6
S47376,0.1189,163.3,168,0.0705,0.5955,0.0049,0.01845,0.01987,0.01829,0.0149,0.02027,0.01908,31.2
S90842,0.1279,164.4,164,0.0624,0.655,0.00174,0.01634,0.0205,0.0175,0.01955,0.02162,0.01807,24.9
S21401,0.093,167.3,165,0.0935,0.6027,0.00503,0.02253,0.01802,0.01729,0.0233,0.02027,0.0176,30.3
S95753,0.1137,167.8,165,0.0547,0.6277,0.00322,0.02216,0.01885,0.01917,0.02531,0.02093,0.01755,34.9
S64946,0.1426,166.5,169,0.0706,0.6633,0.00133,0.02065,0.02488,0.02233,0.01655,0.02152,0.0191,16.7
S83567,0.1063,159.3,166,0.0793,0.5811,0.00153,0.02043,0.0175,0.01905,0.01959,0.02053,0.01681,23.1
S14423,0.1498,163.5,165,0.0791,0.6433,0.00287,0.02081,0.01814,0.01626,0.01745,0.02215,0.01891,29.9
S74431,0.1226,165.5,164,0.0878,0.6511,0.0046,0.01942,0.01759,0.01955,0.02142,0.01449,0.01937,26.3
S92350,0.1134,168.8,166,0.0752,0.5871,0.00503,0.02037,0.013,0.02069,0.0176,0.02274,0.018,23.2
S42614,0.1171,166.2,165,0.0543,0.663,0.0054,0.02402,0.01869,0.02294,0.0185,0.02188,0.01453,37.1
S96216,0.1368,165.2,166,0.0651,0.5565,0.00158,0.02319,0.02278,0.01526,0.02368,0.01997,0.02176,29.4
S94402,0.1411,169.1,164,0.0569,0.5347,0.00301,0.0208,0.02382,0.02052,0.01775,0.01902,0.02295,29.3
S37801,0.0973,168.2,167,0.0839,0.5926,0.00467,0.02138,0.01815,0.02007,0.02,0.01948,0.01612,35.5
S64161,0.1364,166.2,165,0.0698,0.6731,0.00579,0.02331,0.01626,0.01711,0.01384,0.01181,0.02688,23.9
S36486,0.1576,165.3,165,0.0809,0.6558,0.00553,0.02392,0.02151,0.01992,0.01675,0.01426,0.01963,23.8
S13758,0.1322,167.2,164,0.075,0.5869,0.00447,0.02492,0.01614,0.02154,0.01511,0.02249,0.02003,29.7
S35865,0.1363,169.8,167,0.0776,0.5936,0.00427,0.02171,0.02106,0.01883,0.02325,0.01879,0.02554,20.3
S74878,0.0984,166.0,167,0.0811,0.6577,0.00542,0.02225,0.0215,0.01863,0.01728,0.02233,0.01486,25.4
S77255,0.1304,166.8,164,0.083,0.6425,0.00438,0.02702,0.0192,0.02013,0.01927,0.02235,0.01863,21.6
S47248,0.1219,169.2,167,0.0667,0.6065,0.00387,0.02317,0.01573,0.01689,0.01632,0.02025,0.02211,23.7
S22028,0.1387,169.3,168,0.0824,0.5955,0.00271,0.02238,0.01477,0.02171,0.02081,0.01767,0.02148,33.7
S42193,0.1379,167.3,165,0.0778,0.6007,0.00168,0.01927,0.02241,0.02004,0.01617,0.0213,0.0159,25.6
S22582,0.1031,173.9,169,0.071,0.6159,0.00565,0.01995,0.02106,0.02267,0.02385,0.01511,0.02286,22.9
S35367,0.1649,164.6,166,0.0646,0.5347,0.0047,0.01663,0.02326,0.01554,0.0193,0.02212,0.02005,19.4
S14113,0.1286,171.0,164,0.0958,0.5984,0.00441,0.02214,0.01883,0.02371,0.01702,0.02013,0.01978,22.2
S91148,0.104,165.1,162,0.0635,0.5544,0.005,0.02242,0.0168,0.0194,0.0202,0.02142,0.02196,33.8
S65213,0.117,165.0,166,0.0755,0.6541,0.00218,0.0192,0.02006,0.01508,0.02062,0.02387,0.02246,17.0
S27002,0.1564,162.7,161,0.0713,0.6542,0.00123,0.02192,0.02121,0.01464,0.02097,0.02092,0.01867,33.8
S16560,0.1235,166.5,163,0.0857,0.5833,0.00321,0.01596,0.02401,0.0166,0.02229,0.02267,0.01577,39.7
S62065,0.126,163.9,168,0.0666,0.5726,0.00459,0.02528,0.02015,0.01692,0.01927,0.01977,0.01559,34.7
S76541,0.1174,166.6,163,0.0824,0.6329,0.00459,0.02206,0.01798,0.02126,0.01996,0.01798,0.02177,24.7
S26192,0.1273,166.0,163,0.0785,0.581,0.00075,0.01895,0.01996,0.02008,0.02219,0.01813,0.02227,18.5
S41692,0.1215,163.8,166,0.0968,0.537,0.00659,0.02152,0.02203,0.0139,0.01948,0.01902,0.01808,20.6
S47496,0.0917,171.7,164,0.0682,0.6354,0.0005,0.01667,0.01981,0.0174,0.0186,0.01999,0.02092,27.9
S21806,0.1443,169.6,164,0.0754,0.6308,0.0024,0.02793,0.0144,0.01848,0.01793,0.0186,0.02497,33.6
S24929,0.1206,167.7,165,0.0779,0.6434,0.00554,0.01398,0.01738,0.01431,0.02293,0.01933,0.01827,32.5
S26136,0.1216,171.7,168,0.0725,0.6147,0.00091,0.0281,0.02267,0.01553,0.01512,0.02378,0.01828,19.7
S66602,0.1369,167.5,167,0.0898,0.6027,0.00343,0.01695,0.02202,0.01381,0.02009,0.01819,0.01613,24.5
S89708,0.1221,163.8,166,0.0681,0.6084,0.0042,0.02105,0.01447,0.01326,0.02199,0.01665,0.02257,25.0
S17381,0.1287,165.3,165,0.0834,0.6464,0.00756,0.02276,0.01663,0.01754,0.01895,0.02312,0.02028,24.0
S52083,0.1572,167.8,164,0.0751,0.5905,0.00407,0.01936,0.01964,0.01721,0.02402,0.018,0.02031,30.8
S98603,0.1362,170.4,165,0.0974,0.6086,0.00336,0.01707,0.02198,0.0135,0.01807,0.02285,0.01573,25.3
S46605,0.1323,162.2,165,0.0849,0.6457,0.00422,0.0214,0.02226,0.02183,0.01746,0.02104,0.01883,15.8
S32739,0.1068,168.9,166,0.0777,0.6501,0.00462,0.01733,0.02393,0.01683,0.02292,0.01729,0.02036,24.8
S12449,0.1025,169.8,165,0.0975,0.6627,0.0005,0.017,0.02504,0.02717,0.01696,0.02022,0.02315,24.9
S69346,0.1424,164.5,165,0.0638,0.5575,0.00436,0.01941,0.02344,0.01927,0.02144,0.02089,0.01912,36.1
S23815,0.1078,165.1,165,0.0928,0.6513,0.00301,0.02189,0.01477,0.01679,0.01978,0.01609,0.01496,26.4
S41494,0.132,162.8,166,0.0838,0.5462,0.00401,0.01729,0.0182,0.02042,0.02585,0.02188,0.01949,19.8
S42815,0.1695,169.9,168,0.0732,0.5698,0.00274,0.02103,0.01184,0.02304,0.0198,0.01502,0.02671,27.2
S40739,0.1147,167.6,166,0.0766,0.5893,0.00451,0.02496,0.02049,0.01997,0.02466,0.02051,0.01553,17.3
S41367,0.1101,163.1,165,0.0671,0.6311,0.0046,0.02065,0.01723,0.02704,0.02119,0.01482,0.02254,32.5
S90528,0.1025,160.9,167,0.0814,0.6435,0.00628,0.02055,0.01692,0.02109,0.02078,0.02132,0.02094,17.9
S45208,0.1363,168.0,167,0.0623,0.5999,0.00451,0.0169,0.01824,0.02116,0.02066,0.02217,0.02483,22.7
S66171,0.0697,168.9,167,0.069,0.6872,0.00439,0.01403,0.02268,0.02218,0.01798,0.0182,0.02327,27.5
S11531,0.1166,163.3,166,0.0909,0.6223,0.00492,0.02109,0.01974,0.02304,0.02026,0.0147,0.02076,33.0
S80671,0.1209,167.1,166,0.0696,0.6094,0.00665,0.02085,0.01588,0.02178,0.02104,0.0199,0.026,28.4
S30940,0.1229,165.6,167,0.077,0.6236,0.00469,0.01947,0.01977,0.01789,0.02221,0.02303,0.01853,15.9
S45765,0.142,163.1,166,0.0688,0.6356,0.00602,0.02478,0.02287,0.01917,0.02257,0.01829,0.01783,22.6
S43109,0.0816,162.8,168,0.1014,0.6877,0.00561,0.0204,0.0197,0.01698,0.02117,0.01896,0.02077,31.8
S85572,0.096,167.3,165,0.0834,0.6881,0.00422,0.02071,0.02021,0.01549,0.02183,0.02342,0.02153,20.8
S11549,0.124,169.2,167,0.0888,0.6196,0.0005,0.01768,0.02042,0.02197,0.02997,0.02497,0.01694,20.7
S89649,0.0947,172.3,166,0.0912,0.5923,0.00421,0.02272,0.01955,0.02071,0.01841,0.01956,0.0232,27.4
S94936,0.1176,169.2,166,0.0914,0.6317,0.0054,0.02208,0.01832,0.02179,0.01994,0.02056,0.01989,25.8
S72348,0.1131,164.2,164,0.0857,0.6507,0.00621,0.02526,0.01752,0.02265,0.02022,0.02132,0.02014,33.1
S78126,0.1494,166.8,168,0.0779,0.598,0.00258,0.01757,0.03009,0.02194,0.01729,0.01386,0.01756,18.5
S76588,0.1534,165.6,167,0.0884,0.7108,0.00481,0.02155,0.01902,0.01951,0.01972,0.02113,0.02042,32.4
S58621,0.112,164.2,167,0.0788,0.6334,0.00586,0.01831,0.02256,0.02648,0.01729,0.0179,0.02173,25.7
S88458,0.0903,166.0,167,0.0784,0.6621,0.00687,0.02368,0.01905,0.01956,0.02472,0.01569,0.02046,23.3
S10245,0.1448,165.8,167,0.069,0.6107,0.00358,0.02292,0.01728,0.01897,0.02021,0.02508,0.02035,35.7
S76304,0.1366,164.4,167,0.0859,0.6532,0.00397,0.0171,0.02093,0.02071,0.02181,0.02302,0.02448,8.9
S94355,0.105,167.7,166,0.1064,0.6018,0.00355,0.01642,0.0181,0.0188,0.02074,0.02083,0.01853,24.7
S71046,0.1437,163.3,166,0.0749,0.6179,0.00671,0.01809,0.01887,0.01363,0.02063,0.0182,0.0188,27.1
S56360,0.1579,161.7,165,0.0677,0.622,0.0033,0.02067,0.01695,0.01436,0.01875,0.01927,0.02167,16.2
S65059,0.1086,167.0,165,0.0551,0.6172,0.00508,0.02242,0.02335,0.02006,0.02,0.02293,0.02524,21.7
S29946,0.1156,164.0,163,0.0777,0.648,0.00265,0.02267,0.02119,0.01585,0.02069,0.02015,0.02101,32.0
S66412,0.1203,171.2,166,0.0525,0.6723,0.00321,0.0261,0.01936,0.02291,0.02494,0.01676,0.02019,23.7
S57005,0.1225,165.0,166,0.0988,0.6503,0.00385,0.02618,0.02203,0.01915,0.01833,0.01772,0.02129,19.2
S47084,0.1174,163.8,166,0.0833,0.6258,0.00374,0.01555,0.0233,0.01584,0.01454,0.02353,0.01107,27.5
S16734,0.1469,168.9,166,0.084,0.6527,0.00267,0.02049,0.02266,0.0154,0.01691,0.0222,0.01966,17.3
S42225,0.1337,162.6,164,0.0776,0.5945,0.00378,0.01919,0.02118,0.02472,0.01911,0.01874,0.01764,30.9
S56427,0.1266,169.4,164,0.0903,0.6034,0.00211,0.02192,0.02154,0.01512,0.02108,0.01521,0.02552,24.4
S45950,0.1143,162.4,168,0.0833,0.6148,0.00647,0.01776,0.02134,0.02042,0.01933,0.01835,0.01864,22.0
S45525,0.1227,171.3,166,0.0894,0.5983,0.0005,0.01953,0.01882,0.01597,0.01632,0.022,0.02273,25.2
S73152,0.1142,166.3,167,0.0846,0.6113,0.00483,0.0175,0.01565,0.01813,0.02343,0.01542,0.0246,24.4
S44914,0.1262,166.9,168,0.0733,0.5855,0.00343,0.02389,0.01498,0.02651,0.01382,0.02231,0.01972,19.9
S30651,0.1417,168.4,167,0.1025,0.6364,0.00403,0.01711,0.02099,0.0228,0.0219,0.02148,0.01902,16.0
S92909,0.1208,164.0,163,0.0602,0.5444,0.00202,0.01962,0.01933,0.01464,0.02064,0.01815,0.01613,28.5
S43898,0.131,165.7,167,0.0796,0.5729,0.00096,0.0158,0.02341,0.02025,0.02431,0.02128,0.0186,19.0
S67725,0.1608,173.0,164,0.0793,0.6555,0.00504,0.02257,0.02065,0.01495,0.0187,0.0182,0.01784,28.1
S32217,0.1268,163.4,167,0.0662,0.6074,0.00461,0.025,0.01864,0.01903,0.01499,0.02008,0.01499,29.3
S30450,0.1127,169.2,165,0.0814,0.6761,0.00469,0.01992,0.02189,0.02087,0.02026,0.02059,0.02474,23.7
S85080,0.1406,165.6,164,0.0708,0.6751,0.00413,0.0231,0.01666,0.01642,0.01894,0.01816,0.02385,19.9
S69644,0.1269,166.0,166,0.0761,0.6358,0.00525,0.02063,0.01329,0.02497,0.02432,0.02076,0.01539,18.2
S27327,0.1328,167.4,167,0.0674,0.6697,0.00415,0.01671,0.01852,0.02115,0.01943,0.02171,0.0238,17.9
S52175,0.131,165.2,162,0.0781,0.6572,0.00217,0.02012,0.01779,0.02107,0.01894,0.01876,0.02278,28.4
S19663,0.0979,168.1,167,0.0892,0.5882,0.00529,0.02007,0.01562,0.01345,0.02063,0.01956,0.02271,24.1
S95353,0.1154,164.5,166,0.0801,0.645,0.00494,0.02606,0.02142,0.0196,0.02108,0.01938,0.02007,33.3
S58491,0.126,167.3,166,0.069,0.5973,0.00303,0.02029,0.01826,0.02134,0.0215,0.02326,0.01625,26.4
S56214,0.1201,161.2,166,0.0632,0.6444,0.00437,0.02204,0.01548,0.01248,0.01778,0.01639,0.02369,31.2
S10974,0.1212,170.0,166,0.0794,0.6212,0.00129,0.01938,0.01787,0.02166,0.01656,0.02557,0.01971,29.3
S83983,0.1499,167.3,168,0.0813,0.5965,0.00481,0.01924,0.01978,0.01697,0.01881,0.01999,0.02369,24.3
S66896,0.0979,163.6,169,0.0758,0.6931,0.00186,0.01927,0.0179,0.01714,0.02337,0.01005,0.01749,28.4
S62801,0.1081,166.6,163,0.0707,0.6671,0.00272,0.02123,0.0207,0.01717,0.0139,0.01636,0.0188,20.1
S55883,0.1376,165.5,167,0.0804,0.6552,0.00671,0.0207,0.02476,0.02464,0.02093,0.01922,0.01671,32.4
S54557,0.1116,166.1,165,0.079,0.603,0.00499,0.02397,0.02786,0.01978,0.02672,0.01898,0.01677,24.3
S81490,0.1344,168.5,165,0.0698,0.6246,0.0029,0.02236,0.01782,0.01929,0.01579,0.01748,0.02443,21.2
S61995,0.1194,169.8,163,0.0695,0.6002,0.00479,0.02014,0.02404,0.01576,0.02055,0.02628,0.0226,28.6
S41986,0.1456,165.7,166,0.0619,0.5911,0.00064,0.02251,0.02228,0.01929,0.02142,0.01423,0.02622,25.1
S94603,0.1254,162.3,165,0.1157,0.5854,0.00168,0.02646,0.01932,0.01613,0.02388,0.01957,0.02088,18.7
S80216,0.0445,161.7,168,0.0802,0.6337,0.00658,0.02222,0.02061,0.02465,0.01823,0.01767,0.01803,39.7
S36080,0.1201,162.4,165,0.0846,0.6231,0.00232,0.01854,0.02094,0.01748,0.02305,0.02036,0.02327,24.4
S66157,0.1201,164.7,167,0.0761,0.5607,0.00439,0.01691,0.02605,0.0225,0.01269,0.02332,0.01978,31.2
S43438,0.1112,170.3,163,0.078,0.6252,0.00416,0.01791,0.01341,0.01757,0.02319,0.0187,0.02463,25.3
S34617,0.1515,168.6,165,0.0613,0.6081,0.00524,0.02122,0.02166,0.01824,0.02327,0.02061,0.02053,26.7
S76523,0.1036,169.5,164,0.0759,0.6089,0.00529,0.01733,0.0182,0.02059,0.02034,0.01914,0.01454,21.0
S11963,0.1436,165.5,166,0.075,0.6357,0.00611,0.02152,0.01993,0.0197,0.02276,0.01685,0.01677,27.0
S30047,0.1281,167.9,166,0.0773,0.6129,0.00317,0.02255,0.02157,0.02245,0.01828,0.02133,0.02407,34.6
S85600,0.1206,167.9,166,0.0863,0.5866,0.00565,0.0215,0.01944,0.0193,0.023,0.02242,0.01995,34.0
S84694,0.1592,168.0,163,0.0526,0.6306,0.00238,0.01602,0.02525,0.01669,0.0226,0.02421,0.02544,31.8
S55804,0.1159,168.8,166,0.085,0.5959,0.00358,0.01832,0.01912,0.02361,0.02434,0.01595,0.02245,29.1
S22626,0.1064,167.2,168,0.0763,0.5541,0.00352,0.01964,0.021,0.0201,0.02141,0.02339,0.02395,24.8
S56780,0.1124,162.4,167,0.0796,0.6218,0.00466,0.02022,0.02141,0.01804,0.01728,0.02264,0.02392,27.9
S33208,0.1425,164.8,165,0.0847,0.6605,0.00409,0.02106,0.01559,0.02134,0.02314,0.02318,0.02285,32.0
S43615,0.1518,166.6,165,0.075,0.6124,0.0029,0.02217,0.01921,0.01836,0.01771,0.0221,0.02194,28.5
S87945,0.1582,168.0,167,0.0856,0.5945,0.00456,0.0166,0.02042,0.02119,0.01731,0.01408,0.01844,25.1
S98933,0.1115,170.6,167,0.0776,0.6957,0.00573,0.01673,0.02718,0.02363,0.01944,0.01776,0.01461,27.6
S48755,0.0863,168.7,165,0.0552,0.5755,0.00218,0.01708,0.02342,0.02153,0.01925,0.01736,0.0158,31.7
S72859,0.1251,164.6,163,0.0725,0.5765,0.0025,0.02411,0.01716,0.02014,0.0196,0.02682,0.01811,27.1
S42743,0.117,166.1,168,0.0814,0.5998,0.0034,0.01867,0.01435,0.02248,0.01702,0.01998,0.02211,18.1
S69065,0.1204,166.0,166,0.0836,0.6245,0.00497,0.02045,0.0181,0.01536,0.02233,0.01629,0.01459,32.9
S53630,0.1132,168.0,163,0.0911,0.6638,0.00569,0.01719,0.02139,0.01927,0.02193,0.01667,0.01955,19.7
S46008,0.1228,166.6,164,0.0819,0.5896,0.00604,0.01986,0.01943,0.02199,0.01937,0.01841,0.02422,22.4
S23612,0.104,171.1,165,0.0776,0.6384,0.00359,0.02288,0.01741,0.01984,0.01409,0.01852,0.02211,24.8
S37290,0.0778,166.5,165,0.0669,0.681,0.00544,0.02503,0.02094,0.02207,0.01983,0.01119,0.01939,19.1
S97829,0.1417,168.9,166,0.0782,0.643,0.00325,0.02119,0.02405,0.01575,0.0236,0.0214,0.02867,19.6
S76885,0.0915,163.0,169,0.0717,0.5677,0.00355,0.01835,0.01935,0.01901,0.01813,0.01636,0.01804,32.3
S32123,0.1295,170.5,166,0.0903,0.6403,0.00354,0.01843,0.01753,0.01789,0.0189,0.01784,0.01876,24.0
S20481,0.1322,168.0,165,0.0638,0.636,0.00521,0.02214,0.0246,0.01608,0.02158,0.01961,0.02487,30.0
S20205,0.1111,167.9,164,0.0927,0.6227,0.00301,0.02382,0.02557,0.01907,0.01904,0.01755,0.02111,22.4
S97847,0.1262,168.7,165,0.1027,0.6253,0.00553,0.02029,0.01785,0.01997,0.02152,0.02227,0.0145,24.1
S11637,0.1144,158.7,164,0.0933,0.6286,0.00312,0.01892,0.02086,0.02039,0.01967,0.0222,0.01954,31.8
S66796,0.1261,161.6,166,0.0824,0.6562,0.0046,0.02383,0.01692,0.02185,0.02006,0.02009,0.02098,18.8
S90553,0.121,168.2,167,0.0909,0.5567,0.00421,0.01616,0.02012,0.02737,0.02142,0.02076,0.0211,28.0
S78813,0.0867,164.0,166,0.0747,0.5945,0.00658,0.0191,0.02454,0.02237,0.0175,0.02104,0.01993,16.0
S21659,0.0825,171.6,168,0.0966,0.6808,0.00236,0.01982,0.02062,0.02273,0.01851,0.01747,0.01889,27.9
S68004,0.0869,174.2,167,0.0628,0.607,0.00521,0.02113,0.01739,0.02255,0.0173,0.01716,0.02673,38.2
S86250,0.105,156.9,166,0.0863,0.5735,0.00398,0.01461,0.01972,0.02139,0.01523,0.02536,0.02082,24.0
S92440,0.1087,168.2,165,0.0946,0.6386,0.00525,0.01586,0.02124,0.01824,0.02053,0.01978,0.02647,34.4
S62474,0.1207,168.3,166,0.0594,0.6726,0.00287,0.02001,0.02284,0.02299,0.01851,0.02369,0.02206,19.4
S81541,0.1062,165.5,164,0.0684,0.6343,0.00429,0.01875,0.02164,0.02072,0.01926,0.02412,0.00797,24.4
S70794,0.1281,168.4,167,0.091,0.6838,0.00647,0.02752,0.02346,0.02171,0.01574,0.02217,0.0224,20.1
S20885,0.1219,166.8,167,0.1023,0.6223,0.007,0.02202,0.0247,0.01834,0.02224,0.02461,0.0178,30.1
S76214,0.1317,166.7,166,0.0715,0.6164,0.00446,0.01999,0.02112,0.01814,0.01771,0.02039,0.0188,35.6
S67935,0.1474,168.5,166,0.082,0.6195,0.00286,0.02393,0.01806,0.01935,0.0193,0.01911,0.02497,29.3
S94756,0.1534,163.8,166,0.083,0.6301,0.00509,0.01944,0.02675,0.02111,0.02139,0.01685,0.02005,14.7
S60601,0.1166,170.5,165,0.0837,0.6038,0.00429,0.01867,0.02155,0.01816,0.02138,0.02434,0.01687,30.8
S92114,0.1182,168.3,164,0.0836,0.625,0.00261,0.02602,0.01695,0.01831,0.02379,0.02531,0.01846,28.6
S92930,0.1334,165.0,165,0.0449,0.6175,0.00436,0.01873,0.01923,0.01827,0.02138,0.02344,0.01931,35.7
S97610,0.0984,167.3,164,0.0522,0.5902,0.00283,0.02405,0.01267,0.01911,0.01673,0.0189,0.01977,22.6
S75253,0.1362,168.1,168,0.093,0.5546,0.00372,0.01697,0.02305,0.01759,0.0227,0.01761,0.02652,16.0
S70419,0.1357,167.4,165,0.073,0.5883,0.00638,0.01721,0.02386,0.02297,0.01884,0.02222,0.01292,19.6
S47525,0.1221,165.0,163,0.0831,0.6613,0.00418,0.02076,0.02396,0.01621,0.01825,0.02144,0.01879,18.5
S24161,0.1364,169.7,165,0.0643,0.6042,0.00493,0.01765,0.01733,0.01962,0.01791,0.0206,0.01819,29.7
S79243,0.1041,166.3,167,0.0628,0.5855,0.0041,0.02152,0.02067,0.01846,0.02403,0.01693,0.02258,19.6
S53148,0.1525,163.1,165,0.0704,0.6281,0.00695,0.02217,0.02281,0.02319,0.02844,0.0194,0.02234,8.4
S41339,0.1547,160.1,168,0.0937,0.6399,0.00162,0.02211,0.02177,0.02114,0.01576,0.02051,0.02026,18.0
S98567,0.0977,172.3,163,0.07,0.6651,0.00255,0.02614,0.02126,0.01751,0.01436,0.01883,0.02315,26.2
S31091,0.1385,163.4,166,0.0899,0.6361,0.00277,0.02588,0.02093,0.02123,0.01408,0.0187,0.01797,26.7
S69342,0.1212,167.2,166,0.0853,0.5969,0.00307,0.01975,0.01738,0.01864,0.01907,0.02034,0.02476,27.4
S74204,0.1032,164.1,167,0.0702,0.6597,0.00221,0.02473,0.01635,0.01814,0.01871,0.02342,0.01964,30.7
