sample_id,plate_id,well,CEA,CA125,CYFRA21_1,HE4,PRL,OPN,MPO,TIMP1,IL6,IL8,TNFA,CRP,SAA1,HGF,MIF,GDF15,FGF2,VEGFA,ANGPT2,MMP9,MMP2,FN1,SPARC,THBS1,TGFB1,LGALS3,CHI3L1,FAS,FASLG,SELE,SELP,ICAM1,VCAM1,CXCL10,CCL2,IL10,IL1B,IFNG,LEP,ADIPOQ
S47248,PLT01,B06,5.713,29.709,12.328,6.127,35.438,,6.71,6.09,23.542,14.08,3.075,45.746,36.197,5.488,5.008,72.465,7.682,14.431,18.881,20.363,7.658,9.616,5.431,22.561,4.282,24.927,30.365,4.212,3.747,9.119,28.782,28.174,21.759,25.972,32.272,,,15.677,41.248,25.681
S22000,PLT01,C10,11.398,35.713,9.648,2.539,20.617,4.236,10.331,9.606,14.591,15.598,5.142,5.0,,4.839,3.526,36.178,18.309,7.431,32.739,17.486,,8.443,6.773,30.722,4.432,34.113,,4.858,4.875,6.846,22.868,51.563,25.479,8.288,48.016,,34.176,,44.815,9.224
S93401,PLT02,E09,6.955,14.353,14.192,2.731,55.257,6.146,12.084,14.718,34.856,38.712,15.456,24.861,34.296,7.837,6.094,41.54,8.903,18.125,36.046,19.109,5.765,6.377,3.517,31.718,4.023,20.602,72.767,3.304,4.816,8.518,33.962,42.233,13.177,8.576,39.791,10.707,31.332,30.239,74.881,20.961
S70419,PLT01,F11,16.19,26.052,18.82,5.394,44.735,3.639,4.332,8.886,52.222,22.083,3.722,26.375,21.183,7.496,5.497,14.872,7.977,7.667,32.442,24.39,3.348,3.136,6.119,59.891,2.989,16.019,38.649,3.685,2.496,14.622,99.596,21.452,22.929,15.018,55.61,9.706,31.822,17.872,54.695,21.382
S90842,PLT01,F03,5.018,27.223,19.853,3.351,48.625,3.241,9.898,6.34,19.593,12.124,6.549,11.723,16.09,5.715,4.232,37.043,,8.019,19.811,23.258,4.133,4.375,6.746,18.763,4.956,19.561,36.31,3.1,5.269,8.348,45.089,48.064,13.33,10.621,79.544,13.119,21.314,,41.825,14.486
S96216,PLT03,C10,14.017,23.336,10.04,2.451,34.344,4.303,8.434,6.989,21.722,7.955,3.66,14.521,53.44,5.666,5.979,31.092,10.324,11.781,17.213,16.459,2.78,5.731,6.74,,,12.009,75.627,2.722,15.329,16.581,22.879,65.006,23.219,17.094,32.712,9.4,27.403,,,
S58246,PLT01,A07,9.139,30.254,18.74,3.379,16.52,2.448,15.034,10.125,63.046,16.256,4.275,26.827,40.922,8.044,2.776,33.558,20.989,10.917,30.909,12.351,11.28,4.254,3.297,14.249,6.935,24.325,85.248,5.763,5.796,,33.272,30.613,18.675,11.104,33.713,12.971,20.48,17.563,46.992,11.313
S40397,PLT02,D01,10.872,29.331,11.286,4.993,28.912,3.032,8.032,11.046,36.455,79.677,9.304,23.035,13.057,9.957,8.203,39.188,13.03,9.428,45.2,11.713,4.61,5.588,12.595,46.699,5.679,12.668,68.91,3.991,5.323,6.559,58.559,58.15,12.644,19.353,49.057,16.181,21.316,16.73,45.15,19.436
S94603,PLT01,B04,7.952,13.644,19.071,2.99,15.853,1.95,12.523,20.709,20.467,15.306,4.266,8.389,23.994,3.796,3.116,24.686,11.188,8.775,35.714,24.223,5.654,11.157,5.14,18.162,5.686,15.187,85.268,5.823,4.071,8.91,27.853,19.744,20.164,23.427,114.486,,,27.206,24.721,22.166
S99522,PLT02,E08,7.587,16.171,8.459,3.206,25.362,3.196,6.375,9.714,19.869,82.033,11.867,,52.539,3.368,5.771,,11.401,5.511,27.127,12.863,3.724,6.014,13.267,115.174,3.178,33.293,37.332,7.589,3.427,16.492,32.106,22.822,38.251,12.26,71.42,,41.969,19.748,52.222,15.957
S41692,PLT01,D06,13.852,77.363,13.082,3.556,31.571,3.335,11.202,12.619,20.552,7.264,5.33,23.346,52.714,8.375,5.702,82.821,11.48,9.576,28.565,19.631,3.1,5.148,12.048,47.883,3.362,13.59,55.441,6.887,7.244,8.506,48.018,36.532,14.91,7.841,,,51.623,,29.662,
S74034,PLT03,G10,11.573,67.63,18.765,2.224,35.203,8.457,6.259,20.081,29.594,25.834,3.449,49.363,69.713,8.58,6.162,22.254,8.769,8.249,46.716,10.546,7.489,4.214,9.35,26.297,3.394,16.006,37.107,8.41,7.263,9.174,55.534,69.137,14.721,14.546,119.734,10.362,28.835,22.463,48.08,16.531
S69910,PLT01,F10,5.65,60.803,13.494,4.331,55.761,4.439,12.253,10.082,17.49,,3.08,16.133,42.14,5.079,2.367,32.467,7.302,6.651,23.593,20.468,3.075,6.125,9.684,44.34,2.056,12.945,54.312,6.162,4.739,10.082,36.156,38.465,23.19,27.891,36.386,16.186,33.797,,56.344,16.57
S81473,PLT01,H06,9.619,38.956,9.622,4.363,53.625,5.616,3.894,13.624,22.673,9.343,3.669,37.623,112.243,5.944,4.834,48.645,15.124,8.975,11.175,9.995,5.69,3.45,8.538,27.333,3.766,8.817,34.295,11.041,4.125,11.075,22.174,33.596,35.887,18.114,47.15,9.228,29.559,18.225,71.444,17.386
S72859,PLT01,C02,13.0,27.808,11.17,6.172,32.674,2.659,10.201,13.964,28.409,,4.632,20.375,55.707,7.312,4.036,50.607,12.714,7.696,17.418,40.521,3.742,8.497,6.435,17.343,4.082,24.624,45.514,6.149,4.652,10.865,36.404,55.536,18.094,12.611,77.311,11.449,,28.202,45.861,7.146
S47496,PLT01,G02,5.197,26.783,9.561,6.09,54.494,5.084,9.539,11.458,77.257,7.087,5.349,71.4,73.442,4.078,8.063,16.428,23.476,8.628,38.63,17.011,6.15,5.868,5.233,39.585,2.808,8.656,48.199,3.751,5.471,5.655,57.562,53.966,36.562,17.236,92.988,15.808,,,20.607,20.284
S47376,PLT02,B04,9.396,34.748,9.249,2.74,34.584,4.118,4.949,7.437,28.116,21.836,6.294,8.634,23.811,5.053,3.933,26.831,11.019,4.361,19.969,24.237,2.74,3.988,7.863,31.983,7.454,15.831,47.259,3.549,6.999,7.193,36.325,,27.754,15.131,53.136,23.789,55.204,14.409,48.917,14.422
S69717,PLT03,F05,6.984,41.618,8.96,2.88,24.715,3.921,6.186,5.518,29.709,22.276,2.419,22.085,22.634,6.306,,18.363,20.275,7.497,17.806,16.537,6.474,4.15,12.138,16.264,2.983,15.176,73.25,3.853,6.759,7.014,53.195,34.287,27.134,13.223,63.898,23.937,22.657,,31.45,12.474
S62065,PLT02,G09,,72.512,7.711,4.492,39.188,2.104,10.389,5.499,13.133,47.53,26.133,17.223,72.762,5.597,1.927,30.721,11.018,6.776,13.623,13.156,2.926,5.153,,31.368,4.488,17.925,74.652,5.125,6.277,17.594,26.125,46.838,42.496,34.01,48.46,17.362,33.466,17.611,48.055,9.926
S67725,PLT02,F09,8.128,21.399,28.129,3.464,19.584,3.921,6.723,10.05,71.082,42.608,9.995,20.023,31.598,7.781,8.417,79.257,13.932,10.912,31.164,16.556,6.054,3.926,5.264,28.678,3.816,24.157,140.324,7.307,6.252,14.661,51.904,101.087,13.143,13.238,65.638,11.92,,,32.931,14.845
S31091,PLT01,A04,10.782,25.293,16.695,3.041,28.374,8.919,8.752,17.922,74.957,20.126,2.671,62.957,243.722,4.277,1.789,14.815,7.759,5.159,22.584,30.935,9.434,4.285,4.446,22.695,4.174,12.826,60.499,20.917,7.088,11.23,,23.614,17.537,12.858,54.816,13.099,,24.96,31.481,12.891
S58504,PLT01,D08,15.235,36.966,10.279,4.51,,4.475,7.156,6.515,19.747,13.763,3.25,14.629,27.198,5.187,1.921,30.369,16.022,,11.891,17.509,4.89,3.465,8.455,24.134,4.574,14.87,46.378,4.999,6.709,10.938,24.385,36.242,28.238,17.489,44.615,,42.904,18.019,24.587,11.887
S85080,PLT02,A02,9.423,66.156,18.983,4.733,30.438,3.499,5.169,10.389,97.978,61.251,13.17,25.43,84.232,7.114,4.079,22.23,18.393,4.766,13.954,31.368,6.659,7.078,5.152,19.139,3.296,,36.646,3.434,4.44,,26.062,108.182,21.234,16.886,182.078,15.591,24.122,17.699,25.288,7.033
S68004,PLT03,B09,10.844,59.574,18.617,3.606,19.299,2.298,14.315,4.561,20.009,12.116,2.221,6.974,,3.788,2.205,26.066,7.033,,21.512,40.633,7.888,6.075,9.353,36.779,2.752,16.07,,4.906,3.191,10.362,44.937,34.307,18.689,28.463,36.813,,21.92,,43.637,21.332
S81906,PLT02,C02,10.103,25.509,21.608,10.097,27.752,5.889,4.68,6.782,44.842,44.839,13.095,14.227,54.585,5.335,6.83,31.366,18.489,7.42,56.59,17.814,,3.884,26.066,26.811,3.196,26.883,54.115,4.812,5.995,10.291,82.858,38.714,19.323,15.003,35.491,11.55,36.787,16.16,49.456,18.786
S14626,PLT02,D02,7.004,28.761,28.694,3.718,22.987,3.171,11.831,7.217,38.856,64.951,6.597,19.752,83.004,11.427,4.675,38.207,8.586,7.989,23.285,23.935,2.777,5.498,7.799,17.835,3.283,32.175,22.981,6.275,5.039,6.808,59.258,46.405,16.657,15.993,27.095,,34.325,,47.959,9.808
S36486,PLT03,D11,9.244,19.459,8.871,4.847,25.117,3.663,,6.451,,8.096,2.133,5.171,12.406,2.962,,24.368,21.029,7.54,25.371,34.745,5.252,2.722,8.603,46.313,3.236,17.555,32.894,3.997,5.648,11.215,63.12,117.116,35.735,11.668,104.594,10.982,114.613,18.901,40.286,12.528
S66602,PLT03,A06,9.199,21.35,15.265,2.958,64.96,4.288,29.805,14.69,149.826,9.905,4.959,65.647,141.799,,3.931,31.404,11.805,9.634,26.5,16.777,4.132,3.568,4.807,23.255,2.726,12.211,54.873,7.354,2.375,5.672,59.241,19.526,25.596,10.085,36.063,11.295,40.066,19.307,91.886,21.917
S17892,PLT02,B03,,25.462,11.799,4.436,32.676,2.335,7.186,9.367,11.268,45.377,13.298,7.003,48.349,5.766,5.343,25.623,13.378,16.092,19.578,10.276,4.152,3.561,5.133,30.461,3.803,17.006,29.923,3.236,2.949,8.756,,75.993,30.779,19.707,25.826,12.694,,14.871,,14.803
S54795,PLT01,H01,12.234,20.236,8.465,3.838,35.288,4.329,4.047,6.871,19.124,6.962,5.337,,,5.142,2.801,29.915,29.263,,33.01,18.411,4.541,5.883,5.68,45.913,2.598,25.935,66.564,2.912,5.864,11.999,64.912,52.901,13.408,21.882,,,30.941,12.567,24.921,14.453
S51353,PLT01,F04,12.098,,23.407,4.309,48.628,8.684,8.764,21.39,18.584,12.258,10.789,14.119,58.144,5.308,4.394,33.768,20.908,12.195,48.031,24.413,7.339,,6.465,48.488,2.398,10.928,72.76,5.093,5.14,12.669,81.095,19.691,13.089,9.32,39.156,,26.693,11.179,42.685,23.89
S35676,PLT02,H11,29.515,25.27,18.854,2.529,42.195,4.49,12.638,7.029,198.015,71.94,21.648,47.257,106.658,4.678,5.6,41.55,23.389,6.543,33.334,12.534,5.12,8.666,18.906,40.933,2.981,16.942,65.524,3.162,3.315,28.558,53.159,46.202,29.969,19.087,61.673,12.011,28.155,28.181,21.886,9.716
S56086,PLT02,E05,13.935,38.161,8.299,2.553,24.258,2.886,5.695,4.403,13.214,73.509,15.126,9.739,76.406,7.018,5.077,22.231,10.164,18.261,18.588,16.277,8.176,4.74,13.3,30.909,4.778,25.288,26.507,3.136,3.502,4.809,39.586,46.201,10.9,14.053,45.1,11.437,32.286,17.805,48.691,9.294
S81539,PLT01,B05,17.585,18.931,27.609,4.697,17.887,2.0,6.306,8.261,24.954,13.387,3.042,65.14,109.286,6.282,4.659,27.941,9.461,3.66,,16.678,3.242,4.159,10.874,25.115,4.563,18.449,40.318,,12.179,,28.23,27.404,19.27,12.086,62.85,21.874,,20.592,44.4,6.363
S32217,PLT01,E03,10.569,124.265,28.191,3.756,29.381,4.694,7.958,11.046,28.38,10.395,2.672,13.796,20.039,8.574,4.909,40.677,16.618,3.868,27.682,,3.243,3.117,5.445,51.285,2.465,23.001,48.22,4.251,3.788,15.248,21.196,38.589,,10.633,43.341,,25.506,23.249,46.118,7.37
S27741,PLT03,A07,5.885,27.551,18.402,2.234,32.965,,5.617,10.216,20.37,6.75,1.592,25.02,61.744,6.128,8.494,15.175,10.171,7.833,18.247,19.806,6.123,2.972,6.263,30.926,4.66,,40.238,5.195,2.955,6.093,73.953,28.645,30.608,7.873,39.188,12.869,,,30.077,11.14
S53148,PLT01,D11,8.919,18.727,21.342,3.893,52.658,6.533,6.304,7.263,34.94,7.837,1.863,17.135,47.537,3.86,5.66,19.385,8.985,6.34,20.111,13.394,11.817,4.18,,41.794,1.881,31.108,43.117,7.611,2.311,12.355,36.076,26.496,28.63,12.54,40.59,10.233,28.308,11.39,57.719,15.488
S74204,PLT03,D02,5.685,50.853,8.691,,24.627,3.492,9.853,5.675,11.083,8.658,1.895,5.744,19.051,4.68,3.757,25.473,15.176,6.201,23.787,,2.958,7.894,7.573,28.14,2.897,27.774,37.008,15.867,4.46,14.901,36.603,33.993,73.799,,31.542,,35.271,,48.566,18.073
S80382,PLT01,G08,7.62,53.46,10.835,3.55,18.632,5.438,10.565,8.669,34.324,8.437,2.395,17.873,51.615,3.309,5.186,16.253,17.224,5.82,19.29,17.214,2.547,6.057,7.13,17.798,3.905,19.13,21.563,6.58,5.682,14.24,72.703,,15.51,13.636,34.813,14.49,22.588,14.258,29.728,22.819
S86937,PLT01,G09,15.776,16.613,17.354,,27.196,2.597,6.992,6.197,16.377,9.482,4.962,11.827,60.603,9.386,3.569,27.737,17.533,,16.368,22.703,,5.315,22.997,22.677,5.182,,63.368,4.679,3.052,9.647,40.892,34.768,27.915,11.111,39.78,15.824,23.389,22.518,40.352,
S35272,PLT03,E02,6.111,,20.432,3.672,14.61,4.608,10.573,8.954,20.409,13.748,1.998,9.987,15.479,7.527,4.848,40.276,18.876,5.986,25.974,17.243,4.323,7.719,,33.494,2.965,9.774,42.201,6.404,3.813,7.401,72.944,24.07,17.624,38.329,45.832,16.589,,12.575,25.62,14.543
S97610,PLT03,E11,15.245,30.089,18.351,3.066,35.615,5.177,8.67,7.099,40.137,43.951,2.425,6.435,26.942,4.585,5.855,23.16,12.956,4.317,25.289,20.281,2.873,4.028,6.118,71.749,7.529,12.26,25.026,2.953,,13.757,28.88,38.045,,13.843,57.0,25.761,,12.849,33.727,18.864
S75253,PLT02,H09,10.448,15.298,12.83,4.029,26.144,3.378,6.156,11.646,28.754,52.791,15.204,34.717,31.987,8.244,2.602,54.79,15.097,9.743,24.926,86.524,5.465,13.347,,35.675,4.28,17.188,,4.691,8.071,8.956,35.801,25.5,19.738,28.735,51.064,10.861,,12.145,64.409,22.385
S43615,PLT02,C09,7.966,14.137,8.64,1.902,50.797,4.671,7.949,7.963,27.707,23.805,17.905,25.193,88.454,5.419,2.036,72.712,10.162,9.366,48.062,,5.431,7.812,4.825,31.706,3.632,16.813,46.367,6.919,9.765,13.42,46.23,37.879,17.124,14.909,31.729,14.682,37.034,25.816,68.805,6.572
S45208,PLT02,B05,22.058,16.216,11.063,3.048,48.356,3.904,12.002,9.343,24.978,62.124,6.855,86.154,53.201,6.494,2.784,35.449,14.718,5.701,,22.609,6.195,5.05,6.534,27.772,4.76,33.462,34.568,2.534,3.513,12.789,24.237,45.978,21.848,9.784,32.849,,,13.109,57.548,15.648
S31029,PLT03,C02,14.324,11.785,23.238,4.229,,2.616,4.409,4.51,19.436,15.87,2.414,7.893,14.113,3.3,4.232,21.92,17.401,12.314,20.622,13.224,6.015,5.244,3.897,22.782,5.03,11.088,35.48,9.523,5.177,11.157,32.903,23.803,25.43,27.038,82.139,,20.694,,,8.704
S79243,PLT02,H06,12.514,33.999,17.521,3.285,19.202,4.152,11.325,14.427,23.497,73.545,16.119,6.789,34.503,9.943,4.243,41.489,10.996,14.475,25.859,18.032,7.461,6.683,5.237,37.472,3.488,12.966,45.301,4.34,6.091,14.912,52.499,113.094,26.565,19.585,56.534,,23.494,,62.838,15.068
S47112,PLT03,E04,9.914,15.061,10.318,1.966,24.772,4.675,4.252,7.076,30.909,10.295,2.131,25.926,31.949,6.578,5.852,,8.542,3.93,27.98,37.526,5.553,8.91,3.974,18.15,,42.815,40.0,5.322,5.89,5.179,25.172,39.334,15.689,43.531,35.05,11.125,,,31.594,21.828
S91303,PLT01,F07,11.676,18.867,8.542,2.136,51.261,6.475,9.577,13.662,82.792,9.582,2.002,44.3,125.751,7.45,2.319,35.689,26.1,5.62,27.336,18.335,3.034,4.758,6.479,23.892,3.067,35.801,32.328,4.623,4.348,6.54,34.946,21.727,,29.694,30.64,10.353,,11.276,39.391,27.471
S77432,PLT02,A01,15.414,23.035,43.945,4.249,63.674,4.408,10.752,9.659,41.407,31.868,21.955,9.468,71.416,9.428,6.713,29.919,9.727,5.013,19.776,11.877,3.162,4.751,12.662,29.581,4.402,15.496,57.419,5.985,5.958,10.735,31.4,19.995,10.519,9.132,62.104,,,16.866,,17.812
S86250,PLT03,D05,10.571,29.671,10.751,1.794,35.78,3.793,6.076,11.582,79.672,15.251,2.985,45.459,52.962,9.07,5.324,22.798,9.129,8.807,21.363,10.367,7.116,10.769,7.428,40.211,7.024,15.076,36.685,5.65,5.794,11.138,44.81,41.208,14.951,12.303,36.111,11.866,26.892,21.712,33.085,24.223
S46691,PLT01,E02,8.354,35.566,9.267,4.149,30.671,3.253,10.377,4.894,36.165,24.12,2.841,17.19,127.168,3.105,4.289,62.247,12.55,10.559,20.978,27.615,4.027,16.811,7.287,37.44,4.473,14.343,26.115,4.94,4.367,6.617,54.66,18.693,37.698,11.865,44.304,,49.933,10.947,44.903,13.629
S94881,PLT03,B03,6.968,42.933,8.018,3.305,28.883,4.895,10.184,9.092,17.073,11.231,1.474,7.627,45.027,4.271,3.091,32.336,13.312,7.391,12.839,12.859,3.478,3.059,9.208,33.499,2.249,9.418,75.788,3.258,3.388,12.82,26.128,52.539,,19.832,50.866,28.235,27.664,16.365,28.459,20.363
S28856,PLT03,C01,12.637,82.053,35.533,2.034,44.814,2.102,10.896,5.794,55.928,9.354,,52.477,76.217,7.463,4.598,39.19,17.743,11.283,27.734,18.228,5.931,7.321,8.94,38.09,3.269,14.827,28.443,3.131,5.811,15.819,70.995,34.651,18.514,13.536,51.058,11.598,32.201,22.973,31.367,10.781
S73152,PLT03,F09,15.238,51.132,,,20.521,2.869,17.942,9.473,19.669,14.069,2.819,6.286,14.097,4.413,3.837,28.875,16.683,16.283,,33.493,5.856,3.701,10.262,21.322,6.488,29.236,41.099,4.325,3.724,19.407,35.705,48.694,24.069,11.158,31.734,,46.281,15.327,34.153,11.844
S42225,PLT02,G08,7.285,25.915,13.496,2.989,56.626,4.521,4.848,,46.694,45.995,15.919,17.816,49.309,4.15,4.234,33.494,12.436,7.927,23.61,9.646,6.365,8.36,5.493,30.81,4.165,16.982,53.531,6.09,10.758,6.578,50.982,44.77,18.904,10.2,49.446,36.859,,23.521,37.004,19.431
S14483,PLT01,A05,6.671,19.497,26.046,3.269,59.005,5.077,6.139,13.478,19.765,8.062,3.555,8.817,38.538,5.634,4.732,26.204,13.376,6.759,26.286,14.98,4.832,2.962,8.361,30.793,4.749,23.294,72.966,8.867,6.224,13.034,101.127,24.655,12.247,11.601,50.426,17.468,37.284,,30.759,15.509
S15874,PLT02,G10,23.987,25.68,21.151,3.758,41.423,11.079,15.628,5.729,21.713,49.008,13.999,12.411,52.915,3.305,6.466,68.419,14.184,10.469,32.861,26.076,5.035,4.173,13.057,36.449,2.717,22.527,48.52,8.648,4.112,22.83,82.778,28.196,22.688,13.682,119.644,9.603,41.785,22.828,34.665,25.496
S71885,PLT01,G05,23.647,,11.381,2.801,24.994,11.811,12.548,5.485,67.313,6.798,6.844,22.531,80.9,5.608,4.404,58.196,6.492,6.745,,13.556,5.762,12.173,5.309,16.298,3.986,19.03,47.501,5.459,3.635,8.62,26.874,26.759,18.159,18.024,63.523,9.771,45.349,20.746,44.951,18.399
S27002,PLT02,A11,9.704,15.915,16.593,5.354,38.74,11.63,4.938,10.102,24.632,19.023,14.236,15.88,53.721,8.3,6.484,58.096,20.996,5.254,31.152,29.446,6.294,12.5,5.356,40.711,1.985,9.447,98.968,6.017,8.644,8.542,53.676,18.063,30.761,15.854,,13.445,38.223,21.475,54.092,7.458
S35367,PLT03,E09,14.327,17.478,14.293,5.213,22.525,8.954,12.81,10.612,18.805,,3.266,10.956,47.892,10.602,5.474,36.832,13.759,7.434,20.956,11.587,7.764,3.082,5.176,40.193,2.369,22.313,26.383,7.638,2.901,8.388,70.519,24.157,54.289,17.39,56.231,11.589,25.897,21.84,51.541,15.609
S12784,PLT01,D02,12.849,31.16,9.404,2.118,35.77,4.733,7.685,8.634,28.637,9.865,4.477,23.159,70.461,13.458,2.25,25.765,,11.063,21.641,18.56,3.327,2.611,4.798,20.503,3.072,28.96,,5.779,3.305,8.659,30.079,,13.295,7.936,91.307,14.256,24.306,,38.679,10.985
S56591,PLT01,C04,11.37,29.998,9.257,2.696,32.347,6.772,7.444,14.322,29.28,10.213,4.781,14.37,34.586,,2.802,47.9,11.873,21.038,39.289,15.205,3.887,5.455,7.325,30.948,3.11,14.907,72.91,5.716,3.07,18.566,58.394,29.767,24.829,10.309,41.213,12.067,,17.069,34.843,9.336
S83332,PLT02,D06,8.015,64.315,17.238,4.618,38.982,,11.88,6.573,21.39,23.105,5.051,6.6,20.12,7.325,6.191,24.322,20.917,,31.636,26.821,3.162,3.067,11.368,26.506,3.598,13.057,37.169,9.632,6.721,,38.491,26.304,27.259,,54.305,,41.982,,34.368,21.584
S47117,PLT03,C07,18.549,35.816,12.138,5.239,17.262,4.137,6.669,5.786,40.937,17.382,,51.202,74.83,7.948,9.671,38.813,17.199,,28.118,23.825,,9.383,6.011,33.035,7.067,9.097,54.262,6.027,9.349,13.11,39.855,52.23,29.709,13.837,33.368,30.56,27.053,12.588,19.217,14.618
S84694,PLT03,F03,6.531,14.725,8.715,3.504,21.633,4.633,11.881,6.553,,13.219,2.179,17.644,34.51,8.292,4.512,30.994,12.057,28.277,19.436,16.051,3.161,2.633,9.435,22.204,2.235,23.19,,5.696,,7.261,25.669,29.782,35.08,16.696,90.472,10.746,37.006,16.146,38.341,15.75
S82290,PLT01,H07,9.644,24.146,24.615,3.047,48.192,10.618,18.766,8.225,63.453,29.428,5.032,31.72,68.338,3.611,3.141,19.073,9.905,7.314,42.957,12.348,3.419,3.543,8.425,21.33,5.517,22.653,49.785,2.886,3.979,6.731,31.813,30.498,32.65,8.581,37.285,11.16,44.656,16.959,46.561,36.03
S80885,PLT01,A11,7.411,24.963,14.149,3.574,,2.4,11.545,5.8,22.003,8.417,2.662,7.413,42.331,6.103,3.681,27.169,26.726,11.579,28.825,13.489,2.617,5.138,,17.523,2.783,18.604,41.667,7.584,7.684,9.553,39.744,26.421,49.729,10.075,127.182,32.662,30.357,,28.594,9.909
S43898,PLT03,C04,7.826,43.321,11.57,1.789,31.945,2.44,3.637,6.241,15.28,10.723,2.218,10.559,38.206,5.576,4.02,,9.496,11.295,33.357,17.4,3.554,9.006,15.332,47.554,,11.675,25.921,5.81,4.324,6.691,25.753,,22.912,19.772,58.798,,,,45.349,16.48
S11549,PLT01,B02,13.791,29.393,9.797,2.723,29.675,2.538,15.371,4.229,35.78,25.444,6.984,21.67,21.529,6.353,6.762,16.652,21.117,7.671,17.216,16.651,9.176,9.382,9.377,24.573,,,41.843,6.067,,15.05,38.734,27.157,14.22,,79.304,13.572,25.176,,109.315,12.221
S66171,PLT02,G06,6.124,30.044,16.197,6.78,34.215,7.108,7.167,9.127,53.295,52.652,10.441,15.909,38.335,10.339,6.042,45.646,19.797,6.848,27.321,,4.145,5.777,29.498,23.401,5.211,16.661,79.568,4.943,12.396,9.102,106.141,73.798,23.668,15.743,27.886,12.237,20.364,21.432,65.671,12.922
S47735,PLT02,F11,11.806,61.834,10.49,2.637,31.02,3.23,4.371,7.631,41.457,89.246,15.606,20.366,50.724,6.449,5.867,18.753,15.926,12.808,20.312,26.362,4.868,3.124,10.165,,3.856,41.444,33.149,3.072,3.383,19.247,34.783,44.443,40.399,18.383,177.972,9.716,40.448,12.571,32.214,12.86
S28304,PLT03,D04,6.737,42.706,14.506,3.925,28.708,4.287,7.662,6.471,38.183,9.46,2.029,25.598,61.451,6.735,4.05,40.852,13.905,12.55,19.078,10.614,6.322,5.314,11.337,45.537,3.955,13.192,34.147,2.928,5.077,7.046,37.423,56.759,14.527,14.751,,,55.82,20.913,89.201,7.825
S11433,PLT01,E04,8.352,30.764,24.705,2.862,20.98,5.887,4.83,7.069,25.819,10.076,9.088,65.951,47.565,6.113,3.264,20.178,7.907,5.659,23.198,23.148,6.973,6.758,5.99,85.694,6.629,23.308,51.329,5.511,3.168,8.208,27.556,21.113,,11.16,34.175,21.588,24.985,19.916,40.629,16.261
S56214,PLT02,G11,6.564,29.493,32.504,4.202,33.674,4.017,7.472,10.869,27.775,70.832,21.541,16.772,23.794,16.17,5.468,18.891,17.493,9.921,21.461,44.123,10.798,4.013,,18.7,7.137,10.317,41.838,5.616,4.558,6.561,59.042,52.587,22.404,12.58,45.071,18.665,39.827,22.002,70.425,26.099
S57305,PLT02,C06,27.593,37.635,22.083,3.89,61.408,5.669,5.988,10.951,47.527,45.009,7.611,23.174,85.952,6.391,4.584,71.956,19.596,,34.015,23.648,7.881,5.056,8.544,17.978,3.88,18.281,77.609,8.83,15.501,12.968,39.977,21.707,10.341,21.675,62.292,21.722,37.301,,92.349,11.913
S47525,PLT01,D09,11.219,20.714,13.141,6.279,21.434,4.386,5.054,7.296,37.604,7.287,3.889,13.427,66.953,3.418,4.372,22.913,,8.295,16.167,23.117,3.852,4.952,5.652,40.364,,12.131,31.261,3.389,4.567,14.596,25.439,67.233,18.957,13.836,41.115,9.495,,11.665,42.681,19.292
S37801,PLT01,F09,8.073,34.373,,6.2,16.975,5.424,12.562,,13.788,17.848,2.729,9.322,20.412,,3.455,,9.961,9.138,35.078,21.931,4.055,4.692,4.944,30.28,6.742,14.593,32.471,11.409,4.805,12.373,23.166,32.675,15.601,14.374,50.65,,20.794,12.296,59.437,
S13372,PLT03,F07,14.782,31.529,28.192,2.539,39.286,5.054,8.985,8.659,57.448,15.116,,14.664,41.701,3.926,3.084,65.006,,6.98,28.225,22.27,3.627,4.097,12.647,29.954,1.859,25.001,84.514,2.537,5.115,6.623,40.998,76.248,30.758,12.199,68.169,13.656,22.118,13.22,40.257,24.635
S98567,PLT02,B10,7.452,,9.162,4.85,40.445,4.37,10.111,,34.527,102.584,5.463,5.937,29.295,5.754,8.848,23.862,12.643,11.499,54.584,20.819,6.37,3.828,4.536,41.077,5.732,34.733,68.643,8.614,5.335,17.38,26.629,50.476,30.908,11.315,63.436,,39.236,10.925,33.91,10.384
S44914,PLT03,E10,12.79,30.496,16.406,4.772,52.611,5.427,4.313,5.567,24.4,15.752,2.975,33.776,77.48,5.886,3.652,17.413,12.245,5.107,23.662,20.814,7.997,9.057,11.806,,2.675,21.598,30.028,5.115,4.008,8.839,,49.457,20.162,,57.898,16.663,34.547,22.061,23.566,9.808
S73398,PLT03,A03,4.782,26.348,8.478,3.524,26.104,2.498,8.038,,10.262,10.253,2.456,14.877,46.966,10.081,4.79,31.261,,7.059,,50.411,5.888,4.019,6.487,29.072,5.047,10.175,,,3.605,13.668,58.246,38.719,34.104,22.729,46.153,,23.237,,43.111,
S30642,PLT02,C05,15.461,25.918,32.349,10.12,44.963,6.033,4.327,4.845,64.374,27.765,14.983,26.82,42.578,,6.049,20.29,10.67,11.812,44.866,12.584,6.792,5.992,5.72,35.617,7.542,9.013,34.358,11.813,2.779,10.969,50.923,37.009,12.763,17.959,27.463,17.283,,14.983,45.131,12.586
S71396,PLT03,D07,5.397,19.284,,4.306,34.78,4.988,11.108,21.384,,15.855,3.225,6.765,,3.611,6.29,24.85,11.615,11.968,18.832,26.927,2.627,6.429,5.051,19.25,2.429,18.216,39.81,5.43,8.446,8.147,20.908,60.46,29.139,17.725,58.524,14.707,,17.354,40.693,11.438
S91148,PLT03,D01,6.081,26.639,16.169,2.627,33.908,3.602,4.508,12.584,16.988,12.989,2.597,16.33,78.608,5.907,6.588,77.893,6.075,9.257,35.462,14.684,6.479,4.215,5.007,22.679,4.15,11.255,85.712,3.665,8.582,6.227,43.39,27.744,11.377,11.44,52.302,11.739,,,31.076,15.691
S76214,PLT01,E08,17.276,30.629,11.757,2.92,26.904,4.162,4.682,11.602,50.451,16.919,6.563,13.048,37.301,3.255,4.809,46.994,31.857,6.887,15.895,28.993,6.047,7.724,3.877,28.192,2.454,26.456,29.51,4.865,4.63,8.743,25.388,29.13,10.608,21.898,115.102,,50.315,15.344,65.935,12.089
S41339,PLT03,A10,5.506,23.257,14.615,2.342,33.716,4.059,11.271,15.826,16.309,7.877,3.597,9.825,19.451,3.516,4.176,28.102,7.26,8.251,16.66,26.784,9.895,5.451,12.984,19.442,2.993,,26.926,4.117,4.583,8.187,41.604,30.39,20.51,14.612,49.596,11.587,,12.333,42.714,9.519
S95353,PLT02,G01,12.35,27.01,14.316,8.399,,5.05,14.582,12.139,20.613,36.679,25.404,14.299,28.079,9.001,6.089,16.762,10.07,6.868,26.006,13.466,4.705,7.605,4.987,,5.167,22.288,25.868,2.479,14.142,13.312,66.202,31.295,10.905,17.813,44.409,12.236,34.048,24.745,130.03,9.113
S41986,PLT01,H11,15.59,25.208,7.227,2.289,34.496,3.331,6.384,8.645,41.922,18.916,7.544,52.39,34.19,13.009,2.97,14.378,12.983,6.636,15.403,11.006,8.793,5.001,7.458,45.507,4.451,29.244,28.001,3.337,12.493,5.457,33.602,33.021,20.692,10.552,62.694,11.065,53.262,,100.295,10.872
S77373,PLT03,C08,7.756,31.975,10.141,4.233,37.572,3.964,8.044,5.751,13.074,14.26,3.434,8.683,31.397,8.977,4.296,15.368,11.028,6.071,,15.74,4.615,6.903,6.39,28.462,6.421,31.389,111.595,4.007,3.2,17.913,33.531,36.04,19.02,9.95,62.033,12.195,27.83,25.096,34.094,11.382
S54557,PLT03,B08,,17.152,14.077,5.461,25.475,5.359,9.786,11.751,9.694,8.606,2.237,,15.728,7.942,3.366,20.073,10.674,9.76,34.265,24.339,3.27,2.649,3.885,19.238,2.246,54.136,39.947,9.195,4.159,,56.126,30.562,42.856,8.448,46.23,9.344,31.134,14.478,30.145,26.88
S11637,PLT03,D09,6.922,49.829,18.787,1.861,25.982,,6.831,13.154,23.736,10.9,2.75,7.478,11.399,6.451,2.727,32.673,9.667,7.252,21.678,32.037,4.696,5.904,5.871,15.495,6.707,30.47,46.901,5.319,5.555,8.195,28.858,18.056,18.267,20.855,33.946,9.044,31.944,11.324,67.389,22.457
S23650,PLT01,H10,4.848,18.837,11.574,8.603,,3.55,9.007,4.981,73.122,29.858,4.078,54.272,66.495,6.98,3.509,50.933,,6.659,11.464,15.978,7.415,8.631,9.425,14.574,9.719,28.303,47.233,12.099,4.399,13.521,38.31,35.203,12.045,20.658,37.563,10.54,,22.376,51.098,6.776
S65213,PLT02,D10,14.61,19.938,20.08,5.099,33.317,4.919,5.682,6.992,30.537,75.058,18.836,10.245,29.02,6.614,,25.384,24.052,8.349,29.539,25.403,5.349,4.787,7.364,16.676,2.632,8.674,63.044,4.784,8.565,6.875,20.545,61.853,24.825,65.702,35.217,,,18.887,58.638,9.205
S66896,PLT02,B11,14.602,34.119,16.927,4.71,22.418,4.789,,9.057,89.496,59.511,13.147,9.593,344.542,5.196,5.711,38.156,12.272,5.761,21.207,10.96,5.15,4.718,15.626,49.897,3.441,12.998,27.237,7.605,2.898,9.485,27.641,32.833,34.715,28.133,63.097,27.269,,14.563,29.233,12.363
S66024,PLT01,B07,4.323,23.954,9.766,2.189,41.893,6.052,5.789,6.598,38.817,26.538,3.29,42.462,59.537,7.537,7.656,31.487,10.104,10.058,14.63,19.246,5.21,9.109,3.089,28.319,5.374,27.631,105.67,8.725,10.173,18.789,47.591,42.761,20.08,10.948,96.553,18.478,21.203,,104.967,11.431
S74488,PLT01,C09,10.255,23.699,13.124,4.815,31.661,3.53,6.574,9.442,110.856,9.996,4.966,39.827,49.197,10.054,8.202,30.217,10.961,7.339,21.173,30.952,10.999,5.343,5.741,39.186,5.204,14.809,64.238,4.296,,5.402,54.21,33.982,32.068,14.795,27.127,24.127,43.485,23.232,,20.203
S58869,PLT03,F08,14.545,32.454,25.639,4.082,34.146,1.838,9.014,8.759,37.96,28.666,3.845,50.826,43.115,9.57,6.11,59.742,11.739,,28.607,31.291,4.508,3.626,3.962,44.05,4.478,12.513,44.231,4.634,3.377,26.055,40.07,46.848,26.108,18.472,53.862,,49.005,12.479,66.376,
S90553,PLT02,E06,4.95,18.407,11.853,4.237,13.748,5.826,7.612,9.21,28.133,89.467,22.942,19.242,,8.939,2.166,22.953,13.49,11.719,20.338,15.145,8.61,5.129,7.381,25.563,4.4,19.913,94.752,3.298,4.787,10.681,67.162,24.797,48.297,8.297,38.777,10.081,,,24.347,14.896
S94756,PLT03,G04,15.664,18.742,15.567,3.681,26.109,4.75,8.008,6.035,17.125,13.185,1.741,19.61,29.786,4.916,6.561,25.013,,7.723,,19.734,3.404,,7.629,21.17,,,40.349,4.347,5.505,7.644,82.898,31.748,33.25,9.877,41.702,11.198,41.122,13.578,26.035,20.629
S14113,PLT02,D05,8.536,22.335,7.546,3.504,20.456,2.359,20.587,12.071,26.147,63.145,5.912,15.882,62.057,,3.757,40.155,6.985,11.826,20.256,28.853,3.591,5.346,6.852,43.797,4.954,17.873,47.766,11.542,3.806,26.809,80.201,46.685,25.382,17.649,29.241,24.251,,,39.857,10.108
S23612,PLT03,A08,7.887,54.029,8.154,3.499,17.143,6.775,5.906,9.301,28.03,12.326,3.583,43.662,91.26,7.999,1.902,35.002,6.822,5.321,24.025,10.761,4.862,5.457,7.56,17.329,4.443,11.317,48.08,3.96,4.378,11.148,35.175,22.046,41.701,18.636,59.215,,24.916,11.021,27.142,12.442
S92350,PLT01,G07,10.639,24.932,15.025,4.082,30.244,2.755,5.672,10.203,65.399,11.852,4.305,36.426,102.42,3.878,3.112,57.651,24.103,14.629,15.329,32.22,2.53,7.077,6.133,73.337,4.316,23.539,30.053,3.745,3.616,17.337,74.748,50.943,45.268,12.916,29.637,15.55,62.154,19.001,31.801,19.903
S15363,PLT01,D10,11.098,19.567,20.066,3.956,57.74,6.12,9.684,,24.57,17.385,9.838,34.219,40.283,10.638,4.863,57.53,,4.843,19.003,15.649,3.058,3.198,8.273,33.838,4.572,19.594,47.819,4.627,4.183,14.745,53.391,33.335,13.896,21.044,44.826,9.166,61.591,11.436,24.428,19.723
S50239,PLT03,F06,15.127,13.042,9.781,5.571,14.959,6.053,7.242,10.962,17.502,36.987,,6.104,13.307,4.617,2.705,50.931,9.88,28.61,49.453,16.848,3.93,2.909,6.226,28.818,5.031,30.403,31.918,4.452,22.115,15.057,27.457,38.316,29.042,9.42,101.901,10.555,34.549,,49.449,22.838
S94355,PLT02,E02,11.848,28.64,10.932,9.296,96.763,3.694,8.963,15.875,9.4,45.228,10.182,,,5.62,6.597,31.196,14.744,5.723,11.389,,2.833,7.24,5.795,24.098,3.99,20.471,91.082,13.043,3.437,8.712,50.348,55.083,13.261,28.146,34.798,13.129,59.128,,42.589,14.169
S93719,PLT01,G06,9.398,51.324,44.13,3.935,25.935,4.339,7.962,5.16,30.744,37.052,2.303,27.702,66.936,10.996,,21.419,17.776,7.22,26.454,32.353,,7.027,4.022,31.542,4.876,15.327,,5.808,5.418,11.364,30.719,40.327,,20.281,,16.214,36.466,12.418,29.58,18.709
S30450,PLT02,F04,8.17,26.902,33.893,3.237,26.474,5.566,9.268,4.067,53.375,60.549,9.567,12.365,65.342,7.718,3.781,39.371,12.631,9.716,24.959,10.124,3.56,7.46,8.572,25.877,4.204,33.662,28.019,3.743,5.606,10.97,44.628,25.566,40.447,17.684,39.06,,24.022,15.353,97.922,21.16
S40402,PLT01,B03,12.092,19.38,25.088,4.368,14.267,6.28,3.821,4.935,48.006,10.767,4.324,14.908,70.832,8.612,3.547,47.482,14.94,13.683,19.323,13.622,4.862,12.403,6.517,26.709,3.485,8.723,53.665,,5.314,10.702,29.915,69.561,26.634,10.076,57.965,12.029,30.968,13.306,74.01,
S82910,PLT02,E03,8.143,34.798,15.042,4.222,49.847,4.377,4.114,7.064,12.684,77.738,10.373,10.099,21.38,7.499,3.701,16.938,9.68,6.05,35.354,13.98,2.782,10.078,8.915,48.471,4.386,18.335,31.278,3.363,6.664,5.495,46.119,20.735,28.104,21.164,35.363,10.086,20.367,,59.933,15.985
S73286,PLT02,F01,10.571,21.559,17.673,2.842,34.548,3.049,15.386,12.062,16.205,45.651,20.33,8.96,12.185,6.614,2.514,29.85,12.252,11.153,13.521,28.267,5.566,4.264,6.368,42.191,9.672,13.28,41.113,11.147,9.857,9.381,30.263,19.837,37.322,8.923,48.342,,45.441,,43.852,11.156
S10762,PLT03,F01,8.468,33.883,9.95,2.411,23.646,5.323,5.505,9.88,19.221,24.235,2.246,11.236,31.022,4.29,2.92,32.844,8.795,5.412,23.862,28.725,6.559,5.114,5.141,27.897,3.263,15.209,43.07,3.474,6.475,11.701,34.329,26.427,11.661,25.671,57.627,19.685,,13.842,29.35,10.967
S99881,PLT03,D08,7.721,30.137,11.555,5.356,33.278,2.443,7.842,11.899,21.781,10.316,,,,7.579,2.278,,7.648,6.072,25.304,19.433,2.972,2.694,,21.985,2.724,14.331,43.089,5.833,4.661,5.513,52.944,24.687,37.271,25.105,64.563,11.424,32.89,,70.277,13.175
S76523,PLT02,B07,15.295,24.491,14.184,5.531,33.889,3.256,10.956,6.169,39.234,120.876,12.976,9.392,24.745,4.585,6.797,66.579,7.988,12.817,14.977,29.054,3.897,3.693,16.774,18.236,7.512,10.334,33.91,4.631,5.44,7.023,24.058,58.793,,16.46,,,26.079,,31.283,31.738
S57955,PLT02,A08,13.223,45.123,19.759,4.375,30.558,6.321,4.701,14.098,,41.987,22.604,5.435,41.952,5.919,8.027,30.152,11.392,7.783,32.933,23.17,9.836,5.829,7.811,25.321,5.115,28.929,76.123,5.807,7.494,5.326,42.843,37.58,17.524,21.373,50.42,,22.19,30.601,51.252,19.052
S16937,PLT01,H08,11.831,23.812,10.465,3.967,42.419,3.898,5.029,11.334,41.696,17.776,2.645,23.903,33.243,6.224,2.848,17.881,15.248,11.109,14.954,24.439,7.163,3.418,4.586,21.581,4.335,20.349,26.318,6.56,4.125,14.342,,41.891,11.759,26.752,73.488,20.904,44.618,,53.677,11.374
S46008,PLT01,A06,15.894,26.893,38.707,8.805,48.559,3.022,6.985,7.335,38.831,10.478,5.159,16.808,96.521,8.196,3.23,15.452,10.354,15.07,30.238,17.269,7.35,9.144,10.986,28.352,4.615,25.418,40.262,4.57,4.869,9.426,70.905,36.3,21.897,12.038,38.103,12.308,,17.537,33.185,10.995
S47357,PLT02,E01,8.197,62.987,10.127,2.485,45.777,4.786,5.315,,29.922,62.909,23.096,31.471,18.873,4.784,7.852,24.002,21.061,21.61,28.892,16.491,7.107,3.839,7.261,33.555,3.391,9.824,38.617,3.982,6.715,8.533,31.082,43.508,16.367,13.595,56.491,,33.961,14.195,30.624,16.656
S85600,PLT01,E07,14.183,17.921,10.907,1.864,43.621,6.076,10.972,4.56,17.35,10.395,6.141,18.799,62.208,6.352,3.006,15.38,40.37,6.156,44.663,20.226,2.534,,13.395,,2.01,31.366,58.449,5.01,6.241,7.613,,73.011,22.215,16.208,90.774,14.897,38.008,13.497,,29.666
S77854,PLT03,F02,,19.804,12.829,6.725,,5.369,7.3,11.189,16.932,11.621,2.563,20.087,25.706,5.506,2.261,19.518,11.483,9.409,34.881,17.093,6.299,2.583,3.534,30.475,3.461,14.492,92.512,6.073,8.005,7.269,47.75,26.986,13.548,15.36,86.316,18.614,21.889,18.266,84.721,8.715
S78126,PLT02,G02,11.807,27.775,8.87,,33.415,,4.851,6.941,23.924,71.014,15.98,5.661,22.567,6.989,4.622,13.865,12.761,6.461,18.341,21.282,4.577,7.279,7.909,62.939,5.899,26.722,,5.282,4.982,17.334,29.412,29.965,16.28,10.951,64.862,10.821,,12.92,29.772,13.877
S92114,PLT02,B02,16.862,12.291,12.04,2.609,44.111,3.112,6.304,6.816,34.512,77.38,13.802,20.426,47.23,6.604,5.492,32.403,10.063,4.773,38.61,24.395,,6.601,3.084,32.939,7.129,10.888,48.27,5.516,4.288,6.118,44.138,44.815,21.81,15.031,51.167,27.516,,12.683,41.194,9.975
S91783,PLT02,F03,9.583,16.886,27.809,3.505,36.355,6.567,9.753,6.867,24.041,94.267,16.569,10.292,31.929,5.363,1.951,22.658,8.626,7.671,20.109,20.755,5.249,5.228,8.183,33.757,2.882,16.716,25.174,10.356,5.26,9.054,45.853,49.319,26.5,16.718,96.772,,49.995,23.938,90.103,7.635
S57065,PLT03,C06,14.308,32.698,22.28,3.674,35.258,6.59,7.15,5.572,25.388,,3.175,24.435,13.6,10.93,3.489,31.212,19.773,6.242,14.455,23.739,2.833,4.076,4.498,21.117,3.007,15.638,24.305,8.286,9.584,7.514,20.188,60.109,33.045,23.298,25.691,24.385,29.968,14.473,57.563,6.895
S94402,PLT01,H02,10.977,13.196,30.905,2.899,14.989,2.754,5.111,9.648,19.593,14.437,5.01,6.242,23.134,10.234,5.437,54.837,16.697,11.631,26.236,31.451,2.381,8.239,24.552,48.283,2.409,46.263,74.447,11.26,6.95,20.809,69.623,36.653,54.499,23.636,52.926,13.463,44.575,,46.2,32.691
S57619,PLT01,C03,7.97,20.5,11.058,,29.151,6.263,8.972,11.778,62.155,21.308,3.724,35.875,136.431,8.88,3.273,50.508,16.646,6.388,22.512,28.522,4.382,4.516,18.06,21.026,6.119,8.547,69.692,4.087,5.86,6.266,57.703,25.071,19.641,13.477,39.715,9.482,,,28.956,8.964
S22626,PLT02,D08,,24.473,9.31,4.564,18.07,3.886,5.691,6.639,15.358,24.04,14.411,21.838,40.747,17.334,2.888,34.871,22.926,12.436,24.137,27.827,,2.624,,29.591,2.932,15.159,40.199,7.203,3.19,12.387,32.041,53.92,12.44,,105.996,,41.328,12.568,45.084,18.362
S37493,PLT03,C09,12.151,16.012,13.574,7.616,19.446,13.402,8.291,4.821,72.804,10.056,1.683,55.847,115.192,5.131,4.118,24.059,16.227,13.411,12.171,11.85,10.413,2.603,4.334,21.813,3.143,23.287,20.662,8.447,8.202,5.327,,28.597,16.967,11.353,38.211,9.832,22.531,13.014,34.813,12.378
S90420,PLT01,A09,8.667,21.713,14.441,4.428,25.675,5.325,12.778,7.791,,22.732,5.351,7.083,28.576,4.75,4.274,28.401,9.292,6.176,23.348,14.556,5.215,4.228,16.058,32.358,3.808,9.598,43.528,4.885,10.49,7.907,54.164,39.895,10.645,11.61,57.575,9.706,26.339,,40.109,11.02
S48068,PLT03,G03,15.965,43.554,14.085,1.707,21.05,2.087,6.324,10.861,30.213,16.218,,14.948,49.483,3.304,4.097,30.768,11.189,7.593,62.809,11.505,2.697,2.861,6.698,27.936,3.365,15.995,34.103,8.351,,7.307,46.355,56.372,16.689,29.536,42.506,15.127,26.354,20.055,19.571,23.25
S20205,PLT01,E10,13.884,18.909,31.614,5.641,17.646,7.074,8.56,14.635,37.107,15.681,4.776,17.863,93.517,8.091,4.536,48.3,8.857,9.505,28.439,18.476,4.123,6.651,9.278,20.757,4.57,10.33,41.634,6.261,4.956,5.528,59.731,76.163,27.238,24.474,70.945,15.509,32.793,,29.364,20.346
S69065,PLT01,C06,8.075,,10.638,,22.653,5.233,8.861,8.151,82.456,10.175,9.836,20.781,68.702,6.622,4.577,25.311,7.542,3.798,26.644,12.491,,3.359,7.183,23.929,5.34,15.644,40.074,4.837,4.51,11.611,41.31,41.409,,15.857,57.483,,33.52,18.235,,13.519
S48198,PLT03,E06,10.392,25.798,13.514,,41.162,3.963,13.676,9.544,206.634,19.053,2.375,64.741,91.306,5.062,7.562,61.787,9.777,8.506,30.036,17.931,7.258,3.854,8.263,16.086,2.112,26.777,27.935,4.578,,8.529,54.304,23.157,20.039,9.773,54.864,,40.471,14.527,58.2,8.804
S20587,PLT02,A05,4.995,31.31,14.068,2.234,35.258,3.628,6.791,8.401,32.899,55.76,14.325,16.795,81.164,5.636,4.164,36.905,8.149,4.512,25.731,13.422,3.547,4.014,9.051,32.32,5.629,19.422,32.392,2.313,5.326,5.534,51.297,47.138,21.819,14.261,32.145,15.958,32.289,18.453,37.753,23.765
S16883,PLT01,C11,22.893,38.549,36.948,2.229,25.383,2.174,11.79,8.148,56.754,6.806,11.745,31.542,132.613,6.667,5.044,43.203,16.042,8.051,31.35,17.041,5.712,4.333,7.202,,1.839,11.013,51.904,6.048,12.646,19.989,38.879,18.466,27.135,14.008,33.127,10.853,33.263,18.662,33.196,27.039
S76541,PLT02,E04,10.384,24.133,15.338,2.194,31.066,2.809,4.945,6.811,21.9,135.639,21.529,5.469,33.123,4.387,,75.785,19.39,14.222,23.429,18.059,8.792,7.413,11.048,38.264,11.595,17.073,45.963,5.018,2.357,8.55,47.537,27.12,13.991,19.934,51.445,18.434,29.027,,41.252,14.783
S83983,PLT01,C01,16.513,41.191,33.44,4.403,28.054,3.862,6.082,6.058,105.613,26.955,8.485,46.66,137.702,4.993,4.491,42.343,11.357,11.733,15.829,10.462,4.393,7.366,8.005,21.071,8.727,15.501,63.582,5.56,3.266,12.915,29.1,35.968,22.339,12.473,54.528,17.929,24.183,18.162,60.048,8.571
S71046,PLT03,D06,10.045,21.743,15.582,2.197,21.537,4.761,10.796,8.068,10.161,33.305,2.574,4.983,16.815,8.942,2.553,24.857,13.679,5.244,20.325,32.357,7.38,5.159,12.453,26.106,3.099,52.615,51.594,7.765,,9.128,24.21,35.719,13.981,11.057,38.632,13.876,61.558,14.949,20.194,20.596
S42614,PLT03,F04,5.742,26.093,13.418,2.516,43.262,2.593,10.993,9.56,43.954,,4.173,37.093,43.853,6.808,6.368,,9.478,6.903,14.329,15.058,6.284,2.459,8.958,48.327,,20.947,,4.043,5.096,10.574,,51.255,17.46,12.763,31.404,11.287,,11.201,48.519,24.284
S57005,PLT03,C11,9.373,20.306,20.314,3.904,33.776,4.622,16.052,8.994,36.333,18.07,1.576,8.53,32.632,7.395,3.662,30.12,22.393,5.485,30.997,21.455,6.391,3.237,7.902,32.478,,13.142,125.88,7.63,4.087,8.566,25.113,54.651,21.912,9.776,47.964,,,18.312,38.041,18.359
S18513,PLT03,A11,6.767,24.271,21.86,3.862,37.935,7.245,11.089,8.642,33.243,13.537,2.757,24.319,17.962,9.867,2.889,38.748,9.774,11.473,20.748,25.04,6.829,3.403,9.463,26.327,3.568,13.327,55.058,4.756,4.298,8.637,,51.044,27.422,11.978,71.456,13.707,37.55,20.435,23.725,9.31
S34617,PLT02,H04,24.166,21.846,13.12,7.534,20.063,8.334,12.478,13.51,20.137,33.225,12.505,13.04,,5.678,3.746,39.608,24.812,13.089,25.899,17.463,4.214,6.624,7.851,21.189,2.762,11.63,43.915,3.16,3.67,12.29,63.365,30.191,,18.548,89.607,16.935,73.351,,20.894,15.938
S98154,PLT01,D03,8.513,26.759,10.243,2.392,22.429,3.045,6.188,8.273,24.161,,3.721,57.977,21.534,9.094,5.27,56.61,25.619,9.144,38.141,,4.175,,7.476,32.331,3.578,14.496,33.917,4.774,,7.743,45.809,60.078,21.067,42.278,71.063,11.527,37.727,27.488,33.57,36.539
S77384,PLT02,C11,17.739,28.798,,6.043,27.439,4.699,11.525,,25.248,57.132,13.171,32.225,28.339,5.23,8.907,16.332,11.548,6.035,23.198,12.459,9.633,11.179,5.055,,,17.091,21.64,7.815,,13.438,19.679,35.004,17.744,15.253,41.529,16.813,37.886,21.999,46.287,13.927
S78430,PLT03,A02,6.769,22.211,11.116,5.07,28.319,4.331,,,57.64,40.246,2.643,44.429,51.055,7.122,4.322,60.077,14.869,5.026,27.726,33.756,3.317,6.929,6.257,33.058,4.002,10.844,57.825,4.232,9.518,9.958,42.245,20.43,19.362,10.023,32.902,20.676,,11.304,31.002,24.529
S30047,PLT01,B09,14.617,35.381,28.335,,20.369,2.693,8.57,11.184,24.513,7.844,5.245,28.8,44.261,4.952,4.761,32.923,13.242,4.383,32.559,47.737,3.814,5.614,4.332,19.658,3.097,14.232,59.28,5.007,3.814,14.493,27.343,43.724,48.425,17.401,65.584,9.393,33.398,18.511,,16.056
S48835,PLT03,G05,6.026,25.32,,1.711,34.035,3.766,5.838,7.206,20.6,12.555,1.73,29.133,23.265,19.876,5.71,18.28,26.238,13.387,31.273,24.419,8.464,6.044,,27.335,4.5,,43.481,2.664,7.928,4.858,45.245,31.594,42.336,15.094,34.012,13.834,31.896,,28.666,34.835
S69644,PLT01,E01,11.018,27.549,11.074,4.585,31.75,6.375,6.948,9.51,68.858,8.77,9.159,25.213,40.641,7.272,3.387,30.584,19.902,5.389,31.244,15.694,4.788,5.591,8.358,43.955,3.14,20.616,30.419,13.586,4.824,7.732,26.075,22.26,18.678,10.714,,15.717,23.737,11.491,57.16,16.114
S22582,PLT01,G03,5.307,20.193,10.632,2.133,25.639,3.535,11.478,5.89,17.196,33.436,7.902,14.42,48.045,3.37,3.11,24.229,11.904,14.769,25.021,30.79,2.392,10.399,4.453,14.575,5.444,21.726,33.65,7.191,2.686,9.182,38.882,34.132,29.803,9.346,53.827,,37.5,44.51,38.562,20.182
S24161,PLT01,G11,17.267,25.69,10.938,2.948,30.175,5.312,3.944,8.292,26.085,,3.867,7.34,26.69,3.334,3.157,60.68,12.059,7.011,18.971,24.247,4.274,6.34,11.395,22.192,3.956,19.456,77.727,6.993,5.619,6.934,23.839,55.542,16.861,15.397,54.036,,,13.545,29.601,17.685
S63924,PLT02,C03,8.553,27.071,23.443,1.781,,5.489,4.877,24.102,22.459,62.997,8.234,6.868,15.934,7.447,7.73,21.038,12.834,5.82,28.214,12.334,3.085,7.206,12.888,25.364,4.133,37.256,32.517,5.35,4.425,8.978,22.607,53.231,15.445,21.254,44.068,9.861,83.762,,37.446,18.421
S27391,PLT03,G01,6.599,31.092,16.923,4.518,30.777,3.462,6.286,8.19,37.164,17.565,2.78,8.623,15.218,5.997,3.799,19.692,13.932,5.333,62.643,43.856,3.267,3.603,8.448,26.365,2.957,13.924,36.676,10.166,8.532,12.352,,46.191,38.434,10.403,37.395,13.821,22.93,18.96,43.911,11.642
S80671,PLT01,B01,11.331,40.326,7.672,2.591,26.106,,8.845,7.291,,12.589,9.847,7.255,,,4.398,,21.427,16.461,,46.785,3.411,8.727,9.58,23.426,6.114,12.595,89.677,3.849,11.086,10.021,41.793,19.955,15.808,,74.918,,,12.28,32.658,12.435
S66412,PLT01,F01,4.526,29.721,8.693,2.851,28.935,5.21,8.552,10.059,20.832,9.204,5.164,13.27,31.265,5.037,6.659,63.127,15.382,6.055,23.754,26.852,4.119,5.154,4.242,15.163,5.044,25.059,94.404,6.744,3.977,5.394,26.906,31.666,,16.743,54.679,9.306,34.108,15.228,19.342,16.751
S52083,PLT03,G02,14.576,18.658,12.88,2.104,,5.946,8.338,5.38,146.051,8.534,1.996,59.847,46.772,6.524,6.444,35.687,19.78,29.45,15.681,11.636,5.472,3.579,4.594,21.371,4.414,27.888,33.918,11.884,10.936,5.575,23.923,25.27,40.188,14.775,50.49,,,18.416,41.696,8.141
S74878,PLT01,A10,11.11,17.505,20.702,2.619,31.574,6.534,7.247,8.675,97.696,20.434,6.072,59.35,136.099,4.664,3.097,41.488,11.569,8.422,35.041,9.318,3.567,5.764,5.158,16.306,3.352,12.299,45.281,4.944,2.828,14.558,22.162,37.94,29.962,16.692,57.382,22.061,53.48,,41.751,16.172
S65059,PLT01,C08,6.059,27.359,9.947,3.31,23.035,7.815,7.636,6.691,37.064,24.857,4.378,4.996,12.766,4.44,2.934,40.836,17.307,4.438,65.262,9.78,3.719,7.816,10.984,43.786,2.75,16.545,25.846,5.203,3.69,14.721,67.83,54.844,20.727,11.001,62.088,13.329,25.885,24.206,28.594,13.566
S11531,PLT01,D07,10.178,51.634,7.718,2.885,27.391,6.907,,17.377,71.705,10.588,3.297,29.84,84.787,4.723,3.735,39.079,42.347,9.556,32.492,12.344,10.395,2.283,5.77,72.445,2.685,12.423,32.439,6.281,9.138,6.269,32.929,31.381,10.559,7.546,63.06,9.153,56.297,,26.183,15.005
S35865,PLT03,E01,7.133,30.659,18.205,2.703,25.165,4.163,4.112,11.285,57.929,10.701,3.869,36.079,104.264,7.48,2.175,24.545,7.825,8.289,27.634,13.277,4.463,5.171,27.839,21.347,6.209,13.578,23.177,4.237,8.065,11.916,38.739,25.395,37.788,11.648,41.613,11.434,34.478,17.575,89.269,9.126
S70078,PLT01,F02,7.324,30.373,,2.313,22.155,3.701,8.624,9.214,30.859,19.135,4.049,48.074,63.847,6.395,5.644,37.779,8.186,10.221,27.631,36.849,6.331,11.103,4.136,24.562,5.73,10.862,63.495,7.482,6.399,9.796,21.973,44.38,29.229,25.637,26.405,19.594,22.738,13.204,26.057,6.503
S61995,PLT03,B01,21.822,18.01,18.618,4.285,30.607,7.294,13.944,10.604,78.858,11.431,1.879,17.881,30.64,6.216,2.009,42.658,14.32,5.149,11.492,15.176,3.429,2.487,7.179,18.019,5.46,10.438,44.573,4.255,2.702,12.29,35.339,25.158,39.177,11.406,25.147,15.671,19.759,19.504,34.106,17.221
S61783,PLT03,G06,9.381,17.388,10.369,1.643,16.588,11.509,,4.379,16.003,33.047,1.669,,23.181,3.582,4.625,14.633,20.436,11.938,19.086,23.021,11.367,5.882,7.843,34.857,2.102,35.706,37.544,6.182,2.252,4.986,56.168,38.478,32.991,8.094,30.931,13.019,48.811,21.012,34.535,15.32
S62474,PLT02,A04,7.48,16.865,17.204,2.392,20.932,3.555,7.567,16.68,38.48,43.314,24.82,12.451,17.853,6.608,6.675,39.041,18.561,10.848,31.615,26.96,,6.406,4.986,18.427,3.298,12.606,24.146,5.064,5.099,17.261,40.846,44.363,12.056,35.405,49.298,,23.135,15.942,40.808,11.854
S73082,PLT01,F05,6.752,29.815,15.617,6.151,36.409,3.031,9.527,9.333,36.242,15.036,3.85,13.517,51.379,6.17,5.501,27.927,8.861,15.651,34.253,16.94,4.971,3.48,5.408,46.711,3.078,18.157,78.324,4.915,6.475,11.241,86.177,21.706,48.642,21.182,54.77,9.022,,20.558,31.833,14.847
S13758,PLT03,E03,,30.791,21.62,4.964,40.109,5.11,9.589,5.231,43.479,8.535,1.96,17.618,36.55,10.315,3.322,43.997,8.377,6.35,,,5.362,4.808,11.83,22.438,4.159,13.472,31.221,7.998,6.105,16.347,47.204,26.615,11.248,10.053,,,,15.972,22.058,18.203
S69346,PLT01,D04,14.547,18.828,7.768,8.128,,6.739,6.208,6.591,16.643,8.188,,7.628,16.431,3.437,3.134,37.103,32.474,4.51,34.29,27.585,4.14,7.109,3.742,56.347,2.366,11.623,73.455,4.092,6.47,6.078,47.287,32.88,19.753,13.523,72.559,20.231,25.14,,81.252,24.399
S30651,PLT02,G03,11.955,25.056,34.82,,20.973,3.892,8.759,6.316,24.355,63.895,18.85,20.827,30.537,4.19,4.836,19.657,8.529,14.349,27.077,41.222,6.265,4.656,5.863,71.174,3.501,18.701,52.111,2.674,4.629,10.754,52.644,96.844,16.549,,34.463,20.115,21.757,25.159,65.95,14.714
S10321,PLT03,E08,5.545,35.542,,4.603,14.689,6.326,10.183,9.924,29.576,,2.329,15.869,44.534,4.982,5.711,30.774,16.147,7.603,12.551,,5.011,5.029,7.431,73.671,4.192,17.801,37.816,4.107,5.13,21.767,54.547,,20.301,15.523,36.659,,26.44,18.885,39.498,11.141
S60265,PLT01,E09,12.931,18.133,10.151,7.101,20.047,2.108,6.599,4.899,26.265,20.961,4.288,31.715,66.876,6.198,3.48,58.56,13.224,12.027,,10.207,4.298,4.589,10.013,29.745,7.84,23.131,44.471,10.395,9.252,26.881,23.056,58.603,14.849,9.387,39.958,10.826,43.462,15.925,47.902,9.035
S69342,PLT03,B02,6.453,44.557,23.774,3.001,50.65,2.88,4.721,9.479,29.162,14.613,5.562,20.499,42.951,9.278,5.246,35.577,12.942,10.438,33.645,23.209,4.301,4.045,4.154,,4.324,26.77,61.812,3.399,3.808,19.643,52.683,,21.685,18.165,58.352,,,32.697,70.908,26.777
S97010,PLT01,E05,8.568,19.578,11.101,4.39,24.734,3.485,4.569,8.629,25.477,10.959,7.125,19.716,13.371,8.76,4.096,22.405,16.551,13.816,31.838,27.903,3.535,2.608,10.914,17.949,2.989,14.61,21.809,6.354,3.392,11.179,62.609,58.303,16.901,75.053,64.216,,35.641,12.552,,17.381
S69702,PLT02,G05,10.742,41.125,24.386,2.042,16.211,3.883,11.616,4.484,39.775,41.526,9.06,8.734,17.876,5.228,8.03,32.892,52.079,5.547,25.926,14.827,3.875,7.775,13.707,21.7,3.163,15.039,25.275,5.404,4.851,11.44,24.587,24.749,42.691,7.726,28.727,10.558,29.401,13.254,77.635,11.613
S45950,PLT03,B04,7.142,20.307,17.549,3.543,19.287,5.037,6.842,5.679,,23.689,2.304,7.464,13.918,9.584,5.108,24.883,11.104,6.058,17.146,14.224,2.554,4.387,4.614,26.41,3.213,24.391,61.998,11.777,2.975,5.276,59.429,51.232,26.321,22.395,75.27,15.491,20.967,16.067,41.512,11.487
S67690,PLT02,E10,13.838,25.067,10.815,4.074,21.437,8.536,4.407,8.701,32.363,35.083,16.301,15.038,70.723,5.509,9.384,38.5,6.993,8.018,21.203,23.132,7.364,4.292,5.814,30.637,3.637,11.862,35.371,5.001,5.933,9.098,52.076,19.762,41.317,8.899,52.831,,62.173,25.155,30.112,18.229
S67750,PLT02,A09,7.114,,11.07,11.301,44.793,2.943,4.181,,53.35,31.0,9.122,14.58,69.609,5.259,6.165,,14.459,10.137,15.29,21.622,4.222,4.147,5.491,21.446,2.667,25.314,33.617,,2.576,,55.627,26.455,24.454,22.261,36.631,11.317,,,60.098,21.016
S47186,PLT01,G10,,28.174,15.9,3.506,32.509,7.229,12.85,6.143,49.702,21.776,3.539,19.05,33.326,6.653,,27.201,17.422,5.008,12.959,15.198,2.731,3.013,5.963,41.685,3.449,25.61,44.062,4.037,4.463,9.248,70.011,52.479,31.677,31.483,35.107,12.409,24.184,,24.833,21.608
S98166,PLT03,B10,8.249,17.125,17.013,4.422,19.154,4.564,4.679,6.158,16.497,18.985,,12.577,24.232,12.225,3.33,29.001,17.002,17.517,36.278,22.998,7.145,4.069,3.218,26.462,4.633,10.42,52.143,5.161,6.265,11.985,70.506,31.886,36.641,20.31,33.937,10.256,,17.43,,10.152
S30941,PLT03,A05,7.268,33.491,15.575,2.427,36.42,2.759,8.895,5.621,15.731,11.071,2.081,13.581,24.516,6.283,2.311,14.646,19.927,10.191,25.686,12.229,4.453,4.556,8.031,23.892,3.582,25.528,61.057,4.142,9.979,5.327,25.535,28.306,14.572,8.633,67.778,23.938,21.544,16.417,34.947,18.888
S68225,PLT02,G07,4.47,26.452,8.676,4.178,39.562,4.578,16.731,9.285,18.963,54.123,9.699,9.322,26.13,4.617,4.537,19.816,11.005,7.039,18.411,17.893,8.405,3.66,7.429,35.408,8.151,16.943,37.105,8.403,6.123,7.248,33.254,43.734,31.859,14.024,35.337,19.83,,25.746,26.472,10.301
S70794,PLT01,H04,8.637,33.421,15.666,3.627,27.623,3.891,7.754,4.073,43.938,8.496,8.721,14.527,43.682,12.703,4.313,24.998,26.312,4.637,28.664,15.034,2.724,6.584,5.085,14.787,4.354,20.077,44.755,,6.78,5.408,31.013,29.164,,13.815,28.185,21.472,48.08,,46.76,8.517
S16388,PLT02,F02,16.917,,9.427,4.912,14.223,3.671,8.941,19.241,111.089,62.315,9.398,47.439,47.364,6.703,3.728,31.881,16.928,8.676,23.568,,4.631,3.549,7.244,44.078,3.251,32.112,71.333,5.163,5.929,11.319,31.52,84.14,18.924,16.562,139.467,21.292,,12.059,45.455,10.468
S59139,PLT02,B01,23.925,32.966,17.224,4.55,35.492,5.466,4.638,11.273,60.11,62.052,6.887,41.445,81.691,7.563,7.218,24.162,13.193,14.431,111.466,17.652,4.304,5.924,7.551,17.519,,13.147,39.591,8.549,6.085,12.469,64.95,39.745,23.948,12.148,31.578,8.982,41.146,12.005,28.468,8.714
S63112,PLT02,D04,5.007,31.064,8.035,6.424,20.062,4.218,8.727,6.858,50.089,28.589,5.7,22.497,45.082,3.379,4.11,34.55,11.247,9.19,42.698,31.173,2.944,2.926,6.849,25.376,4.417,34.355,45.106,10.418,3.566,9.849,92.035,37.592,20.44,17.432,43.368,12.144,,23.173,38.572,12.391
S31109,PLT03,G11,,21.741,21.212,2.101,35.312,3.718,8.281,6.276,179.894,,3.512,36.076,96.217,8.025,5.214,38.168,10.978,8.675,52.44,32.354,4.414,2.825,3.979,,2.5,20.943,21.172,4.686,5.567,8.606,35.571,65.574,11.677,21.325,90.398,18.675,,11.561,37.732,13.492
S66157,PLT02,C08,12.861,34.349,26.169,4.873,27.276,5.385,8.421,10.308,32.717,42.836,8.324,19.884,26.454,11.094,6.13,19.419,20.981,8.304,24.11,41.198,6.645,6.817,14.409,23.275,4.648,10.772,36.183,3.226,2.66,9.465,25.68,41.054,17.573,14.892,81.366,11.241,43.609,11.388,40.628,10.624
S92930,PLT01,H09,12.921,14.717,7.185,2.66,55.302,3.84,7.492,6.192,40.396,15.783,4.538,36.903,99.344,5.868,4.286,32.525,11.755,5.633,25.545,16.542,6.537,2.361,6.415,50.95,2.417,12.339,28.049,7.178,6.866,,46.596,42.122,15.859,13.019,77.301,14.803,38.469,16.6,34.735,
S39929,PLT01,A02,5.007,22.275,9.678,4.12,117.979,2.834,5.166,12.208,10.026,20.145,3.762,,15.779,,3.18,31.776,14.94,8.117,17.901,18.14,3.973,3.648,3.484,36.345,3.591,9.202,40.031,3.32,4.724,23.696,20.138,21.821,17.714,13.528,57.873,,37.704,12.349,49.343,14.554
S87046,PLT02,C04,16.076,44.112,10.166,4.897,21.348,3.859,9.005,6.789,54.321,30.423,13.137,55.004,104.567,8.949,2.232,28.75,12.489,16.985,22.13,12.884,6.744,,22.768,26.216,3.393,35.28,49.656,5.19,5.13,6.191,22.192,20.6,15.179,20.625,96.932,12.809,25.518,,42.515,39.579
S39189,PLT03,D03,5.061,15.031,31.426,4.093,26.56,1.813,,8.726,45.792,,1.554,15.27,11.923,5.54,7.67,16.098,8.316,6.203,21.036,15.323,3.788,2.656,4.194,16.808,3.401,28.138,,3.761,3.981,11.826,37.146,67.523,22.216,,24.841,11.445,33.189,,27.192,21.291
S81541,PLT02,H10,14.715,26.452,9.563,3.875,19.095,2.61,10.74,14.398,,64.091,21.931,6.0,18.293,7.729,3.143,64.066,10.963,16.301,26.393,18.358,4.112,6.904,10.42,42.687,3.58,16.725,48.087,7.007,7.962,10.057,38.649,44.498,28.142,12.071,52.779,,24.733,15.889,101.165,11.881
S87945,PLT03,B07,9.014,25.689,8.544,2.652,,2.678,10.662,4.267,34.499,19.706,,,33.916,17.579,8.875,21.212,15.954,6.899,17.304,30.895,5.517,,4.292,24.592,3.942,34.341,57.563,2.481,5.3,11.983,30.32,62.531,15.309,23.628,34.037,14.187,33.635,11.576,32.742,10.853
S40739,PLT03,B11,6.139,58.231,14.021,3.797,21.115,3.334,10.243,5.886,15.479,7.149,1.746,6.343,21.638,4.43,4.63,,17.884,5.04,24.378,25.901,7.779,7.646,15.59,28.199,3.843,,20.956,11.604,3.588,,58.982,,53.059,7.768,42.717,13.382,27.613,20.65,53.222,20.257
S26188,PLT03,G09,8.051,16.697,12.212,3.152,47.485,4.979,4.623,7.842,33.087,15.047,3.774,48.06,34.963,7.299,3.148,21.013,17.907,12.608,32.417,26.134,9.495,15.694,4.555,28.919,2.888,34.681,31.752,13.026,9.741,7.031,28.846,48.144,13.389,13.8,65.899,17.337,23.446,14.603,84.129,12.549
S37121,PLT02,H01,4.572,23.744,18.22,4.51,14.747,,6.233,3.999,26.759,38.777,15.468,8.668,19.412,9.74,6.983,17.164,10.234,4.563,14.75,14.34,6.464,6.116,4.241,22.96,3.333,11.277,41.091,8.123,3.9,9.504,75.723,37.317,31.856,12.247,47.266,9.98,23.299,22.049,86.026,15.817
S32123,PLT03,E07,12.385,21.041,12.123,2.408,56.261,5.41,6.688,5.539,19.855,14.414,1.925,15.378,67.532,8.454,5.87,23.394,7.348,9.142,15.361,30.318,5.565,5.461,11.735,15.98,2.661,21.154,34.72,,,7.48,52.204,18.179,37.111,8.747,49.102,,33.986,17.69,41.826,7.688
S34184,PLT02,C07,18.416,54.761,19.249,2.751,19.423,3.038,4.611,9.064,12.51,36.354,15.876,31.539,47.575,13.773,3.701,27.484,8.055,5.709,25.867,14.356,4.744,4.468,11.41,19.713,5.863,15.537,30.681,6.847,5.582,12.367,57.125,48.502,14.908,8.248,57.977,28.408,33.634,23.459,24.979,18.607
S56698,PLT01,B08,8.168,14.513,13.783,2.741,53.311,,4.85,9.987,24.096,8.703,2.859,7.843,21.553,5.44,4.626,25.049,9.702,5.617,19.613,29.706,11.626,11.227,9.268,24.677,4.028,16.926,,8.667,4.527,14.338,107.626,32.805,30.996,10.217,44.234,11.479,,,20.996,12.843
S19064,PLT03,B06,8.223,26.08,,3.385,27.707,3.391,5.625,,53.624,12.78,2.705,16.765,15.808,8.805,6.214,13.587,10.432,5.055,16.581,21.223,4.574,8.007,7.356,26.29,6.277,23.02,57.158,,3.872,23.254,26.03,28.984,12.109,16.989,78.476,15.713,,14.788,51.46,
S55804,PLT03,G07,6.988,16.668,14.964,3.079,26.647,,7.719,5.881,14.894,9.334,3.026,6.758,24.619,9.17,,30.647,11.253,6.445,14.398,13.762,4.028,5.904,6.896,40.958,6.582,16.593,44.942,5.698,3.734,9.718,54.971,83.675,26.938,14.539,59.571,9.138,22.802,16.825,44.022,17.736
S15006,PLT01,E11,9.668,18.104,27.447,3.256,14.288,3.6,3.992,5.161,27.847,9.431,10.105,9.858,30.402,4.141,2.936,18.967,9.903,15.695,16.182,17.777,3.769,8.35,8.38,,5.686,20.757,44.333,,,8.762,20.717,54.139,16.713,16.57,75.884,9.752,36.073,17.058,39.292,11.226
S97847,PLT03,F10,23.393,28.126,14.453,2.106,47.678,5.968,5.295,15.2,80.218,10.585,3.453,59.443,60.669,11.195,9.788,18.494,12.792,7.498,34.775,10.837,6.814,10.65,3.552,23.15,3.896,12.648,61.438,5.342,2.665,11.511,53.575,25.548,12.976,10.432,71.481,,,26.504,42.768,22.483
S26136,PLT01,C07,22.264,25.602,9.242,2.636,21.478,2.623,4.655,9.107,12.651,26.534,4.964,24.346,92.005,3.522,5.025,28.22,,6.101,37.304,19.654,3.843,,11.2,27.861,4.071,20.173,47.164,6.833,3.593,7.927,107.7,37.064,31.719,23.558,25.286,10.873,,,22.44,20.954
S42193,PLT02,D07,7.351,13.489,8.26,4.899,30.203,3.775,17.489,7.541,66.165,90.574,14.619,14.06,91.101,,8.75,19.876,14.651,4.74,21.033,20.14,4.873,3.412,5.793,25.152,5.298,12.38,94.602,9.89,9.648,11.64,50.147,110.957,20.914,12.535,48.485,11.24,23.229,22.749,29.475,9.909
S26192,PLT03,F11,4.891,13.71,9.574,2.406,,3.233,4.647,4.607,18.911,16.505,1.821,16.877,28.817,3.789,3.461,31.617,10.701,7.865,24.386,27.805,5.17,6.991,9.664,19.256,3.231,14.654,44.301,4.239,5.534,9.365,35.604,22.524,24.711,17.959,53.904,17.341,27.325,13.587,29.786,7.888
S90768,PLT01,E06,,66.942,14.395,5.477,32.693,,9.116,14.09,14.125,11.085,4.329,15.464,53.543,4.716,5.292,40.701,11.547,11.292,11.142,27.372,4.19,3.382,9.358,33.295,5.783,31.474,66.429,4.684,3.433,20.435,41.651,45.019,15.513,12.261,51.341,9.746,36.246,,30.02,12.47
S16734,PLT02,A07,7.875,24.311,17.733,3.996,15.165,6.619,15.276,11.149,17.276,29.407,23.187,6.276,45.562,6.383,3.921,16.507,19.45,7.347,18.561,15.108,5.147,,10.551,28.545,3.303,23.156,49.084,8.933,11.663,21.074,35.555,36.762,37.572,33.663,70.235,14.32,22.298,20.271,46.425,19.274
S72348,PLT01,B10,,35.962,14.766,2.357,27.202,2.071,,4.949,73.592,6.775,4.735,70.077,109.071,3.389,6.486,,,5.919,24.572,21.59,,7.634,6.452,59.241,5.391,9.389,25.521,4.207,4.654,9.914,25.961,55.635,16.297,9.958,80.677,23.944,26.451,11.679,35.176,13.968
S19663,PLT01,D05,6.431,,8.57,,35.132,4.161,11.612,5.164,39.506,13.707,5.071,38.407,52.116,5.663,7.712,16.361,17.217,5.77,26.992,14.572,3.332,4.089,3.549,24.783,3.03,23.197,77.787,6.275,7.815,13.623,69.899,45.022,21.903,26.829,73.628,12.215,26.199,24.154,55.122,7.622
S80216,PLT03,A01,11.85,49.929,12.946,2.504,16.86,2.49,8.355,7.846,26.822,13.339,1.688,14.645,20.446,5.442,5.5,38.527,13.196,10.395,22.365,13.948,4.585,4.268,5.415,20.652,4.102,23.82,37.254,4.815,3.399,17.439,62.559,42.79,25.717,14.787,36.483,9.157,,11.024,52.176,18.768
S11963,PLT01,H03,10.08,25.468,15.182,3.494,31.3,3.212,19.449,13.388,24.955,13.899,5.907,9.573,16.387,5.588,4.743,21.901,8.419,6.679,16.864,14.523,5.581,5.188,7.832,17.603,4.152,16.286,46.854,4.021,6.282,8.491,63.331,26.951,16.838,,41.796,23.218,39.195,12.163,24.639,14.06
S56360,PLT02,D03,9.457,26.382,9.969,,24.813,3.331,7.979,8.707,15.679,109.541,8.659,13.35,101.906,5.661,,21.361,19.062,7.502,29.929,12.349,3.86,7.491,18.317,33.957,6.786,22.384,60.915,4.986,5.598,7.135,65.342,36.915,12.045,14.595,45.326,,35.583,15.694,33.562,7.956
S77255,PLT01,D01,9.045,19.062,9.387,2.929,48.58,7.341,6.698,12.99,65.754,15.102,2.412,22.384,79.852,8.881,9.824,45.94,6.092,9.876,29.581,,5.683,10.453,3.465,24.586,3.6,24.928,81.156,,2.832,8.065,30.563,35.033,28.943,28.427,27.297,13.308,,14.559,26.584,8.747
S21659,PLT02,H07,12.502,25.635,12.81,1.869,17.503,8.0,9.994,11.423,36.247,104.587,13.866,12.5,49.21,4.875,8.334,18.73,,6.211,11.223,13.375,6.161,5.17,11.355,41.794,3.007,15.421,55.855,4.214,4.741,12.643,55.686,42.168,12.157,11.275,49.298,13.755,37.214,10.739,30.109,21.097
S45765,PLT01,A08,7.923,30.516,17.242,2.501,25.476,7.998,7.411,16.21,18.553,18.826,3.19,6.313,15.831,3.158,3.469,30.401,11.96,9.757,19.083,11.906,4.451,5.681,13.368,14.692,3.43,17.884,45.931,4.214,6.681,10.62,30.047,37.454,12.059,11.499,49.118,30.095,,,20.117,12.017
S70102,PLT01,F08,14.167,28.95,10.401,4.711,32.609,6.384,6.437,22.405,28.192,28.549,7.732,10.689,15.964,9.455,4.357,19.807,13.673,8.242,18.876,18.814,4.583,7.182,10.192,34.373,4.829,48.087,48.584,4.606,3.667,12.303,30.863,20.33,21.736,19.306,59.596,12.489,19.75,,40.841,22.854
S84854,PLT03,H01,9.515,51.395,18.573,1.885,54.823,3.119,,7.414,,19.248,,6.238,21.927,9.538,7.292,35.176,16.259,13.564,30.531,17.042,4.344,5.602,5.124,21.064,3.988,,57.799,3.298,10.821,,66.33,55.405,20.704,29.225,,26.018,37.843,13.024,,19.718
S98867,PLT03,H02,6.52,36.762,13.522,2.068,20.629,2.592,8.629,6.437,42.056,10.006,2.559,9.636,41.64,4.828,5.717,13.912,9.746,19.888,13.615,27.399,3.417,3.431,5.958,25.614,2.487,17.102,68.547,4.136,2.316,11.877,37.536,44.937,17.031,11.292,78.801,16.716,42.089,,67.977,15.421
S56427,PLT02,G04,8.938,,18.28,4.912,30.484,3.883,,6.555,22.351,30.279,11.416,7.74,22.752,5.467,3.47,52.663,14.231,7.267,31.759,36.247,8.685,5.887,7.882,19.669,4.106,18.761,58.545,4.738,4.617,22.622,43.187,60.829,49.35,17.204,53.61,,47.21,19.472,70.712,14.108
S22255,PLT02,A10,8.394,23.559,11.673,3.48,33.396,7.566,10.546,5.862,103.637,23.658,13.042,38.092,48.663,,2.505,45.683,13.374,9.108,13.563,29.177,4.203,11.661,11.092,25.268,4.547,13.698,46.337,2.78,5.26,5.285,25.589,25.477,16.51,19.257,72.171,11.082,28.353,18.235,36.588,13.941
S22546,PLT02,C01,12.474,47.865,8.683,3.114,40.924,4.268,4.447,16.329,28.315,40.76,19.219,21.828,40.514,4.403,4.203,31.47,14.334,6.495,13.664,32.014,5.667,3.987,7.862,35.364,4.178,18.556,41.482,5.719,6.369,15.662,33.773,41.063,27.632,20.128,39.623,,41.707,21.006,32.005,10.304
S60601,PLT02,B06,5.212,43.343,38.704,5.012,32.07,5.384,7.075,13.154,48.401,31.157,11.331,27.886,93.038,6.13,3.178,46.971,13.4,12.66,18.401,,5.196,10.199,4.188,17.509,6.604,23.513,36.698,,6.407,8.811,22.707,27.55,43.352,10.681,60.301,11.136,19.733,11.529,41.876,19.113
S29946,PLT01,G04,5.885,18.518,7.179,1.798,32.359,5.039,5.95,9.55,47.069,,3.399,15.569,103.558,4.4,2.768,18.34,7.091,3.781,31.866,15.514,5.358,5.033,7.672,43.402,,16.607,47.432,14.503,3.846,27.058,41.607,17.67,16.17,,48.347,16.342,22.357,17.649,24.369,17.598
S74181,PLT02,A03,19.296,28.072,13.958,3.24,30.241,4.264,8.836,8.562,17.339,67.577,13.101,29.821,66.616,5.893,6.589,49.84,17.748,7.602,24.005,34.069,5.295,8.372,,33.522,8.289,10.287,20.947,2.836,6.983,8.278,27.44,47.692,27.863,22.206,,9.316,38.629,,21.307,11.883
S74431,PLT03,A04,4.68,37.181,10.791,2.721,51.184,1.984,8.728,5.134,,11.801,4.339,5.28,,3.989,6.363,20.816,12.08,,25.118,13.546,4.172,2.96,13.387,30.695,4.28,31.362,24.511,10.482,9.319,13.912,47.118,24.22,16.142,14.503,58.533,18.026,30.707,16.394,28.024,10.225
S89649,PLT02,D09,6.898,23.585,,2.336,24.013,2.657,4.429,15.155,57.0,44.704,10.533,10.292,17.871,7.733,4.177,,9.194,16.123,22.511,37.41,4.885,3.771,4.013,,5.59,9.227,47.405,4.465,8.75,7.485,70.85,30.896,15.575,14.009,,12.682,29.267,34.512,51.466,16.978
S75921,PLT01,F06,11.803,38.08,14.78,2.941,40.493,3.653,6.289,7.694,25.034,13.054,7.742,21.044,58.951,,2.697,22.022,19.571,7.102,19.622,19.385,2.907,4.111,15.307,22.265,2.889,19.665,41.156,4.262,4.155,14.462,25.096,22.132,12.319,22.077,51.292,18.454,,,38.947,16.465
S33544,PLT03,B05,8.674,14.542,13.688,3.648,37.48,4.844,,14.416,22.504,12.343,3.569,24.067,35.748,5.1,4.781,20.107,15.598,9.056,59.608,40.461,3.822,2.579,14.414,45.077,3.689,17.321,54.038,4.98,5.654,12.244,34.213,39.59,27.027,12.096,54.748,12.128,,15.486,42.763,12.195
S30940,PLT01,A03,8.988,29.146,13.056,5.194,42.911,7.195,9.104,7.46,64.132,14.373,2.846,14.982,55.837,8.553,5.494,45.057,6.765,7.546,26.603,20.127,9.524,7.95,7.852,24.724,3.932,13.054,47.913,4.347,7.395,11.527,49.419,40.677,41.065,19.435,67.577,9.479,20.734,12.541,78.07,20.565
S55327,PLT01,G01,13.693,25.316,9.291,2.844,43.205,6.849,7.009,12.495,35.651,7.253,4.48,6.846,49.611,3.52,3.804,30.252,9.073,15.072,30.592,15.097,6.411,3.695,10.676,25.209,4.508,16.081,45.62,4.56,3.657,5.709,78.691,40.395,46.795,20.413,34.678,10.928,,21.434,71.769,12.923
S76885,PLT02,F08,5.202,14.147,25.487,6.392,23.884,3.366,3.997,8.046,16.481,28.61,9.72,13.418,19.345,7.081,5.059,18.503,21.462,4.766,45.299,15.868,3.687,3.188,8.216,36.667,3.05,12.732,49.422,6.161,11.722,15.133,28.902,49.568,37.168,22.778,34.867,10.181,,26.13,24.319,19.59
S82124,PLT03,D10,23.027,15.744,15.503,4.913,43.673,5.103,9.997,7.547,33.656,24.286,3.032,12.155,48.807,7.521,,18.84,10.188,6.702,12.739,18.648,3.344,4.62,14.171,37.011,2.207,21.067,28.302,11.679,5.821,17.777,86.38,31.636,21.506,8.836,69.744,,27.206,15.893,48.465,14.494
S44383,PLT01,H05,5.258,28.143,11.308,4.774,21.143,6.097,5.95,8.091,16.98,20.574,7.76,,,5.008,11.067,46.514,12.434,7.811,25.1,28.396,2.617,3.202,8.175,21.077,9.241,15.98,40.475,4.283,4.791,,42.786,33.132,21.043,18.13,44.742,13.488,29.398,,58.099,9.29
S90528,PLT01,C05,21.026,26.009,13.124,2.665,27.293,4.797,8.172,4.053,27.462,19.411,2.851,12.752,32.529,13.849,8.838,32.752,13.909,,25.968,12.258,4.884,10.534,9.517,53.114,3.902,,59.185,6.878,6.328,9.828,45.142,76.254,19.652,10.886,47.754,,28.442,22.925,56.239,11.411
S89708,PLT02,E11,23.955,19.714,11.049,4.778,24.037,8.732,7.275,10.432,18.965,47.638,11.417,12.1,21.89,6.938,2.305,46.995,17.405,11.841,24.209,23.327,6.847,5.479,5.588,36.448,5.383,17.604,30.076,9.124,4.261,5.4,28.109,,13.505,20.074,33.678,29.626,22.691,11.2,61.662,10.74
S41494,PLT02,H03,8.065,17.252,,9.603,21.202,5.153,19.734,9.001,18.396,51.447,14.002,16.27,23.185,8.07,7.159,49.302,18.155,,15.312,24.203,2.758,9.621,7.705,21.175,5.206,19.434,60.456,7.619,5.102,,29.948,63.327,20.706,10.07,62.611,,29.348,11.756,41.158,18.574
S66966,PLT02,A06,11.347,59.733,17.553,4.849,21.336,4.568,8.365,5.193,49.7,33.099,14.558,15.69,31.384,7.937,7.642,33.719,7.885,5.863,17.756,37.852,5.22,6.139,10.374,55.622,9.72,15.314,66.101,7.179,5.859,10.894,30.387,58.449,27.46,28.799,61.927,,27.289,16.274,28.407,10.855
S75205,PLT02,H08,12.985,31.973,28.276,1.833,23.662,3.187,7.384,5.11,56.188,58.022,6.284,18.308,111.226,9.991,3.525,33.357,15.939,8.59,32.198,21.103,8.841,7.685,4.108,43.136,3.4,25.561,55.243,5.204,6.397,10.096,,45.026,25.568,27.128,31.442,,29.051,16.269,38.453,15.71
S76588,PLT02,F06,9.607,24.158,9.35,7.517,46.432,2.541,9.91,8.324,39.057,49.101,18.095,,48.994,6.757,3.451,42.451,8.841,5.684,12.417,28.415,2.596,3.875,7.855,16.104,3.106,41.026,44.736,4.98,5.124,6.474,29.094,146.849,35.477,30.699,36.821,10.407,30.722,,35.808,26.228
S58491,PLT03,E05,5.939,,18.967,3.884,35.494,4.282,4.618,5.067,22.958,7.85,1.638,21.759,40.993,,6.045,18.371,18.865,6.385,50.606,42.647,6.464,4.574,8.807,37.179,4.191,13.943,52.789,3.164,11.456,9.615,49.603,37.801,16.403,14.092,36.659,11.348,,12.606,27.5,7.109
S64946,PLT02,H02,,24.539,8.892,3.852,22.905,2.231,10.345,5.564,37.724,30.862,3.909,10.514,71.036,4.012,5.001,41.579,10.377,17.807,31.266,15.676,2.961,4.915,5.341,43.634,9.089,16.793,36.442,4.451,6.578,26.251,19.824,55.271,31.43,37.962,148.94,,29.132,,19.981,9.661
S21401,PLT02,C10,10.858,,36.078,4.259,29.337,3.019,5.732,7.611,23.883,94.907,11.707,,32.877,8.097,8.11,24.749,10.821,8.838,17.478,33.355,8.215,,6.911,57.535,5.289,19.66,95.854,6.076,5.486,19.172,45.595,44.568,39.483,20.223,58.887,22.068,47.597,16.135,56.979,24.434
S18357,PLT02,F07,20.126,23.215,8.774,4.313,34.039,3.112,7.812,13.291,23.646,52.927,12.16,7.466,27.088,7.037,5.942,22.776,23.397,8.052,17.313,31.855,7.284,5.38,,32.29,6.997,24.461,37.943,3.064,4.329,8.215,55.908,32.606,34.701,15.797,58.629,11.139,29.026,14.348,62.192,8.539
S26913,PLT02,E07,14.693,38.001,,5.089,32.679,1.74,16.742,7.272,,82.704,20.196,8.817,23.802,9.49,2.96,15.572,6.796,10.665,15.687,19.0,4.561,2.51,19.529,24.77,3.961,17.162,52.551,9.991,6.059,9.298,33.307,28.063,22.994,9.359,37.102,21.425,22.108,16.99,47.425,40.95
S47084,PLT02,H05,8.554,38.878,12.142,4.352,28.277,4.709,3.861,7.226,21.24,25.043,6.244,11.729,12.377,7.936,6.032,71.077,18.603,7.501,24.054,14.969,4.917,6.139,6.765,32.814,2.397,22.498,58.929,6.554,4.904,8.482,42.416,58.773,41.516,24.883,73.225,11.204,,23.216,24.902,15.155
S10974,PLT02,B09,14.893,41.001,26.257,7.309,32.541,3.698,9.523,8.582,23.619,15.044,13.231,7.969,15.101,3.607,,27.201,22.855,9.257,17.235,29.521,5.132,12.645,13.437,53.211,2.378,25.045,39.179,9.523,8.124,6.768,,19.124,16.327,10.936,44.409,,38.961,15.109,22.776,13.957
S24929,PLT03,C05,15.0,24.207,20.075,3.33,55.383,3.923,6.439,6.986,34.409,15.83,2.681,8.032,15.681,13.103,3.861,27.034,11.447,11.883,27.596,10.139,3.173,5.659,5.899,17.127,2.815,28.959,54.812,6.338,6.964,13.722,77.431,59.979,28.242,,54.186,,26.44,13.559,42.805,11.121
S37874,PLT02,F05,9.102,25.05,20.51,5.168,31.286,4.651,22.003,12.833,86.906,33.139,12.691,39.97,75.818,9.285,6.232,24.652,29.105,17.888,57.86,55.87,5.906,,6.921,15.945,4.243,11.182,25.126,9.263,5.66,10.319,24.25,,20.445,20.502,37.656,13.809,38.302,11.293,25.719,12.374
S55883,PLT01,B11,7.748,23.959,17.368,2.274,34.124,1.805,,5.766,50.924,10.049,6.085,13.117,33.033,4.391,4.934,27.596,13.688,8.459,15.892,24.932,4.339,4.732,16.25,16.486,2.646,24.393,29.259,3.621,4.71,10.143,31.152,,29.006,17.518,49.591,14.494,24.501,11.531,37.837,10.239
S39802,PLT01,A01,7.614,25.41,13.214,2.225,46.165,2.087,11.131,,54.334,13.267,4.499,24.108,59.315,10.124,2.73,27.121,7.993,20.163,25.977,29.163,3.236,6.397,6.801,32.808,2.265,50.452,63.437,3.005,4.872,6.269,45.928,30.48,18.104,12.92,33.854,,52.036,,29.72,14.045
S25749,PLT03,C03,10.372,22.364,8.225,2.408,30.665,4.442,4.061,8.243,19.492,11.998,1.612,10.657,26.19,4.61,4.545,14.162,11.025,10.225,27.106,29.305,4.851,,13.001,26.057,3.488,21.2,62.527,7.932,4.446,9.131,37.921,26.731,18.047,7.659,57.361,19.662,,12.338,36.124,
S42150,PLT03,A09,6.551,18.614,11.43,2.349,21.164,,9.182,8.752,35.556,13.408,4.333,6.746,41.457,9.241,2.454,35.993,12.212,18.294,,21.629,5.011,2.627,4.481,30.072,3.839,23.993,30.737,,5.954,5.509,35.905,25.645,26.682,14.685,32.292,19.186,,24.539,23.999,22.367
S76702,PLT02,D11,8.012,41.659,11.226,4.046,47.769,4.149,14.467,12.272,14.803,64.933,12.162,5.744,12.928,6.161,2.143,19.32,9.176,10.364,63.712,28.641,5.413,5.352,10.449,31.274,3.832,,40.869,5.836,9.369,8.13,41.382,34.753,14.626,16.355,70.093,16.533,24.128,,24.783,10.115
S29263,PLT03,G08,10.752,30.404,13.224,4.191,23.168,2.311,5.341,9.062,15.601,19.75,,5.71,20.501,5.428,11.234,30.074,7.538,4.471,20.592,11.294,,6.035,5.489,46.207,4.642,10.645,93.327,4.192,4.719,5.781,55.957,,28.891,9.914,142.07,17.173,43.742,13.404,48.827,13.311
S88458,PLT02,F10,9.096,29.247,10.978,2.383,51.111,2.412,6.803,7.632,47.07,39.464,19.597,36.977,13.184,2.863,,32.931,18.805,8.12,40.05,28.27,4.752,5.838,5.59,16.921,1.987,18.343,47.411,3.527,7.937,9.065,60.938,68.127,57.703,40.197,69.369,19.42,20.428,18.304,55.068,
S54601,PLT02,B08,18.462,20.53,13.53,7.173,27.329,3.003,6.758,9.223,57.29,75.65,16.636,19.36,27.769,3.118,2.962,36.174,14.009,10.937,32.496,11.335,5.312,5.342,9.791,36.499,7.01,23.074,31.032,5.536,4.805,8.908,56.631,27.931,25.463,9.063,97.727,16.152,45.312,12.292,39.308,9.232
