sample_id,patient_id,site,draw_date,age,sex,stage,cancer_status
S33544,PT6214,B,2023-10-05,58,F,,non_cancer
S82336,PT2389,C,2024-05-18,41,M,,non_cancer
S30594,PT3446,C,2024-06-12,58,F,,non_cancer
S29263,PT3335,B,2023-10-04,40,M,II,cancer
S74488,PT5222,A,2023-03-26,75,F,IV,cancer
S91303,PT9452,A,2023-05-09,80,M,II,cancer
S74034,PT6967,B,2023-12-15,73,F,III,cancer
S27402,PT7591,C,2024-07-14,56,F,,non_cancer
S27391,PT6214,B,2024-02-03,58,F,,non_cancer
S77432,PT9058,A,2023-06-28,60,M,IV,cancer
S67690,PT3605,B,2023-07-07,70,M,IV,cancer
S58869,PT2335,B,2023-12-14,65,M,IV,cancer
S56591,PT6528,A,2023-03-19,56,M,IV,cancer
S30642,PT9589,A,2023-08-16,67,M,IV,cancer
S57971,PT7962,C,2024-07-29,57,M,,non_cancer
S37121,PT8715,B,2023-08-20,52,M,,non_cancer
S93401,PT1339,B,2023-07-06,61,F,III,cancer
S14959,PT6256,C,2024-06-30,59,M,,non_cancer
S57619,PT9070,A,2023-03-18,73,M,IV,cancer
S73082,PT2195,A,2023-05-04,61,M,I,cancer
S22000,PT7552,A,2023-03-29,40,M,,non_cancer
S16883,PT5511,A,2023-03-30,77,F,IV,cancer
S88174,PT7664,C,2024-04-02,55,F,,non_cancer
S47735,PT8542,B,2023-07-29,64,F,,non_cancer
S54795,PT6384,A,2023-06-10,44,M,,non_cancer
S56086,PT2966,B,2023-06-29,60,F,,non_cancer
S75205,PT7692,B,2023-09-10,82,F,II,cancer
S25882,PT2885,C,2024-04-05,50,M,,non_cancer
S16937,PT8802,A,2023-06-23,61,F,IV,cancer
S31590,PT6606,C,2024-04-26,57,M,,non_cancer
S97010,PT3585,A,2023-04-22,50,F,III,cancer
S30941,PT7742,B,2023-09-23,51,F,,non_cancer
S66024,PT8729,A,2023-03-05,72,M,II,cancer
S16388,PT7431,B,2023-07-12,60,M,IV,cancer
S60354,PT1219,C,2024-05-11,55,M,,non_cancer
S46094,PT2670,C,2024-02-14,52,F,,non_cancer
S40397,PT3801,A,2023-03-19,56,F,I,cancer
S57955,PT4486,A,2023-07-11,42,M,III,cancer
S69368,PT1306,C,2024-04-30,35,M,,non_cancer
S26913,PT6855,B,2023-07-01,50,M,,non_cancer
S10762,PT9572,B,2023-12-07,48,F,,non_cancer
S15012,PT8362,C,2024-03-08,69,M,,non_cancer
S53459,PT2137,C,2024-06-05,56,F,,non_cancer
S47112,PT1085,B,2023-11-22,67,M,,non_cancer
S69702,PT1066,B,2023-08-04,49,M,,non_cancer
S37874,PT2756,B,2023-07-16,83,M,,non_cancer
S31839,PT3691,C,2024-04-23,41,F,,non_cancer
S81906,PT1538,A,2023-08-13,59,M,IV,cancer
S35272,PT8897,B,2023-11-21,44,M,,non_cancer
S57065,PT1369,B,2023-10-28,59,M,IV,cancer
S61783,PT8934,B,2023-11-09,42,F,,non_cancer
S70078,PT3231,A,2023-05-01,65,F,III,cancer
S81407,PT8426,C,2024-02-20,42,F,,non_cancer
S29173,PT3095,C,2024-03-30,58,M,,non_cancer
S42150,PT6956,B,2023-09-30,62,M,,non_cancer
S73606,PT4531,C,2024-04-05,60,F,,non_cancer
S87286,PT3638,C,2024-03-07,62,F,,non_cancer
S90420,PT6753,A,2023-02-17,57,F,,non_cancer
S63112,PT1291,B,2023-06-01,75,M,,non_cancer
S26188,PT4939,B,2023-09-10,67,F,,non_cancer
S82124,PT2447,B,2023-10-27,56,F,I,cancer
S44383,PT7212,A,2023-06-15,35,F,,non_cancer
S27741,PT5168,B,2023-09-25,62,M,,non_cancer
S12784,PT7080,A,2023-03-31,67,M,,non_cancer
S93719,PT1461,A,2023-06-04,67,M,IV,cancer
S86937,PT2464,A,2023-06-08,58,F,IV,cancer
S56475,PT6573,C,2024-02-11,51,M,IV,cancer
S48835,PT7542,B,2023-06-17,64,F,,non_cancer
S69717,PT7742,B,2024-02-17,51,F,,non_cancer
S39802,PT6816,A,2023-02-03,69,F,,non_cancer
S95578,PT6191,C,2024-04-11,71,F,,non_cancer
S88366,PT4350,C,2024-01-28,64,M,,non_cancer
S52081,PT4408,C,2024-01-16,69,F,,non_cancer
S68225,PT8552,B,2023-08-07,44,F,,non_cancer
S71885,PT5379,A,2023-06-01,71,F,III,cancer
S40304,PT1301,C,2024-02-21,44,F,I,cancer
S50239,PT6546,B,2023-12-12,44,F,IV,cancer
S47357,PT6655,B,2023-06-23,58,F,,non_cancer
S73286,PT5340,B,2023-07-08,45,M,,non_cancer
S68731,PT1429,C,2024-02-17,51,M,,non_cancer
S80382,PT8004,A,2023-06-06,62,F,,non_cancer
S96317,PT9867,C,2024-07-28,68,F,,non_cancer
S28304,PT6443,B,2023-11-03,72,M,II,cancer
S82910,PT7054,B,2023-06-26,47,F,,non_cancer
S22546,PT8119,A,2023-08-11,55,M,,non_cancer
S39189,PT5585,B,2023-11-02,51,F,,non_cancer
S63924,PT8478,A,2023-08-14,43,F,IV,cancer
S74480,PT2642,C,2024-07-30,60,M,,non_cancer
S59139,PT7573,A,2023-07-16,64,F,IV,cancer
S40402,PT3209,A,2023-02-23,65,M,IV,cancer
S15874,PT1130,B,2023-08-15,51,F,IV,cancer
S28856,PT2388,B,2023-10-18,72,M,II,cancer
S66966,PT2945,A,2023-07-10,68,M,II,cancer
S81473,PT3932,A,2023-06-17,74,M,III,cancer
S48198,PT7235,B,2023-09-23,83,F,I,cancer
S91359,PT1256,C,2024-03-12,62,M,,non_cancer
S25372,PT8619,C,2024-06-14,53,M,,non_cancer
S74181,PT7717,A,2023-04-19,65,M,III,cancer
S20587,PT4515,A,2023-07-06,63,F,,non_cancer
S76702,PT8118,B,2023-06-21,48,F,,non_cancer
S82290,PT4511,A,2023-06-21,74,F,IV,cancer
S70531,PT8819,C,2024-05-02,50,M,,non_cancer
S48802,PT8780,C,2024-06-03,78,F,,non_cancer
S13372,PT3532,B,2023-12-12,64,F,IV,cancer
S15363,PT3397,A,2023-04-14,70,M,III,cancer
S77854,PT1413,B,2023-12-08,50,M,,non_cancer
S70102,PT1966,A,2023-05-11,50,M,III,cancer
S77373,PT7895,B,2023-10-31,38,F,,non_cancer
S79270,PT7154,C,2024-05-28,56,M,III,cancer
S75921,PT8977,A,2023-05-04,67,F,,non_cancer
S83332,PT2639,B,2023-06-09,49,M,,non_cancer
S47117,PT6710,B,2023-10-28,80,F,II,cancer
S14483,PT1422,A,2023-02-11,53,F,I,cancer
S78430,PT1440,B,2023-09-15,77,F,,non_cancer
S15006,PT8021,A,2023-04-29,56,M,II,cancer
S25749,PT7904,B,2023-10-22,50,M,,non_cancer
S99881,PT2606,B,2023-11-12,40,F,,non_cancer
S31029,PT4077,B,2023-10-21,51,M,,non_cancer
S39929,PT7173,A,2023-02-04,40,F,,non_cancer
S98867,PT3856,B,2023-10-04,61,F,I,cancer
S54601,PT2324,A,2023-08-05,57,M,III,cancer
S55203,PT7216,C,2024-06-17,57,M,I,cancer
S79740,PT3954,C,2024-07-09,55,F,,non_cancer
S31109,PT2756,B,2023-11-12,83,M,,non_cancer
S18357,PT7272,B,2023-07-17,48,F,,non_cancer
S91783,PT9338,B,2023-07-14,53,M,,non_cancer
S10321,PT2943,B,2023-11-25,59,F,,non_cancer
S12653,PT3875,C,2024-04-12,62,F,III,cancer
S55327,PT3765,A,2023-05-13,53,F,III,cancer
S84854,PT9572,B,2024-03-20,48,F,,non_cancer
S23650,PT4622,A,2023-03-04,71,F,III,cancer
S99522,PT4559,B,2023-07-02,51,M,,non_cancer
S20347,PT6724,C,2024-01-30,66,F,,non_cancer
S90768,PT9695,A,2023-04-22,61,F,,non_cancer
S73398,PT6590,B,2023-09-19,54,M,,non_cancer
S77384,PT5530,A,2023-02-22,58,F,,non_cancer
S96858,PT1587,C,2024-03-30,65,M,,non_cancer
S73318,PT6660,C,2024-04-04,48,M,,non_cancer
S81539,PT1712,A,2023-03-02,70,F,III,cancer
S28395,PT1749,C,2024-01-25,51,F,,non_cancer
S33652,PT9052,C,2024-04-04,50,F,,non_cancer
S70574,PT9076,C,2024-07-29,50,F,IV,cancer
S98154,PT1839,A,2023-04-01,69,F,III,cancer
S46691,PT7717,A,2023-07-29,65,M,III,cancer
S69910,PT8745,A,2023-05-12,49,M,,non_cancer
S93564,PT1868,C,2024-04-18,67,M,,non_cancer
S17892,PT6169,A,2023-07-21,44,M,,non_cancer
S34184,PT2627,A,2023-04-09,55,F,IV,cancer
S63520,PT6775,C,2024-01-18,52,F,,non_cancer
S35676,PT8003,B,2023-09-14,78,M,III,cancer
S60265,PT1259,A,2023-04-23,62,F,,non_cancer
S19064,PT1968,B,2023-10-05,66,F,,non_cancer
S34011,PT1496,C,2024-04-02,76,M,IV,cancer
S18513,PT8320,B,2023-10-01,62,F,III,cancer
S80941,PT2389,C,2024-08-17,41,M,,non_cancer
S80885,PT7575,A,2023-02-19,55,F,,non_cancer
S66556,PT8619,C,2024-09-28,53,M,,non_cancer
S48068,PT2966,B,2023-10-05,60,F,,non_cancer
S42896,PT5701,C,2024-04-12,72,M,,non_cancer
S33374,PT4018,C,2024-07-24,63,F,,non_cancer
S58504,PT2627,A,2023-07-12,55,F,IV,cancer
S27822,PT6861,C,2024-05-27,86,F,IV,cancer
S11433,PT1129,A,2023-04-20,78,F,III,cancer
S93049,PT1219,C,2024-09-27,55,M,,non_cancer
S56698,PT7340,A,2023-03-05,51,M,,non_cancer
S19672,PT9035,C,2024-05-03,71,M,,non_cancer
S15322,PT2854,C,2024-01-20,75,M,IV,cancer
S14626,PT1461,A,2023-10-18,67,M,IV,cancer
S98166,PT9519,B,2023-10-16,55,M,I,cancer
S51353,PT6822,A,2023-05-03,54,M,III,cancer
S22255,PT5379,A,2023-10-24,71,F,III,cancer
S47186,PT9853,A,2023-06-09,58,F,I,cancer
S57305,PT6337,A,2023-08-16,69,F,III,cancer
S94881,PT3856,B,2024-01-23,61,F,I,cancer
S37493,PT5318,B,2023-10-31,76,F,III,cancer
S67750,PT1912,A,2023-07-14,72,F,,non_cancer
S58246,PT4537,A,2023-02-12,61,M,II,cancer
S71396,PT4360,B,2023-11-10,47,F,,non_cancer
S19716,PT4350,C,2024-06-02,64,M,,non_cancer
S87046,PT8910,A,2023-08-15,78,M,III,cancer
S47376,PT6999,A,2023-07-22,60,M,,non_cancer
S90842,PT4588,A,2023-05-01,48,F,,non_cancer
S21401,PT3410,A,2023-06-13,44,M,III,cancer
S95753,PT1067,C,2024-01-15,48,F,,non_cancer
S64946,PT6540,B,2023-08-26,69,M,,non_cancer
S83567,PT7680,C,2024-04-29,58,M,,non_cancer
S14423,PT1539,C,2024-05-13,51,F,,non_cancer
S74431,PT3138,B,2023-09-22,45,M,,non_cancer
S92350,PT2644,A,2023-06-04,71,F,IV,cancer
S42614,PT9569,B,2023-12-09,67,F,,non_cancer
S96216,PT6489,B,2023-10-31,56,F,IV,cancer
S94402,PT3410,A,2023-10-03,44,M,III,cancer
S37801,PT3863,A,2023-05-11,49,M,,non_cancer
S64161,PT2885,C,2024-07-25,50,M,,non_cancer
S36486,PT6907,B,2023-11-16,40,F,III,cancer
S13758,PT1652,B,2023-11-21,67,F,,non_cancer
S35865,PT8470,B,2023-11-17,76,M,III,cancer
S74878,PT9196,A,2023-02-18,88,F,II,cancer
S77255,PT4093,A,2023-03-30,73,F,III,cancer
S47248,PT4622,A,2023-06-30,71,F,III,cancer
S22028,PT4695,C,2024-04-18,81,M,II,cancer
S42193,PT2479,B,2023-06-09,66,F,,non_cancer
S22582,PT4552,A,2023-05-19,56,M,,non_cancer
S35367,PT3573,B,2023-11-26,55,M,III,cancer
S14113,PT1833,B,2023-06-01,60,F,,non_cancer
S91148,PT5029,B,2023-11-01,55,M,III,cancer
S65213,PT9241,B,2023-06-18,47,F,IV,cancer
S27002,PT1116,A,2023-07-15,51,F,IV,cancer
S16560,PT9156,C,2024-05-12,78,F,III,cancer
S62065,PT7530,B,2023-08-12,65,F,,non_cancer
S76541,PT9212,B,2023-06-27,58,M,,non_cancer
S26192,PT4534,B,2023-11-22,65,M,,non_cancer
S41692,PT9997,A,2023-04-04,62,M,IV,cancer
S47496,PT7079,A,2023-05-15,73,F,,non_cancer
S21806,PT4346,C,2024-07-10,59,M,IV,cancer
S24929,PT2447,B,2024-02-23,56,F,I,cancer
S26136,PT1741,A,2023-03-22,68,M,II,cancer
S66602,PT7235,B,2023-12-24,83,F,I,cancer
S89708,PT7852,B,2023-07-07,48,M,III,cancer
S17381,PT4418,C,2024-01-16,69,M,,non_cancer
S52083,PT5318,B,2024-02-01,76,F,III,cancer
S98603,PT8058,C,2024-06-19,49,F,,non_cancer
S46605,PT4681,C,2024-06-24,61,F,,non_cancer
S32739,PT2112,C,2024-02-12,71,F,,non_cancer
S12449,PT5600,C,2024-01-17,64,M,,non_cancer
S69346,PT8212,A,2023-04-03,53,F,,non_cancer
S23815,PT3954,C,2024-12-01,55,F,,non_cancer
S41494,PT5798,B,2023-08-27,56,F,,non_cancer
S42815,PT4346,C,2024-11-12,59,M,IV,cancer
S40739,PT2639,B,2023-11-05,49,M,,non_cancer
S41367,PT1871,C,2024-05-22,37,F,,non_cancer
S90528,PT3801,A,2023-08-04,56,F,I,cancer
S45208,PT4429,A,2023-07-22,59,M,III,cancer
S66171,PT5121,B,2023-08-05,54,F,,non_cancer
S11531,PT4569,A,2023-04-04,76,M,III,cancer
S80671,PT6699,A,2023-02-22,35,F,,non_cancer
S30940,PT6536,A,2023-02-07,62,F,III,cancer
S45765,PT8324,A,2023-02-14,41,M,IV,cancer
S43109,PT4539,C,2024-06-24,46,F,,non_cancer
S85572,PT3975,C,2024-06-22,61,M,,non_cancer
S11549,PT5530,A,2023-06-21,58,F,,non_cancer
S89649,PT7542,B,2023-09-24,64,F,,non_cancer
S94936,PT3255,C,2024-05-26,51,M,III,cancer
S72348,PT5455,A,2023-03-07,76,F,I,cancer
S78126,PT6124,B,2023-07-30,46,F,,non_cancer
S76588,PT3781,B,2023-07-16,54,F,,non_cancer
S58621,PT9904,C,2024-07-31,65,M,,non_cancer
S88458,PT2445,B,2023-07-23,56,F,,non_cancer
S10245,PT6861,C,2024-10-09,86,F,IV,cancer
S76304,PT3974,C,2024-03-23,69,M,,non_cancer
S94355,PT5246,B,2023-06-25,36,M,,non_cancer
S71046,PT8934,B,2024-02-13,42,F,,non_cancer
S56360,PT2464,A,2023-09-26,58,F,IV,cancer
S65059,PT7266,A,2023-03-22,58,F,III,cancer
S29946,PT5651,A,2023-05-23,63,M,IV,cancer
S66412,PT2796,A,2023-04-29,52,F,II,cancer
S57005,PT7755,B,2023-10-31,55,M,,non_cancer
S47084,PT2768,B,2023-08-31,49,F,,non_cancer
S16734,PT7842,A,2023-07-10,52,M,,non_cancer
S42225,PT2130,B,2023-08-09,64,M,,non_cancer
S56427,PT6303,B,2023-07-31,54,M,I,cancer
S45950,PT3335,B,2024-02-21,40,M,II,cancer
S45525,PT4018,C,2024-12-06,63,F,,non_cancer
S73152,PT2712,B,2023-09-11,43,M,,non_cancer
S44914,PT8205,B,2023-12-03,67,M,,non_cancer
S30651,PT4190,B,2023-07-30,57,F,,non_cancer
S92909,PT9764,C,2024-06-27,65,M,,non_cancer
S43898,PT5248,B,2023-10-22,50,F,,non_cancer
S67725,PT7454,B,2023-07-21,64,F,III,cancer
S32217,PT3674,A,2023-04-19,53,M,IV,cancer
S30450,PT3637,B,2023-07-14,73,M,,non_cancer
S85080,PT2997,A,2023-06-30,72,F,IV,cancer
S69644,PT5228,A,2023-04-17,73,F,II,cancer
S27327,PT7680,C,2024-08-24,58,M,,non_cancer
S52175,PT7635,C,2024-07-18,65,F,,non_cancer
S19663,PT4991,A,2023-04-03,74,M,,non_cancer
S95353,PT2392,B,2023-07-29,56,F,,non_cancer
S58491,PT4534,B,2024-04-11,65,M,,non_cancer
S56214,PT3726,B,2023-08-15,47,F,III,cancer
S10974,PT8745,A,2023-10-03,49,M,,non_cancer
S83983,PT7051,A,2023-03-14,81,F,IV,cancer
S66896,PT7470,A,2023-08-06,73,M,I,cancer
S62801,PT7151,C,2024-07-23,58,F,III,cancer
S55883,PT2142,A,2023-03-09,52,F,I,cancer
S54557,PT4876,B,2023-10-12,46,F,,non_cancer
S81490,PT9594,C,2024-06-14,62,F,,non_cancer
S61995,PT5994,B,2023-10-02,63,M,III,cancer
S41986,PT8823,A,2023-06-27,74,M,II,cancer
S94603,PT9340,A,2023-02-23,53,F,IV,cancer
S80216,PT1408,B,2023-09-14,57,F,,non_cancer
S36080,PT6301,C,2024-02-09,51,M,,non_cancer
S66157,PT6983,A,2023-03-17,57,F,IV,cancer
S43438,PT6210,C,2024-05-04,69,M,,non_cancer
S34617,PT8109,B,2023-08-28,47,M,IV,cancer
S76523,PT9979,A,2023-08-04,48,M,,non_cancer
S11963,PT4588,A,2023-08-22,48,F,,non_cancer
S30047,PT5446,A,2023-03-06,55,M,II,cancer
S85600,PT8599,A,2023-04-22,53,M,IV,cancer
S84694,PT7114,B,2023-12-08,44,M,,non_cancer
S55804,PT8552,B,2023-11-09,44,F,,non_cancer
S22626,PT5474,B,2023-06-09,56,M,,non_cancer
S56780,PT4760,C,2024-04-05,53,F,,non_cancer
S33208,PT2635,C,2024-04-07,70,M,,non_cancer
S43615,PT5825,A,2023-06-26,69,F,III,cancer
S87945,PT6956,B,2024-02-12,62,M,,non_cancer
S98933,PT7635,C,2024-12-08,65,F,,non_cancer
S48755,PT2103,C,2024-01-24,54,M,,non_cancer
S72859,PT6983,A,2023-07-04,57,F,IV,cancer
S42743,PT8325,C,2024-02-26,54,M,,non_cancer
S69065,PT1080,A,2023-03-20,78,F,,non_cancer
S53630,PT4418,C,2024-06-04,69,M,,non_cancer
S46008,PT7015,A,2023-02-11,64,M,III,cancer
S23612,PT2894,B,2023-09-28,68,F,IV,cancer
S37290,PT4611,C,2024-03-06,59,F,,non_cancer
S97829,PT4611,C,2024-07-03,59,F,,non_cancer
S76885,PT8989,B,2023-07-19,44,M,,non_cancer
S32123,PT1722,B,2023-11-23,61,M,,non_cancer
S20481,PT5800,C,2024-05-19,44,M,IV,cancer
S20205,PT7420,A,2023-04-28,69,F,IV,cancer
S97847,PT6967,B,2024-04-30,73,F,III,cancer
S11637,PT2606,B,2024-04-07,40,F,,non_cancer
S66796,PT2764,C,2024-05-18,54,F,,non_cancer
S90553,PT3250,B,2023-06-29,52,F,,non_cancer
S78813,PT1783,C,2024-02-21,45,F,,non_cancer
S21659,PT6002,B,2023-09-06,62,M,,non_cancer
S68004,PT7696,B,2023-10-15,42,M,,non_cancer
S86250,PT7485,B,2023-11-06,83,M,,non_cancer
S92440,PT7154,C,2024-10-05,56,M,III,cancer
S62474,PT3585,A,2023-08-04,50,F,III,cancer
S81541,PT2712,B,2023-12-11,43,M,,non_cancer
S70794,PT1919,A,2023-06-13,57,F,,non_cancer
S20885,PT7591,C,2024-10-17,56,F,,non_cancer
S76214,PT8044,A,2023-04-22,61,M,III,cancer
S67935,PT9023,C,2024-02-10,60,M,,non_cancer
S94756,PT1722,B,2024-03-08,61,M,,non_cancer
S60601,PT7627,A,2023-07-22,73,M,II,cancer
S92114,PT8145,A,2023-07-20,68,F,II,cancer
S92930,PT5825,A,2023-11-13,69,F,III,cancer
S97610,PT4447,B,2023-12-05,60,F,,non_cancer
S75253,PT4939,B,2023-12-22,67,F,,non_cancer
S70419,PT4161,A,2023-05-12,58,F,,non_cancer
S47525,PT2760,A,2023-04-12,59,M,III,cancer
S24161,PT7741,A,2023-06-09,57,M,III,cancer
S79243,PT9260,B,2023-09-01,59,F,III,cancer
S53148,PT3500,A,2023-04-16,66,F,II,cancer
S41339,PT4114,B,2023-09-30,49,M,,non_cancer
S98567,PT8300,A,2023-08-05,50,F,III,cancer
S31091,PT8016,A,2023-02-07,86,M,IV,cancer
S69342,PT2852,B,2023-10-02,69,M,,non_cancer
S74204,PT1902,B,2023-11-01,46,M,,non_cancer
